2024-01-01,DEV_00001,30.97
2024-01-24,DEV_00079,11.68
2024-01-02,DEV_00155,27.25
2024-01-19,DEV_00028,121.56
2024-01-05,DEV_00165,24.51
2024-01-23,DEV_00068,23.37
2024-01-06,DEV_00188,23.29
2024-01-08,DEV_00140,16.36
2024-01-27,DEV_00139,28.83
2024-01-22,DEV_00103,12.08
2024-01-19,DEV_00049,14.89
2024-01-21,DEV_00130,33.45
2024-01-30,DEV_00027,11.79
2024-01-18,DEV_00068,41.81
2024-01-03,DEV_00132,81.04
2024-01-06,DEV_00004,24.43
2024-01-18,DEV_00011,13.25
2024-01-31,DEV_00015,25.96
2024-01-30,DEV_00150,23.21
2024-01-07,DEV_00167,20.25
2024-01-20,DEV_00017,110.74
2024-01-16,DEV_00180,16
2024-01-09,DEV_00011,9
2024-01-26,DEV_00119,10.63
2024-01-12,DEV_00022,30.43
2024-01-22,DEV_00181,46.25
2024-01-07,DEV_00100,15.66
2024-01-11,DEV_00144,9.65
2024-01-02,DEV_00105,22.6
2024-01-22,DEV_00159,5.33
2024-01-15,DEV_00106,35.99
2024-01-10,DEV_00198,27.05
2024-01-01,DEV_00089,33.66
2024-01-07,DEV_00153,16.61
2024-01-24,DEV_00104,10.17
2024-01-02,DEV_00134,9.54
2024-01-28,DEV_00004,10.6
2024-01-10,DEV_00183,5.41
2024-01-30,DEV_00077,12.51
2024-01-16,DEV_00121,101.71
2024-01-08,DEV_00193,60.23
2024-01-26,DEV_00185,15.35
2024-01-12,DEV_00088,41.62
2024-01-20,DEV_00144,17.94
2024-01-24,DEV_00105,67.79
2024-01-05,DEV_00189,12.41
2024-01-29,DEV_00002,52.89
2024-01-28,DEV_00182,27.75
2024-01-25,DEV_00023,16.68
2024-01-05,DEV_00163,30
2024-01-02,DEV_00123,29.86
2024-01-11,DEV_00061,18.65
2024-01-04,DEV_00109,59.51
2024-01-25,DEV_00016,15.57
2024-01-04,DEV_00039,6.75
2024-01-10,DEV_00076,37.68
2024-01-02,DEV_00012,26.93
2024-01-06,DEV_00127,27.33
2024-01-09,DEV_00043,6.62
2024-01-13,DEV_00123,57.68
2024-01-16,DEV_00192,7.69
2024-01-13,DEV_00170,43.13
2024-01-22,DEV_00150,21.34
2024-01-29,DEV_00174,22.83
2024-01-08,DEV_00161,27.72
2024-01-10,DEV_00175,19.73
2024-01-30,DEV_00094,15.08
2024-01-16,DEV_00143,8.52
2024-01-16,DEV_00081,7.98
2024-01-22,DEV_00018,30.1
2024-01-13,DEV_00011,16.9
2024-01-02,DEV_00037,7.68
2024-01-19,DEV_00120,45.35
2024-01-06,DEV_00144,14.92
2024-01-28,DEV_00086,8.91
2024-01-14,DEV_00073,21.95
2024-01-18,DEV_00199,5.25
2024-01-16,DEV_00015,30.22
2024-01-17,DEV_00159,30.04
2024-01-08,DEV_00034,41.07
2024-01-23,DEV_00072,30.67
2024-01-28,DEV_00124,31.79
2024-01-23,DEV_00077,11.22
2024-01-18,DEV_00076,44.63
2024-01-03,DEV_00091,24.34
2024-01-30,DEV_00102,14.39
2024-01-13,DEV_00055,12.15
2024-01-22,DEV_00010,8.7
2024-01-30,DEV_00195,6.85
2024-01-13,DEV_00061,6.25
2024-01-02,DEV_00150,10.91
2024-01-08,DEV_00006,46.54
2024-01-24,DEV_00080,27.45
2024-01-20,DEV_00045,28.7
2024-01-09,DEV_00134,27.6
2024-01-31,DEV_00126,3.08
2024-01-27,DEV_00053,7.03
2024-01-28,DEV_00050,7.68
2024-01-12,DEV_00146,20.01
2024-01-23,DEV_00144,17.98
2024-01-29,DEV_00181,33.38
2024-01-31,DEV_00001,29.11
2024-01-19,DEV_00155,48.61
2024-01-24,DEV_00188,19.13
2024-01-08,DEV_00019,33.65
2024-01-01,DEV_00167,47.45
2024-01-29,DEV_00066,24.65
2024-01-19,DEV_00107,46.47
2024-01-22,DEV_00037,31.26
2024-01-28,DEV_00059,34.22
2024-01-02,DEV_00170,28.87
2024-01-05,DEV_00169,29.56
2024-01-31,DEV_00029,57.11
2024-01-07,DEV_00078,20.81
2024-01-29,DEV_00024,13.27
2024-01-19,DEV_00129,21.06
2024-01-07,DEV_00010,60.52
2024-01-01,DEV_00186,5.55
2024-01-31,DEV_00004,9.07
2024-01-28,DEV_00063,24.91
2024-01-10,DEV_00027,131.89
2024-01-15,DEV_00163,52.51
2024-01-07,DEV_00051,24.76
2024-01-10,DEV_00099,5.86
2024-01-15,DEV_00081,17.19
2024-01-17,DEV_00197,7.67
2024-01-20,DEV_00104,13.19
2024-01-26,DEV_00151,9.64
2024-01-21,DEV_00116,12.74
2024-01-15,DEV_00004,159.72
2024-01-25,DEV_00036,41.33
2024-01-15,DEV_00001,15.07
2024-01-15,DEV_00030,51.16
2024-01-13,DEV_00164,8.98
2024-01-19,DEV_00047,32.62
2024-01-08,DEV_00024,21.76
2024-01-30,DEV_00058,3.94
2024-01-07,DEV_00165,17.14
2024-01-14,DEV_00050,27.08
2024-01-04,DEV_00057,9.17
2024-01-23,DEV_00160,7.23
2024-01-22,DEV_00032,33.87
2024-01-28,DEV_00086,30.12
2024-01-27,DEV_00116,61.61
2024-01-29,DEV_00121,28.21
2024-01-20,DEV_00143,19.25
2024-01-17,DEV_00175,52.01
2024-01-11,DEV_00161,16.3
2024-01-26,DEV_00055,61.37
2024-01-27,DEV_00113,45.92
2024-01-20,DEV_00038,13.91
2024-01-06,DEV_00175,25.69
2024-01-26,DEV_00097,71.56
2024-01-01,DEV_00075,88.92
2024-01-08,DEV_00142,56.42
2024-01-14,DEV_00166,52.69
2024-01-14,DEV_00144,22.86
2024-01-26,DEV_00034,15.7
2024-01-15,DEV_00106,19.27
2024-01-23,DEV_00162,35.44
2024-01-27,DEV_00018,11.15
2024-01-07,DEV_00031,29.57
2024-01-18,DEV_00101,6.71
2024-01-08,DEV_00011,18.55
2024-01-13,DEV_00111,33.67
2024-01-05,DEV_00131,44.98
2024-01-10,DEV_00074,19.66
2024-01-29,DEV_00095,38.3
2024-01-21,DEV_00114,30.51
2024-01-24,DEV_00078,15.29
2024-01-28,DEV_00175,19.08
2024-01-16,DEV_00063,16.1
2024-01-22,DEV_00005,13.1
2024-01-28,DEV_00155,60.45
2024-01-31,DEV_00089,72.9
2024-01-08,DEV_00109,59.71
2024-01-21,DEV_00107,19.92
2024-01-26,DEV_00002,22.63
2024-01-06,DEV_00176,30.14
2024-01-25,DEV_00053,10.2
2024-01-06,DEV_00174,30.03
2024-01-10,DEV_00150,19.14
2024-01-17,DEV_00111,49.6
2024-01-20,DEV_00067,50.25
2024-01-31,DEV_00034,71.29
2024-01-09,DEV_00100,50.76
2024-01-01,DEV_00166,62.27
2024-01-08,DEV_00008,9.7
2024-01-27,DEV_00103,47.46
2024-01-20,DEV_00129,140.7
2024-01-14,DEV_00024,11.08
2024-01-07,DEV_00048,7.41
2024-01-28,DEV_00032,6.09
2024-01-19,DEV_00007,7.88
2024-01-06,DEV_00051,15.82
2024-01-18,DEV_00054,32.15
2024-01-14,DEV_00160,34.51
2024-01-16,DEV_00178,11.5
2024-01-14,DEV_00085,18.11
2024-01-02,DEV_00148,65.09
2024-01-21,DEV_00012,30.76
2024-01-12,DEV_00182,19.6
2024-01-22,DEV_00038,9.49
2024-01-23,DEV_00160,41.28
2024-01-18,DEV_00187,5.36
2024-01-08,DEV_00184,11.74
2024-01-09,DEV_00076,8.77
2024-01-25,DEV_00045,10.24
2024-01-09,DEV_00072,13.23
2024-01-14,DEV_00011,29.55
2024-01-19,DEV_00116,114.9
2024-01-27,DEV_00190,7.06
2024-01-10,DEV_00028,13.49
2024-01-13,DEV_00082,67.54
2024-01-29,DEV_00061,20.68
2024-01-11,DEV_00115,14.73
2024-01-13,DEV_00194,15.98
2024-01-30,DEV_00146,31.54
2024-01-13,DEV_00094,3.45
2024-01-02,DEV_00046,15.28
2024-01-13,DEV_00154,14.87
2024-01-21,DEV_00128,12.48
2024-01-03,DEV_00021,24.29
2024-01-11,DEV_00177,11.71
2024-01-10,DEV_00115,32.68
2024-01-15,DEV_00036,14.03
2024-01-21,DEV_00070,23.08
2024-01-22,DEV_00162,16.73
2024-01-20,DEV_00109,66.34
2024-01-23,DEV_00007,35.6
2024-01-12,DEV_00077,26.69
2024-01-04,DEV_00152,16.24
2024-01-11,DEV_00188,13.44
2024-01-14,DEV_00153,20.13
2024-01-10,DEV_00067,21.21
2024-01-16,DEV_00163,8.44
2024-01-27,DEV_00098,24.13
2024-01-09,DEV_00090,32.08
2024-01-08,DEV_00113,25.17
2024-01-10,DEV_00044,54
2024-01-14,DEV_00158,10.93
2024-01-31,DEV_00090,15.88
2024-01-13,DEV_00110,16.61
2024-01-20,DEV_00193,5.79
2024-01-27,DEV_00030,8.03
2024-01-12,DEV_00062,20.87
2024-01-30,DEV_00106,27.76
2024-01-14,DEV_00153,17.29
2024-01-31,DEV_00083,13
2024-01-22,DEV_00057,7.71
2024-01-31,DEV_00156,18.56
2024-01-30,DEV_00081,9.06
2024-01-26,DEV_00052,20.19
2024-01-31,DEV_00044,20.66
2024-01-07,DEV_00138,8.35
2024-01-11,DEV_00107,11.7
2024-01-12,DEV_00165,21.52
2024-01-22,DEV_00159,5.9
2024-01-08,DEV_00057,18.55
2024-01-27,DEV_00134,14.13
2024-01-30,DEV_00193,17.43
2024-01-23,DEV_00025,21.19
2024-01-08,DEV_00069,7.19
2024-01-21,DEV_00100,9.02
2024-01-14,DEV_00027,17.59
2024-01-09,DEV_00122,40.98
2024-01-29,DEV_00123,9.17
2024-01-22,DEV_00019,10.53
2024-01-19,DEV_00162,13.77
2024-01-24,DEV_00114,20.67
2024-01-15,DEV_00123,9.48
2024-01-02,DEV_00011,14.46
2024-01-28,DEV_00142,12.18
2024-01-21,DEV_00005,44.5
2024-01-11,DEV_00040,19.79
2024-01-01,DEV_00100,94.06
2024-01-31,DEV_00061,5.45
2024-01-29,DEV_00004,24.37
2024-01-04,DEV_00102,125.76
2024-01-26,DEV_00196,8.88
2024-01-24,DEV_00081,13.86
2024-01-21,DEV_00169,14.35
2024-01-22,DEV_00022,5.94
2024-01-14,DEV_00142,17.84
2024-01-19,DEV_00137,10.4
2024-01-17,DEV_00081,17.66
2024-01-08,DEV_00200,10.81
2024-01-21,DEV_00124,23.43
2024-01-20,DEV_00156,11.12
2024-01-28,DEV_00169,22.63
2024-01-31,DEV_00001,10.43
2024-01-27,DEV_00048,68.49
2024-01-26,DEV_00148,25.18
2024-01-07,DEV_00186,9.83
2024-01-22,DEV_00149,28.36
2024-01-01,DEV_00199,14.94
2024-01-03,DEV_00137,16.1
2024-01-25,DEV_00139,20.19
2024-01-29,DEV_00098,30.92
2024-01-09,DEV_00126,5.25
2024-01-05,DEV_00075,18.81
2024-01-15,DEV_00011,17.21
2024-01-13,DEV_00057,12.87
2024-01-05,DEV_00054,18.56
2024-01-31,DEV_00170,84.84
2024-01-09,DEV_00132,11.48
2024-01-06,DEV_00024,13.19
2024-01-31,DEV_00171,16.02
2024-01-15,DEV_00199,14.43
2024-01-26,DEV_00086,7.23
2024-01-05,DEV_00171,19.17
2024-01-19,DEV_00015,64.58
2024-01-04,DEV_00143,6.57
2024-01-12,DEV_00089,17.12
2024-01-10,DEV_00065,30.11
2024-01-08,DEV_00034,15.71
2024-01-06,DEV_00014,8.33
2024-01-11,DEV_00151,21.59
2024-01-06,DEV_00002,9.31
2024-01-18,DEV_00125,7.43
2024-01-08,DEV_00084,19.89
2024-01-12,DEV_00140,25.51
2024-01-27,DEV_00079,81.98
2024-01-01,DEV_00117,17.78
2024-01-13,DEV_00046,4.18
2024-01-07,DEV_00054,11.16
2024-01-15,DEV_00004,176.71
2024-01-07,DEV_00001,15.78
2024-01-02,DEV_00197,18.07
2024-01-18,DEV_00117,5.48
2024-01-20,DEV_00091,30.6
2024-01-09,DEV_00062,14.62
2024-01-24,DEV_00090,16.19
2024-01-25,DEV_00014,22.24
2024-01-20,DEV_00030,15.58
2024-01-27,DEV_00035,11.25
2024-01-08,DEV_00041,114.91
2024-01-25,DEV_00080,144.72
2024-01-19,DEV_00045,35.93
2024-01-11,DEV_00003,66.05
2024-01-19,DEV_00028,12.19
2024-01-17,DEV_00096,16.58
2024-01-25,DEV_00174,22.7
2024-01-17,DEV_00199,19.41
2024-01-13,DEV_00074,15.4
2024-01-01,DEV_00117,18.11
2024-01-24,DEV_00030,20.2
2024-01-21,DEV_00077,25.91
2024-01-07,DEV_00142,54.54
2024-01-16,DEV_00176,5.14
2024-01-10,DEV_00019,79.78
2024-01-12,DEV_00120,36.43
2024-01-20,DEV_00158,23.74
2024-01-10,DEV_00080,42.76
2024-01-13,DEV_00054,21.08
2024-01-25,DEV_00036,41.22
2024-01-30,DEV_00196,8.78
2024-01-23,DEV_00197,17.14
2024-01-04,DEV_00031,20.54
2024-01-10,DEV_00135,22.85
2024-01-21,DEV_00031,26.73
2024-01-10,DEV_00022,50.59
2024-01-30,DEV_00118,31.86
2024-01-26,DEV_00013,28.47
2024-01-11,DEV_00078,7.03
2024-01-15,DEV_00145,24.55
2024-01-01,DEV_00036,22.52
2024-01-07,DEV_00170,19.04
2024-01-23,DEV_00033,8.6
2024-01-13,DEV_00150,7.72
2024-01-08,DEV_00090,15.87
2024-01-17,DEV_00068,131.37
2024-01-10,DEV_00162,22.2
2024-01-22,DEV_00168,20.06
2024-01-28,DEV_00036,9.22
2024-01-18,DEV_00152,9.34
2024-01-05,DEV_00074,9.05
2024-01-29,DEV_00036,36.87
2024-01-21,DEV_00178,14.05
2024-01-29,DEV_00014,41.28
2024-01-26,DEV_00017,15.95
2024-01-02,DEV_00121,60.91
2024-01-02,DEV_00028,21.17
2024-01-16,DEV_00141,7
2024-01-10,DEV_00071,12.44
2024-01-03,DEV_00081,11.82
2024-01-21,DEV_00191,21.5
2024-01-04,DEV_00080,7.32
2024-01-18,DEV_00152,5.56
2024-01-09,DEV_00049,17.89
2024-01-19,DEV_00189,3.85
2024-01-19,DEV_00176,23.64
2024-01-13,DEV_00133,19.3
2024-01-20,DEV_00049,17.16
2024-01-29,DEV_00199,5.89
2024-01-16,DEV_00147,6.1
2024-01-14,DEV_00156,51.44
2024-01-31,DEV_00075,26.73
2024-01-06,DEV_00119,23.06
2024-01-14,DEV_00028,20.23
2024-01-12,DEV_00026,1
2024-01-13,DEV_00060,15.72
2024-01-10,DEV_00106,21.31
2024-01-07,DEV_00070,9.03
2024-01-10,DEV_00108,11.48
2024-01-27,DEV_00173,15.19
2024-01-27,DEV_00150,31.73
2024-01-08,DEV_00071,30.3
2024-01-20,DEV_00047,11.84
2024-01-06,DEV_00177,98.7
2024-01-23,DEV_00115,25.49
2024-01-26,DEV_00054,19.08
2024-01-07,DEV_00084,7.91
2024-01-05,DEV_00180,8.74
2024-01-10,DEV_00077,19.25
2024-01-23,DEV_00011,44.37
2024-01-26,DEV_00013,46.05
2024-01-18,DEV_00072,25.62
2024-01-09,DEV_00068,12.3
2024-01-12,DEV_00020,68.17
2024-01-04,DEV_00063,34.49
2024-01-25,DEV_00138,24.26
2024-01-11,DEV_00025,23.05
2024-01-29,DEV_00093,19.56
2024-01-07,DEV_00160,14.42
2024-01-21,DEV_00019,96.74
2024-01-14,DEV_00092,7.63
2024-01-19,DEV_00019,13.24
2024-01-10,DEV_00189,21.31
2024-01-11,DEV_00018,34.23
2024-01-19,DEV_00027,11.34
2024-01-05,DEV_00092,5.91
2024-01-21,DEV_00036,14.46
2024-01-03,DEV_00041,38.12
2024-01-03,DEV_00189,4.44
2024-01-17,DEV_00100,14.02
2024-01-19,DEV_00019,17.28
2024-01-23,DEV_00196,24.31
2024-01-03,DEV_00167,33.15
2024-01-25,DEV_00172,21.76
2024-01-01,DEV_00184,2.8
2024-01-03,DEV_00039,33.42
2024-01-27,DEV_00179,2.4
2024-01-30,DEV_00012,9.29
2024-01-29,DEV_00066,26.48
2024-01-17,DEV_00099,30.34
2024-01-01,DEV_00089,21.02
2024-01-26,DEV_00174,11.49
2024-01-21,DEV_00150,11.79
2024-01-30,DEV_00151,3.37
2024-01-22,DEV_00062,29.06
2024-01-23,DEV_00043,12.03
2024-01-06,DEV_00176,57.49
2024-01-13,DEV_00134,6.48
2024-01-29,DEV_00049,12.17
2024-01-25,DEV_00129,19.93
2024-01-10,DEV_00168,26.35
2024-01-04,DEV_00120,4.28
2024-01-01,DEV_00003,14.61
2024-01-22,DEV_00106,13.88
2024-01-26,DEV_00022,9.12
2024-01-09,DEV_00022,32.29
2024-01-10,DEV_00142,22.95
2024-01-24,DEV_00148,5.68
2024-01-01,DEV_00102,24.28
2024-01-09,DEV_00125,5.99
2024-01-14,DEV_00119,9.67
2024-01-27,DEV_00195,13.91
2024-01-27,DEV_00075,26.73
2024-01-30,DEV_00045,34.42
2024-01-12,DEV_00099,112.39
2024-01-01,DEV_00006,8.33
2024-01-31,DEV_00156,108.63
2024-01-28,DEV_00159,28.1
2024-01-13,DEV_00049,7.57
2024-01-24,DEV_00180,6.48
2024-01-23,DEV_00017,40.63
2024-01-14,DEV_00048,19.92
2024-01-02,DEV_00171,11.51
2024-01-30,DEV_00120,37.61
2024-01-08,DEV_00093,17.81
2024-01-03,DEV_00132,26.18
2024-01-26,DEV_00134,14.19
2024-01-28,DEV_00009,3.11
2024-01-18,DEV_00152,41.24
2024-01-09,DEV_00147,9.87
2024-01-12,DEV_00160,4.66
2024-01-03,DEV_00084,9.97
2024-01-19,DEV_00084,7.54
2024-01-19,DEV_00176,60.11
2024-01-28,DEV_00114,56.33
2024-01-19,DEV_00156,10.04
2024-01-28,DEV_00132,17.18
2024-01-28,DEV_00188,10.96
2024-01-20,DEV_00043,21.29
2024-01-14,DEV_00060,44.29
2024-01-04,DEV_00048,20.74
2024-01-03,DEV_00021,19.98
2024-01-21,DEV_00056,15.61
2024-01-28,DEV_00062,10.79
2024-01-19,DEV_00192,9.89
2024-01-19,DEV_00161,66.64
2024-01-19,DEV_00071,44.32
2024-01-05,DEV_00073,4.4
2024-01-31,DEV_00008,23.74
2024-01-22,DEV_00079,15.76
2024-01-18,DEV_00079,29.01
2024-01-08,DEV_00058,6.92
2024-01-22,DEV_00008,47.54
2024-01-10,DEV_00031,75.38
2024-01-30,DEV_00112,12.41
2024-01-20,DEV_00006,11.26
2024-01-11,DEV_00167,10.19
2024-01-28,DEV_00131,17.08
2024-01-23,DEV_00184,51.6
2024-01-29,DEV_00081,15.29
2024-01-12,DEV_00141,11.71
2024-01-13,DEV_00152,6.02
2024-01-24,DEV_00081,16.78
2024-01-31,DEV_00130,27.82
2024-01-04,DEV_00200,25.86
2024-01-08,DEV_00114,9.82
2024-01-20,DEV_00113,10.23
2024-01-14,DEV_00096,32.78
2024-01-19,DEV_00162,57.84
2024-01-13,DEV_00156,23.15
2024-01-13,DEV_00027,73.23
2024-01-04,DEV_00010,32.48
2024-01-23,DEV_00053,28.41
2024-01-12,DEV_00053,11.63
2024-01-01,DEV_00047,67.98
2024-01-26,DEV_00046,37.05
2024-01-09,DEV_00129,33.61
2024-01-13,DEV_00039,64.62
2024-01-28,DEV_00139,66.26
2024-01-07,DEV_00112,18.26
2024-01-10,DEV_00165,26.22
2024-01-28,DEV_00087,22.5
2024-01-12,DEV_00034,32.07
2024-01-02,DEV_00143,43.94
2024-01-06,DEV_00115,57.42
2024-01-03,DEV_00011,28.68
2024-01-27,DEV_00065,94.66
2024-01-17,DEV_00123,20.27
2024-01-13,DEV_00096,6.33
2024-01-13,DEV_00170,10.04
2024-01-31,DEV_00169,16.96
2024-01-27,DEV_00180,20.43
2024-01-23,DEV_00070,56.32
2024-01-15,DEV_00192,38.71
2024-01-04,DEV_00148,94.99
2024-01-29,DEV_00169,15.72
2024-01-14,DEV_00102,12.17
2024-01-07,DEV_00122,20.28
2024-01-24,DEV_00078,20.66
2024-01-30,DEV_00025,12.52
2024-01-28,DEV_00102,17.74
2024-01-02,DEV_00135,11.86
2024-01-03,DEV_00083,10.91
2024-01-21,DEV_00136,10.41
2024-01-03,DEV_00145,36.47
2024-01-12,DEV_00036,6.54
2024-01-02,DEV_00189,13.83
2024-01-25,DEV_00173,27.71
2024-01-11,DEV_00037,29.98
2024-01-25,DEV_00016,17.9
2024-01-12,DEV_00115,5.4
2024-01-22,DEV_00156,43.1
2024-01-05,DEV_00083,10.67
2024-01-13,DEV_00182,31.47
2024-01-19,DEV_00137,32.39
2024-01-08,DEV_00184,18.33
2024-01-23,DEV_00115,5.54
2024-01-21,DEV_00177,57.09
2024-01-05,DEV_00168,29.73
2024-01-19,DEV_00067,24.89
2024-01-07,DEV_00120,18.68
2024-01-30,DEV_00069,65.82
2024-01-21,DEV_00038,36.66
2024-01-15,DEV_00074,22.71
2024-01-30,DEV_00154,23.49
2024-01-16,DEV_00139,50.12
2024-01-24,DEV_00017,17.88
2024-01-31,DEV_00075,15.43
2024-01-29,DEV_00049,73.69
2024-01-20,DEV_00168,12.55
2024-01-23,DEV_00073,29.03
2024-01-15,DEV_00123,15.37
2024-01-10,DEV_00098,14.58
2024-01-19,DEV_00114,55.92
2024-01-26,DEV_00129,19.21
2024-01-30,DEV_00173,21.56
2024-01-17,DEV_00162,26.38
2024-01-07,DEV_00151,50.57
2024-01-20,DEV_00017,38.1
2024-01-29,DEV_00024,13.59
2024-01-12,DEV_00128,4.99
2024-01-21,DEV_00095,20.34
2024-01-09,DEV_00158,21.04
2024-01-22,DEV_00149,51.73
2024-01-31,DEV_00066,7.51
2024-01-19,DEV_00138,9.95
2024-01-23,DEV_00155,7.19
2024-01-13,DEV_00064,26.62
2024-01-20,DEV_00066,38.63
2024-01-11,DEV_00050,32.82
2024-01-01,DEV_00089,36.51
2024-01-16,DEV_00179,22.56
2024-01-07,DEV_00084,49.41
2024-01-31,DEV_00126,8.22
2024-01-01,DEV_00042,33.43
2024-01-18,DEV_00040,38.16
2024-01-27,DEV_00131,22.96
2024-01-31,DEV_00200,10.25
2024-01-11,DEV_00012,9.68
2024-01-12,DEV_00083,11.22
2024-01-03,DEV_00170,37.5
2024-01-14,DEV_00022,22.44
2024-01-13,DEV_00048,109.74
2024-01-14,DEV_00082,28.76
2024-01-05,DEV_00014,64.41
2024-01-09,DEV_00044,23.9
2024-01-18,DEV_00098,23.79
2024-01-09,DEV_00100,31.2
2024-01-23,DEV_00067,39.3
2024-01-23,DEV_00127,27.16
2024-01-30,DEV_00140,49.58
2024-01-30,DEV_00174,16.26
2024-01-09,DEV_00010,10.74
2024-01-08,DEV_00113,8.37
2024-01-04,DEV_00038,21.42
2024-01-22,DEV_00056,15.01
2024-01-02,DEV_00055,7.56
2024-01-29,DEV_00152,19.34
2024-01-31,DEV_00027,46.07
2024-01-04,DEV_00128,18.69
2024-01-26,DEV_00172,32.01
2024-01-13,DEV_00058,26.45
2024-01-22,DEV_00101,15.87
2024-01-24,DEV_00121,26.99
2024-01-20,DEV_00179,51.22
2024-01-29,DEV_00184,16.13
2024-01-01,DEV_00160,40.9
2024-01-20,DEV_00054,17.73
2024-01-31,DEV_00123,33.56
2024-01-06,DEV_00140,10.9
2024-01-25,DEV_00123,32.22
2024-01-31,DEV_00070,25.97
2024-01-27,DEV_00152,50.5
2024-01-24,DEV_00176,13.09
2024-01-22,DEV_00165,94.72
2024-01-25,DEV_00174,12.41
2024-01-29,DEV_00090,10.3
2024-01-27,DEV_00145,15.06
2024-01-25,DEV_00063,9.75
2024-01-03,DEV_00024,12.27
2024-01-01,DEV_00140,15.32
2024-01-30,DEV_00026,15.88
2024-01-09,DEV_00004,33.34
2024-01-05,DEV_00103,57.44
2024-01-22,DEV_00140,11.1
2024-01-22,DEV_00196,18.58
2024-01-18,DEV_00001,6.88
2024-01-08,DEV_00020,13.13
2024-01-21,DEV_00036,6.5
2024-01-12,DEV_00001,14.58
2024-01-26,DEV_00061,9.44
2024-01-02,DEV_00165,18.32
2024-01-29,DEV_00013,38.18
2024-01-23,DEV_00187,34.62
2024-01-21,DEV_00114,31.74
2024-01-01,DEV_00016,12.65
2024-01-04,DEV_00104,31.36
2024-01-10,DEV_00086,10.82
2024-01-14,DEV_00185,10.61
2024-01-31,DEV_00051,11.74
2024-01-27,DEV_00122,37.9
2024-01-26,DEV_00055,11.02
2024-01-22,DEV_00149,15.2
2024-01-21,DEV_00134,21.47
2024-01-06,DEV_00085,3.57
2024-01-13,DEV_00052,38.64
2024-01-10,DEV_00107,34.37
2024-01-20,DEV_00113,22.1
2024-01-25,DEV_00054,7.98
2024-01-13,DEV_00137,22.49
2024-01-11,DEV_00028,66.69
2024-01-18,DEV_00190,17.11
2024-01-15,DEV_00037,40.6
2024-01-30,DEV_00070,6.32
2024-01-28,DEV_00064,4.94
2024-01-16,DEV_00066,62.95
2024-01-21,DEV_00106,13.07
2024-01-10,DEV_00192,17.89
2024-01-03,DEV_00079,2.15
2024-01-22,DEV_00131,59.51
2024-01-12,DEV_00169,29.57
2024-01-07,DEV_00058,19.65
2024-01-08,DEV_00124,8.73
2024-01-31,DEV_00164,43.82
2024-01-18,DEV_00129,4.75
2024-01-07,DEV_00184,22.47
2024-01-24,DEV_00134,13.75
2024-01-01,DEV_00163,36.49
2024-01-27,DEV_00013,10.24
2024-01-06,DEV_00088,7.47
2024-01-21,DEV_00094,2.1
2024-01-07,DEV_00174,58.56
2024-01-03,DEV_00084,19.43
2024-01-30,DEV_00002,10.73
2024-01-05,DEV_00032,21.61
2024-01-21,DEV_00057,87.77
2024-01-13,DEV_00122,38.26
2024-01-24,DEV_00156,28.81
2024-01-09,DEV_00173,7.35
2024-01-04,DEV_00195,16.66
2024-01-24,DEV_00174,10.39
2024-01-17,DEV_00009,35.2
2024-01-10,DEV_00014,8.84
2024-01-12,DEV_00190,17.25
2024-01-01,DEV_00077,13.21
2024-01-18,DEV_00014,5.96
2024-01-23,DEV_00162,23.7
2024-01-27,DEV_00055,26.29
2024-01-23,DEV_00194,114.42
2024-01-04,DEV_00014,40.08
2024-01-02,DEV_00195,12.96
2024-01-20,DEV_00101,11.06
2024-01-01,DEV_00184,9.74
2024-01-05,DEV_00086,18.83
2024-01-06,DEV_00049,8.36
2024-01-05,DEV_00057,29.65
2024-01-27,DEV_00113,27.84
2024-01-15,DEV_00096,9.77
2024-01-28,DEV_00161,37.72
2024-01-07,DEV_00129,10.73
2024-01-05,DEV_00091,104.8
2024-01-27,DEV_00114,20.76
2024-01-03,DEV_00165,148.15
2024-01-22,DEV_00096,26.95
2024-01-19,DEV_00046,9.78
2024-01-29,DEV_00161,6.79
2024-01-22,DEV_00072,24.51
2024-01-21,DEV_00167,10.82
2024-01-25,DEV_00183,91.33
2024-01-10,DEV_00144,3.67
2024-01-16,DEV_00097,11.28
2024-01-23,DEV_00139,44.03
2024-01-29,DEV_00099,6.34
2024-01-08,DEV_00096,9.44
2024-01-19,DEV_00060,40.32
2024-01-22,DEV_00020,14.16
2024-01-03,DEV_00102,8.29
2024-01-09,DEV_00067,8
2024-01-10,DEV_00192,35.15
2024-01-02,DEV_00161,26.61
2024-01-10,DEV_00018,19.79
2024-01-23,DEV_00111,8.8
2024-01-06,DEV_00159,4.92
2024-01-02,DEV_00154,10.19
2024-01-05,DEV_00133,80.03
2024-01-04,DEV_00198,22.76
2024-01-06,DEV_00194,65.25
2024-01-25,DEV_00142,18.91
2024-01-25,DEV_00052,3.8
2024-01-17,DEV_00034,21.83
2024-01-11,DEV_00045,5.54
2024-01-19,DEV_00014,20
2024-01-23,DEV_00067,13.52
2024-01-30,DEV_00049,7.79
2024-01-31,DEV_00003,27.08
2024-01-16,DEV_00166,14.98
2024-01-14,DEV_00194,18.06
2024-01-23,DEV_00124,1.58
2024-01-16,DEV_00001,8.49
2024-01-20,DEV_00093,30.72
2024-01-24,DEV_00129,10.43
2024-01-22,DEV_00195,33.46
2024-01-04,DEV_00118,15.68
2024-01-14,DEV_00007,18.08
2024-01-03,DEV_00056,23.6
2024-01-13,DEV_00097,33.03
2024-01-18,DEV_00114,12.22
2024-01-23,DEV_00159,24.54
2024-01-16,DEV_00125,24.34
2024-01-14,DEV_00111,17.88
2024-01-19,DEV_00002,6.63
2024-01-22,DEV_00076,60.15
2024-01-13,DEV_00116,7.82
2024-01-02,DEV_00064,27.51
2024-01-19,DEV_00023,8.61
2024-01-15,DEV_00037,34.06
2024-01-28,DEV_00075,42.03
2024-01-07,DEV_00005,14.16
2024-01-31,DEV_00075,13.88
2024-01-20,DEV_00034,22.54
2024-01-31,DEV_00009,17.96
2024-01-24,DEV_00097,127.94
2024-01-02,DEV_00120,32.03
2024-01-26,DEV_00145,5.4
2024-01-19,DEV_00007,19.67
2024-01-04,DEV_00009,38.96
2024-01-26,DEV_00113,38.08
2024-01-08,DEV_00042,21.37
2024-01-17,DEV_00054,21.23
2024-01-19,DEV_00145,11.86
2024-01-15,DEV_00018,34.65
2024-01-24,DEV_00092,16.34
2024-01-16,DEV_00151,4.86
2024-01-04,DEV_00088,32.8
2024-01-02,DEV_00115,29.62
2024-01-24,DEV_00024,16.5
2024-01-01,DEV_00109,36.14
2024-01-09,DEV_00014,8.5
2024-01-24,DEV_00081,127.71
2024-01-27,DEV_00184,11.06
2024-01-23,DEV_00181,21.72
2024-01-25,DEV_00095,42.98
2024-01-14,DEV_00105,12.58
2024-01-21,DEV_00145,1.99
2024-01-26,DEV_00113,41.26
2024-01-25,DEV_00134,2.66
2024-01-16,DEV_00061,59.01
2024-01-11,DEV_00187,15
2024-01-24,DEV_00048,19.86
2024-01-12,DEV_00120,51.66
2024-01-13,DEV_00102,9.14
2024-01-18,DEV_00105,39.46
2024-01-24,DEV_00021,30.91
2024-01-23,DEV_00194,6.53
2024-01-05,DEV_00018,72.85
2024-01-30,DEV_00165,22.88
2024-01-20,DEV_00124,21.72
2024-01-04,DEV_00142,18.57
2024-01-09,DEV_00167,15.35
2024-01-12,DEV_00107,25.77
2024-01-27,DEV_00163,39.83
2024-01-16,DEV_00105,33.66
2024-01-31,DEV_00131,28.13
2024-01-07,DEV_00071,16.24
2024-01-23,DEV_00085,22.79
2024-01-21,DEV_00007,47.96
2024-01-28,DEV_00033,25.5
2024-01-26,DEV_00039,11.12
2024-01-04,DEV_00200,37.56
2024-01-25,DEV_00109,20.15
2024-01-27,DEV_00044,10.94
2024-01-30,DEV_00002,70.14
2024-01-18,DEV_00068,40.09
2024-01-29,DEV_00164,9.99
2024-01-04,DEV_00155,21.8
2024-01-13,DEV_00142,8.2
2024-01-12,DEV_00097,30.2
2024-01-21,DEV_00038,35.18
2024-01-17,DEV_00004,36.15
2024-01-16,DEV_00145,10.71
2024-01-31,DEV_00117,15.89
2024-01-21,DEV_00148,33.76
2024-01-14,DEV_00048,39.7
2024-01-17,DEV_00170,8.9
2024-01-21,DEV_00049,13.3
2024-01-04,DEV_00090,11.31
2024-01-22,DEV_00187,20.55
2024-01-27,DEV_00138,5.98
2024-01-31,DEV_00171,39.85
2024-01-01,DEV_00141,25.31
2024-01-26,DEV_00075,33.89
2024-01-07,DEV_00180,12.11
2024-01-20,DEV_00013,87.98
2024-01-24,DEV_00070,13.99
2024-01-21,DEV_00098,15.88
2024-01-05,DEV_00159,28.6
2024-01-06,DEV_00061,21.01
2024-01-07,DEV_00034,51.63
2024-01-14,DEV_00057,8.71
2024-01-21,DEV_00166,11.64
2024-01-17,DEV_00073,58.28
2024-01-25,DEV_00082,60.32
2024-01-04,DEV_00050,26.31
2024-01-09,DEV_00055,6.68
2024-01-19,DEV_00052,22.86
2024-01-03,DEV_00132,10.31
2024-01-10,DEV_00199,5.88
2024-01-15,DEV_00069,20.61
2024-01-03,DEV_00165,16.38
2024-01-16,DEV_00027,9.92
2024-01-24,DEV_00041,5.11
2024-01-13,DEV_00048,60.93
2024-01-03,DEV_00110,5.92
2024-01-05,DEV_00068,24.09
2024-01-30,DEV_00091,31.02
2024-01-22,DEV_00101,6.95
2024-01-31,DEV_00106,9.13
2024-01-25,DEV_00031,18.27
2024-01-10,DEV_00009,19
2024-01-02,DEV_00015,8.47
2024-01-06,DEV_00094,20.52
2024-01-09,DEV_00060,9.32
2024-01-16,DEV_00122,48.63
2024-01-18,DEV_00014,18.48
2024-01-05,DEV_00090,13.86
2024-01-29,DEV_00048,3.16
2024-01-07,DEV_00101,28.03
2024-01-04,DEV_00051,10.87
2024-01-17,DEV_00042,30.97
2024-01-29,DEV_00132,5.45
2024-01-15,DEV_00066,27.37
2024-01-08,DEV_00190,36.52
2024-01-03,DEV_00161,21.13
2024-01-11,DEV_00170,11.33
2024-01-04,DEV_00154,18.33
2024-01-09,DEV_00037,10.67
2024-01-04,DEV_00010,14.54
2024-01-04,DEV_00012,10.13
2024-01-24,DEV_00028,17.87
2024-01-31,DEV_00087,8.9
2024-01-17,DEV_00141,19.27
2024-01-13,DEV_00130,77.84
2024-01-08,DEV_00041,8.69
2024-01-10,DEV_00187,47.73
2024-01-10,DEV_00003,22.03
2024-01-23,DEV_00158,45.42
2024-01-19,DEV_00034,3.02
2024-01-20,DEV_00078,12.52
2024-01-28,DEV_00153,21.65
2024-01-12,DEV_00153,4.74
2024-01-09,DEV_00188,48.36
2024-01-12,DEV_00004,58.49
2024-01-05,DEV_00149,45.04
2024-01-09,DEV_00027,15.75
2024-01-23,DEV_00097,8.98
2024-01-07,DEV_00149,44.31
2024-01-17,DEV_00034,17.35
2024-01-30,DEV_00043,19.08
2024-01-20,DEV_00148,46.29
2024-01-25,DEV_00002,9.92
2024-01-15,DEV_00127,25.69
2024-01-21,DEV_00108,7.39
2024-01-20,DEV_00113,27.25
2024-01-13,DEV_00005,16.76
2024-01-21,DEV_00146,9.8
2024-01-09,DEV_00157,27.54
2024-01-15,DEV_00042,57.01
2024-01-29,DEV_00017,21.47
2024-01-27,DEV_00114,7
2024-01-17,DEV_00006,12.57
2024-01-31,DEV_00017,41.31
2024-01-20,DEV_00120,30.98
2024-01-22,DEV_00128,17.33
2024-01-11,DEV_00009,15.55
2024-01-26,DEV_00147,20.96
2024-01-07,DEV_00031,12.11
2024-01-21,DEV_00067,20.89
2024-01-21,DEV_00035,23.68
2024-01-08,DEV_00184,14.37
2024-01-23,DEV_00103,17.94
2024-01-17,DEV_00132,10.35
2024-01-01,DEV_00044,37.62
2024-01-24,DEV_00046,11.54
2024-01-15,DEV_00191,45.31
2024-01-30,DEV_00174,8.5
2024-01-06,DEV_00010,6.46
2024-01-08,DEV_00036,58.81
2024-01-02,DEV_00117,7.68
2024-01-22,DEV_00189,9.66
2024-01-22,DEV_00115,92.48
2024-01-31,DEV_00016,16.57
2024-01-02,DEV_00168,56.01
2024-01-17,DEV_00024,5.03
2024-01-12,DEV_00189,41.65
2024-01-16,DEV_00122,44.74
2024-01-28,DEV_00041,47.98
2024-01-06,DEV_00042,18.13
2024-01-17,DEV_00182,66.91
2024-01-01,DEV_00011,10.77
2024-01-06,DEV_00184,11.19
2024-01-13,DEV_00048,24.99
2024-01-07,DEV_00098,7.19
2024-01-18,DEV_00075,27.93
2024-01-11,DEV_00165,11.93
2024-01-15,DEV_00049,20.1
2024-01-03,DEV_00001,12.59
2024-01-07,DEV_00149,50.65
2024-01-16,DEV_00156,98.48
2024-01-05,DEV_00003,34.92
2024-01-19,DEV_00056,11.88
2024-01-30,DEV_00001,11.55
2024-01-13,DEV_00098,6.76
2024-01-27,DEV_00200,14.72
2024-01-11,DEV_00086,37.75
2024-01-01,DEV_00107,3.48
2024-01-23,DEV_00198,29.35
2024-01-06,DEV_00100,22.26
2024-01-07,DEV_00073,10.24
2024-01-15,DEV_00072,45.84
2024-01-03,DEV_00074,2.08
2024-01-24,DEV_00042,35.78
2024-01-02,DEV_00097,14.05
2024-01-06,DEV_00136,48.93
2024-01-30,DEV_00051,12.33
2024-01-29,DEV_00058,22.14
2024-01-29,DEV_00160,19.61
2024-01-17,DEV_00022,9.42
2024-01-24,DEV_00096,56.97
2024-01-08,DEV_00109,7.8
2024-01-29,DEV_00007,17.65
2024-01-05,DEV_00102,8.72
2024-01-21,DEV_00148,6.09
2024-01-08,DEV_00018,10.19
2024-01-02,DEV_00109,5.27
2024-01-24,DEV_00073,19.21
2024-01-24,DEV_00023,21.62
2024-01-02,DEV_00135,5.97
2024-01-29,DEV_00176,11.2
2024-01-12,DEV_00010,43.39
2024-01-11,DEV_00195,73.43
2024-01-23,DEV_00192,30.08
2024-01-06,DEV_00029,9.37
2024-01-16,DEV_00008,17.58
2024-01-25,DEV_00113,34.25
2024-01-14,DEV_00102,4.79
2024-01-26,DEV_00118,16.2
2024-01-02,DEV_00200,46.35
2024-01-22,DEV_00096,6.65
2024-01-06,DEV_00120,25.23
2024-01-31,DEV_00193,4.41
2024-01-26,DEV_00149,4.91
2024-01-13,DEV_00004,19.38
2024-01-22,DEV_00064,41.25
2024-01-03,DEV_00117,19.95
2024-01-25,DEV_00078,15.69
2024-01-23,DEV_00192,8.94
2024-01-09,DEV_00034,17.45
2024-01-07,DEV_00043,36.29
2024-01-30,DEV_00054,13.51
2024-01-14,DEV_00123,14.98
2024-01-18,DEV_00060,15.68
2024-01-07,DEV_00128,14.22
2024-01-09,DEV_00079,29.02
2024-01-21,DEV_00194,9.53
2024-01-01,DEV_00079,95.92
2024-01-07,DEV_00121,17.12
2024-01-16,DEV_00009,12.95
2024-01-30,DEV_00063,4.18
2024-01-31,DEV_00034,15.68
2024-01-25,DEV_00164,4.85
2024-01-26,DEV_00145,180.16
2024-01-04,DEV_00070,43.12
2024-01-02,DEV_00179,13.26
2024-01-30,DEV_00185,10.04
2024-01-16,DEV_00022,31.98
2024-01-11,DEV_00172,21.12
2024-01-06,DEV_00144,10.05
2024-01-18,DEV_00176,10.82
2024-01-08,DEV_00001,26.84
2024-01-07,DEV_00149,37.7
2024-01-22,DEV_00132,23.71
2024-01-03,DEV_00006,11.1
2024-01-26,DEV_00013,11.14
2024-01-14,DEV_00094,22.9
2024-01-08,DEV_00023,16.15
2024-01-13,DEV_00186,45.18
2024-01-08,DEV_00101,6.43
2024-01-31,DEV_00130,22.59
2024-01-10,DEV_00126,10.13
2024-01-13,DEV_00168,34.27
2024-01-31,DEV_00111,35.71
2024-01-15,DEV_00042,27.65
2024-01-06,DEV_00176,18.91
2024-01-16,DEV_00034,15.68
2024-01-15,DEV_00190,8.07
2024-01-23,DEV_00107,4.02
2024-01-09,DEV_00154,43.86
2024-01-03,DEV_00052,17.3
2024-01-23,DEV_00010,15.12
2024-01-29,DEV_00085,16.83
2024-01-07,DEV_00181,12.17
2024-01-22,DEV_00167,6.64
2024-01-15,DEV_00091,8.49
2024-01-21,DEV_00163,32.73
2024-01-07,DEV_00061,11.67
2024-01-11,DEV_00028,26.87
2024-01-01,DEV_00053,28.39
2024-01-03,DEV_00189,5.66
2024-01-13,DEV_00002,2.48
2024-01-25,DEV_00141,94.14
2024-01-20,DEV_00188,21.91
2024-01-15,DEV_00073,12.85
2024-01-31,DEV_00003,12.63
2024-01-01,DEV_00143,15.92
2024-01-27,DEV_00188,10.69
2024-01-26,DEV_00135,14.37
2024-01-15,DEV_00148,15.73
2024-01-05,DEV_00046,9.9
2024-01-04,DEV_00031,4.92
2024-01-09,DEV_00164,23.38
2024-01-19,DEV_00103,8.22
2024-01-13,DEV_00123,31.65
2024-01-16,DEV_00036,14.5
2024-01-15,DEV_00063,8.66
2024-01-02,DEV_00029,19.65
2024-01-07,DEV_00048,16.81
2024-01-20,DEV_00153,48.49
2024-01-21,DEV_00107,66.35
2024-01-05,DEV_00080,18.89
2024-01-20,DEV_00153,51.92
2024-01-21,DEV_00107,30.7
2024-01-15,DEV_00150,12.81
2024-01-24,DEV_00115,52.7
2024-01-04,DEV_00119,5.98
2024-01-02,DEV_00016,22.62
2024-01-08,DEV_00039,4.64
2024-01-01,DEV_00155,38.94
2024-01-02,DEV_00130,22.51
2024-01-17,DEV_00153,38.94
2024-01-06,DEV_00120,21.5
2024-01-03,DEV_00005,31.47
2024-01-28,DEV_00050,28.01
2024-01-07,DEV_00144,11.76
2024-01-21,DEV_00195,12.46
2024-01-06,DEV_00166,5.57
2024-01-07,DEV_00028,5.88
2024-01-26,DEV_00145,3.36
2024-01-21,DEV_00159,24.88
2024-01-02,DEV_00130,38.68
2024-01-15,DEV_00050,40.74
2024-01-16,DEV_00007,2.59
2024-01-24,DEV_00110,11.31
2024-01-24,DEV_00191,40.59
2024-01-08,DEV_00025,26.53
2024-01-28,DEV_00058,214.71
2024-01-13,DEV_00192,27.5
2024-01-25,DEV_00049,10.97
2024-01-02,DEV_00086,68.45
2024-01-23,DEV_00028,28.51
2024-01-10,DEV_00033,6.06
2024-01-09,DEV_00069,24.98
2024-01-10,DEV_00001,13.57
2024-01-10,DEV_00120,28.98
2024-01-12,DEV_00113,19.29
2024-01-04,DEV_00122,4.71
2024-01-15,DEV_00032,24.29
2024-01-10,DEV_00181,9.36
2024-01-28,DEV_00149,78.11
2024-01-18,DEV_00093,58.39
2024-01-15,DEV_00110,23.91
2024-01-04,DEV_00141,19.65
2024-01-27,DEV_00189,15.72
2024-01-05,DEV_00180,51.53
2024-01-01,DEV_00082,32.85
2024-01-20,DEV_00039,35.99
2024-01-18,DEV_00092,35.15
2024-01-21,DEV_00005,23.03
2024-01-19,DEV_00045,16.08
2024-01-06,DEV_00004,25.22
2024-01-16,DEV_00167,12.02
2024-01-02,DEV_00129,37.36
2024-01-16,DEV_00035,7.56
2024-01-31,DEV_00047,4.32
2024-01-08,DEV_00173,26.52
2024-01-06,DEV_00097,14.48
2024-01-09,DEV_00033,27.42
2024-01-11,DEV_00118,15.09
2024-01-24,DEV_00082,57.02
2024-01-21,DEV_00181,21.57
2024-01-09,DEV_00089,17.94
2024-01-19,DEV_00066,20.13
2024-01-02,DEV_00161,5.88
2024-01-25,DEV_00147,10.32
2024-01-14,DEV_00021,33.24
2024-01-03,DEV_00065,7.43
2024-01-29,DEV_00055,47.95
2024-01-09,DEV_00188,21.66
2024-01-29,DEV_00036,11.92
2024-01-05,DEV_00004,14.94
2024-01-24,DEV_00050,9.89
2024-01-15,DEV_00004,14.72
2024-01-10,DEV_00159,10.5
2024-01-03,DEV_00191,52.88
2024-01-16,DEV_00047,13.4
2024-01-04,DEV_00028,22.71
2024-01-27,DEV_00098,146.12
2024-01-28,DEV_00015,16.55
2024-01-22,DEV_00087,163.94
2024-01-24,DEV_00018,25.57
2024-01-21,DEV_00003,19.85
2024-01-31,DEV_00019,27.65
2024-01-21,DEV_00076,17.23
2024-01-01,DEV_00058,56.54
2024-01-05,DEV_00078,22.31
2024-01-06,DEV_00159,23.95
2024-01-31,DEV_00029,21.54
2024-01-23,DEV_00054,41.16
2024-01-11,DEV_00064,22.09
2024-01-05,DEV_00118,22.16
2024-01-23,DEV_00053,18.31
2024-01-25,DEV_00200,34.72
2024-01-26,DEV_00164,13.11
2024-01-03,DEV_00094,9.71
2024-01-30,DEV_00139,6.58
2024-01-09,DEV_00084,22.71
2024-01-25,DEV_00017,33.7
2024-01-03,DEV_00115,64.56
2024-01-14,DEV_00028,12.03
2024-01-31,DEV_00166,28.11
2024-01-10,DEV_00039,55.18
2024-01-04,DEV_00077,19.28
2024-01-31,DEV_00040,6.75
2024-01-19,DEV_00114,44.85
2024-01-25,DEV_00126,8.99
2024-01-21,DEV_00120,49.02
2024-01-09,DEV_00034,25.22
2024-01-09,DEV_00165,7.02
2024-01-12,DEV_00047,16.32
2024-01-31,DEV_00078,33.76
2024-01-31,DEV_00071,6.98
2024-01-09,DEV_00128,78.51
2024-01-31,DEV_00040,12.52
2024-01-11,DEV_00048,17.26
2024-01-31,DEV_00142,39.6
2024-01-07,DEV_00185,31.28
2024-01-14,DEV_00137,10.91
2024-01-15,DEV_00111,22.15
2024-01-03,DEV_00061,12.31
2024-01-28,DEV_00142,11.23
2024-01-16,DEV_00196,18.41
2024-01-19,DEV_00042,31.34
2024-01-11,DEV_00139,10.54
2024-01-23,DEV_00046,56.8
2024-01-16,DEV_00006,38.69
2024-01-30,DEV_00169,67.09
2024-01-07,DEV_00098,24.59
2024-01-01,DEV_00002,34.95
2024-01-20,DEV_00187,7.84
2024-01-04,DEV_00178,38.06
2024-01-23,DEV_00009,65.52
2024-01-31,DEV_00057,25.3
2024-01-13,DEV_00042,52.15
2024-01-11,DEV_00026,7.54
2024-01-21,DEV_00015,10.43
2024-01-28,DEV_00168,34.3
2024-01-08,DEV_00173,7.11
2024-01-10,DEV_00153,73.82
2024-01-06,DEV_00021,33.77
2024-01-01,DEV_00198,24.17
2024-01-03,DEV_00088,55.46
2024-01-17,DEV_00150,86.64
2024-01-29,DEV_00059,25.88
2024-01-26,DEV_00135,19.36
2024-01-14,DEV_00164,33.72
2024-01-14,DEV_00075,3.39
2024-01-29,DEV_00046,15.85
2024-01-05,DEV_00166,41.09
2024-01-16,DEV_00127,24.46
2024-01-20,DEV_00074,8.23
2024-01-28,DEV_00094,10.36
2024-01-28,DEV_00189,31.37
2024-01-26,DEV_00141,15.18
2024-01-09,DEV_00017,24.08
2024-01-23,DEV_00078,6.07
2024-01-05,DEV_00144,20.58
2024-01-15,DEV_00143,48.13
2024-01-14,DEV_00064,6.12
2024-01-03,DEV_00042,41.61
2024-01-15,DEV_00005,9.39
2024-01-14,DEV_00130,35.5
2024-01-11,DEV_00178,39.3
2024-01-01,DEV_00163,35.47
2024-01-06,DEV_00019,52.11
2024-01-22,DEV_00023,19.95
2024-01-05,DEV_00117,11.54
2024-01-11,DEV_00185,8.76
2024-01-22,DEV_00158,14.09
2024-01-11,DEV_00052,10.86
2024-01-21,DEV_00003,16.74
2024-01-14,DEV_00116,12.68
2024-01-26,DEV_00138,15.14
2024-01-07,DEV_00166,27.87
2024-01-13,DEV_00078,31.38
2024-01-22,DEV_00183,29.49
2024-01-31,DEV_00139,49.35
2024-01-06,DEV_00012,51.71
2024-01-23,DEV_00150,7.07
2024-01-20,DEV_00149,14.32
2024-01-02,DEV_00112,16.83
2024-01-27,DEV_00130,7.65
2024-01-08,DEV_00132,13.42
2024-01-13,DEV_00140,28.14
2024-01-28,DEV_00007,36.42
2024-01-20,DEV_00126,22.89
2024-01-19,DEV_00168,16.93
2024-01-15,DEV_00126,8.47
2024-01-06,DEV_00118,33.28
2024-01-03,DEV_00042,22.27
2024-01-06,DEV_00092,4.77
2024-01-14,DEV_00120,10.39
2024-01-17,DEV_00001,33.65
2024-01-18,DEV_00144,20.02
2024-01-19,DEV_00136,8.16
2024-01-22,DEV_00054,36.45
2024-01-07,DEV_00198,10.53
2024-01-11,DEV_00082,13.27
2024-01-20,DEV_00113,46.86
2024-01-20,DEV_00169,16.59
2024-01-08,DEV_00003,5.26
2024-01-25,DEV_00118,40.24
2024-01-03,DEV_00150,29.62
2024-01-03,DEV_00197,25.52
2024-01-05,DEV_00100,7.6
2024-01-27,DEV_00181,70.49
2024-01-21,DEV_00167,54.09
2024-01-01,DEV_00005,10.14
2024-01-01,DEV_00098,9.06
2024-01-24,DEV_00114,10
2024-01-31,DEV_00100,12.04
2024-01-08,DEV_00079,22.12
2024-01-06,DEV_00174,21.87
2024-01-28,DEV_00026,23.89
2024-01-20,DEV_00028,20.25
2024-01-05,DEV_00197,24.3
2024-01-13,DEV_00096,40.05
2024-01-04,DEV_00021,54.34
2024-01-27,DEV_00153,8.86
2024-01-07,DEV_00120,26.63
2024-01-17,DEV_00002,16.5
2024-01-19,DEV_00199,299.75
2024-01-22,DEV_00040,24.6
2024-01-22,DEV_00087,17.07
2024-01-24,DEV_00075,6.6
2024-01-30,DEV_00118,18.64
2024-01-03,DEV_00058,18.37
2024-01-06,DEV_00197,48.12
2024-01-07,DEV_00091,25.79
2024-01-07,DEV_00131,20.49
2024-01-18,DEV_00106,25.32
2024-01-16,DEV_00101,5.52
2024-01-09,DEV_00114,33.95
2024-01-06,DEV_00063,8.5
2024-01-17,DEV_00192,17.59
2024-01-12,DEV_00133,23.35
2024-01-01,DEV_00065,45.23
2024-01-08,DEV_00136,15.61
2024-01-09,DEV_00009,29.13
2024-01-10,DEV_00196,16.55
2024-01-29,DEV_00098,9.14
2024-01-23,DEV_00132,38.82
2024-01-30,DEV_00181,30.6
2024-01-30,DEV_00200,64.25
2024-01-16,DEV_00059,37.66
2024-01-14,DEV_00183,12.96
2024-01-02,DEV_00015,1.86
2024-01-01,DEV_00005,8.52
2024-01-17,DEV_00049,26.96
2024-01-19,DEV_00194,2.8
2024-01-19,DEV_00047,10.07
2024-01-18,DEV_00129,28.94
2024-01-03,DEV_00184,14.96
2024-01-01,DEV_00114,36.08
2024-01-15,DEV_00196,40.36
2024-01-14,DEV_00156,1.96
2024-01-27,DEV_00064,46.7
2024-01-22,DEV_00054,1.69
2024-01-18,DEV_00179,17.85
2024-01-06,DEV_00005,49.48
2024-01-24,DEV_00012,79.02
2024-01-05,DEV_00061,48.22
2024-01-20,DEV_00166,22.48
2024-01-13,DEV_00065,33.38
2024-01-20,DEV_00132,47.78
2024-01-18,DEV_00071,22.54
2024-01-15,DEV_00128,9.98
2024-01-11,DEV_00014,7.95
2024-01-02,DEV_00033,16.74
2024-01-09,DEV_00020,18.16
2024-01-02,DEV_00072,18.88
2024-01-29,DEV_00031,11.43
2024-01-09,DEV_00168,100.37
2024-01-26,DEV_00150,111.11
2024-01-23,DEV_00103,106.58
2024-01-11,DEV_00100,16.67
2024-01-07,DEV_00130,38.84
2024-01-14,DEV_00056,31.15
2024-01-16,DEV_00168,65.45
2024-01-29,DEV_00050,15.57
2024-01-23,DEV_00172,29.63
2024-01-11,DEV_00028,18.14
2024-01-22,DEV_00025,11.13
2024-01-03,DEV_00135,37.07
2024-01-08,DEV_00174,14.03
2024-01-17,DEV_00024,8.81
2024-01-02,DEV_00082,8.94
2024-01-08,DEV_00199,22.95
2024-01-16,DEV_00156,33.32
2024-01-25,DEV_00145,10.7
2024-01-27,DEV_00058,29.69
2024-01-23,DEV_00050,57.6
2024-01-13,DEV_00015,30.02
2024-01-21,DEV_00089,5.91
2024-01-14,DEV_00125,10.29
2024-01-05,DEV_00022,7
2024-01-29,DEV_00198,18.35
2024-01-15,DEV_00140,5.03
2024-01-13,DEV_00095,4.13
2024-01-01,DEV_00159,2.19
2024-01-28,DEV_00096,5.99
2024-01-22,DEV_00152,29.07
2024-01-04,DEV_00171,24.09
2024-01-25,DEV_00046,22.56
2024-01-03,DEV_00026,15.93
2024-01-13,DEV_00011,34.83
2024-01-18,DEV_00128,27.59
2024-01-06,DEV_00107,97.41
2024-01-12,DEV_00103,27.9
2024-01-28,DEV_00077,111.05
2024-01-22,DEV_00026,17
2024-01-28,DEV_00026,27.62
2024-01-27,DEV_00144,12.17
2024-01-26,DEV_00033,4.02
2024-01-28,DEV_00134,17.06
2024-01-13,DEV_00041,28.56
2024-01-27,DEV_00135,52.36
2024-01-04,DEV_00054,29.17
2024-01-10,DEV_00195,14.52
2024-01-29,DEV_00124,2.57
2024-01-30,DEV_00048,24.35
2024-01-10,DEV_00157,24.44
2024-01-27,DEV_00152,64.84
2024-01-13,DEV_00098,47.62
2024-01-17,DEV_00007,42.68
2024-01-09,DEV_00018,55.51
2024-01-13,DEV_00098,25.16
2024-01-04,DEV_00115,62.2
2024-01-24,DEV_00087,79.76
2024-01-24,DEV_00171,50.89
2024-01-06,DEV_00006,9.96
2024-01-04,DEV_00070,87.8
2024-01-06,DEV_00077,69.33
2024-01-24,DEV_00021,40.6
2024-01-05,DEV_00180,47.9
2024-01-22,DEV_00117,49.96
2024-01-05,DEV_00175,58.32
2024-01-13,DEV_00178,18.44
2024-01-13,DEV_00143,13.9
2024-01-03,DEV_00019,7.64
2024-01-12,DEV_00161,46.18
2024-01-05,DEV_00169,31.35
2024-01-26,DEV_00140,17.09
2024-01-02,DEV_00075,39.88
2024-01-18,DEV_00199,15.74
2024-01-04,DEV_00197,10.04
2024-01-08,DEV_00018,24.7
2024-01-16,DEV_00143,16.92
2024-01-08,DEV_00063,36.31
2024-01-31,DEV_00065,7.8
2024-01-17,DEV_00152,18.65
2024-01-13,DEV_00189,2.7
2024-01-04,DEV_00090,4.83
2024-01-03,DEV_00070,22.54
2024-01-21,DEV_00185,26.59
2024-01-19,DEV_00145,10.67
2024-01-16,DEV_00181,4.73
2024-01-01,DEV_00159,24.51
2024-01-06,DEV_00052,6.24
2024-01-05,DEV_00164,13.21
2024-01-25,DEV_00078,132.48
2024-01-28,DEV_00185,38.44
2024-01-17,DEV_00063,11.57
2024-01-02,DEV_00151,17.14
2024-01-14,DEV_00039,28.57
2024-01-09,DEV_00168,40.83
2024-01-23,DEV_00036,12.98
2024-01-01,DEV_00031,8.8
2024-01-15,DEV_00178,10.64
2024-01-16,DEV_00084,33.76
2024-01-08,DEV_00049,8.41
2024-01-31,DEV_00191,29.33
2024-01-12,DEV_00039,33.31
2024-01-06,DEV_00158,13.27
2024-01-24,DEV_00166,7.2
2024-01-06,DEV_00093,36.39
2024-01-20,DEV_00061,18.59
2024-01-05,DEV_00055,7.57
2024-01-26,DEV_00049,15.93
2024-01-08,DEV_00102,29.36
2024-01-01,DEV_00085,9.25
2024-01-13,DEV_00127,12.1
2024-01-24,DEV_00027,22.38
2024-01-28,DEV_00191,42.92
2024-01-25,DEV_00148,38.52
2024-01-16,DEV_00028,15
2024-01-05,DEV_00119,38.47
2024-01-23,DEV_00187,95.76
2024-01-12,DEV_00154,9.86
2024-01-12,DEV_00078,18.9
2024-01-17,DEV_00039,5.85
2024-01-17,DEV_00065,74.33
2024-01-25,DEV_00169,14.26
2024-01-27,DEV_00074,39.94
2024-01-02,DEV_00161,23.11
2024-01-20,DEV_00154,32.15
2024-01-12,DEV_00156,5.44
2024-01-20,DEV_00156,9.86
2024-01-10,DEV_00176,19.11
2024-01-11,DEV_00145,10
2024-01-07,DEV_00168,49.33
2024-01-20,DEV_00068,56.91
2024-01-14,DEV_00039,11.53
2024-01-19,DEV_00017,38.97
2024-01-21,DEV_00164,11.92
2024-01-26,DEV_00079,5.14
2024-01-17,DEV_00039,10.31
2024-01-07,DEV_00176,32.47
2024-01-15,DEV_00030,35.7
2024-01-27,DEV_00146,54.25
2024-01-07,DEV_00030,23.64
2024-01-29,DEV_00027,63.63
2024-01-22,DEV_00044,36.5
2024-01-24,DEV_00049,44.68
2024-01-31,DEV_00025,8.05
2024-01-19,DEV_00195,26.17
2024-01-05,DEV_00175,49.4
2024-01-09,DEV_00040,26.33
2024-01-27,DEV_00031,14.87
2024-01-25,DEV_00036,9.56
2024-01-24,DEV_00181,5.32
2024-01-09,DEV_00200,29.86
2024-01-27,DEV_00182,8.5
2024-01-12,DEV_00112,39.41
2024-01-17,DEV_00143,21.1
2024-01-11,DEV_00096,20.07
2024-01-30,DEV_00078,11.74
2024-01-02,DEV_00102,14.43
2024-01-04,DEV_00096,22.58
2024-01-26,DEV_00174,48.33
2024-01-11,DEV_00025,23.91
2024-01-09,DEV_00175,17.97
2024-01-09,DEV_00164,21.78
2024-01-21,DEV_00073,33.08
2024-01-26,DEV_00160,17.04
2024-01-22,DEV_00142,8.31
2024-01-28,DEV_00183,12.82
2024-01-23,DEV_00152,3.99
2024-01-15,DEV_00138,10.91
2024-01-21,DEV_00113,19.03
2024-01-21,DEV_00138,13.13
2024-01-13,DEV_00032,10.67
2024-01-21,DEV_00128,5.5
2024-01-15,DEV_00164,157.61
2024-01-04,DEV_00062,6.45
2024-01-14,DEV_00168,25.04
2024-01-08,DEV_00132,24.37
2024-01-04,DEV_00056,30.52
2024-01-07,DEV_00108,10.65
2024-01-14,DEV_00171,18.35
2024-01-24,DEV_00181,4.48
2024-01-16,DEV_00198,18.91
2024-01-06,DEV_00013,22.26
2024-01-02,DEV_00188,15.2
2024-01-31,DEV_00166,10.72
2024-01-31,DEV_00158,61.66
2024-01-23,DEV_00200,100.63
2024-01-28,DEV_00184,43.78
2024-01-01,DEV_00023,43.94
2024-01-23,DEV_00126,42.62
2024-01-27,DEV_00055,9.12
2024-01-19,DEV_00082,13.25
2024-01-18,DEV_00155,24.21
2024-01-23,DEV_00121,18.8
2024-01-14,DEV_00099,53.75
2024-01-16,DEV_00166,16.17
2024-01-07,DEV_00184,16.6
2024-01-21,DEV_00052,6.29
2024-01-10,DEV_00174,19.51
2024-01-04,DEV_00123,12.47
2024-01-25,DEV_00065,15.35
2024-01-23,DEV_00091,84.13
2024-01-28,DEV_00002,89.17
2024-01-18,DEV_00037,37.2
2024-01-18,DEV_00038,13.68
2024-01-01,DEV_00012,14.79
2024-01-16,DEV_00189,7.07
2024-01-31,DEV_00127,34.34
2024-01-23,DEV_00015,40.67
2024-01-29,DEV_00158,8.66
2024-01-25,DEV_00173,11.58
2024-01-21,DEV_00012,19.41
2024-01-01,DEV_00018,17.07
2024-01-21,DEV_00096,17.6
2024-01-01,DEV_00187,6.86
2024-01-23,DEV_00097,10.36
2024-01-27,DEV_00171,114.64
2024-01-19,DEV_00051,3.73
2024-01-06,DEV_00005,13.76
2024-01-04,DEV_00109,9.82
2024-01-15,DEV_00151,17.32
2024-01-31,DEV_00081,19.88
2024-01-12,DEV_00031,7.71
2024-01-23,DEV_00002,35.18
2024-01-22,DEV_00005,19.48
2024-01-24,DEV_00152,38.08
2024-01-15,DEV_00060,14.99
2024-01-11,DEV_00177,61.75
2024-01-29,DEV_00159,28.22
2024-01-10,DEV_00056,13.27
2024-01-27,DEV_00133,21.85
2024-01-03,DEV_00004,22.67
2024-01-19,DEV_00087,20.91
2024-01-01,DEV_00112,3.15
2024-01-10,DEV_00075,45.95
2024-01-18,DEV_00033,143.55
2024-01-15,DEV_00075,4.45
2024-01-19,DEV_00010,43.09
2024-01-14,DEV_00064,81.51
2024-01-09,DEV_00136,17.19
2024-01-27,DEV_00062,18.42
2024-01-21,DEV_00155,20.1
2024-01-04,DEV_00198,21.35
2024-01-04,DEV_00026,17.31
2024-01-21,DEV_00170,23.07
2024-01-17,DEV_00065,12.84
2024-01-07,DEV_00185,36.99
2024-01-18,DEV_00147,17.76
2024-01-04,DEV_00106,208.83
2024-01-20,DEV_00099,2.42
2024-01-09,DEV_00143,18.4
2024-01-24,DEV_00193,9.77
2024-01-23,DEV_00037,11.3
2024-01-26,DEV_00123,16.5
2024-01-18,DEV_00052,23.43
2024-01-25,DEV_00093,21.32
2024-01-26,DEV_00015,7.16
2024-01-10,DEV_00140,30.58
2024-01-15,DEV_00075,16.94
2024-01-02,DEV_00179,27.37
2024-01-28,DEV_00192,5.98
2024-01-26,DEV_00077,26.23
2024-01-21,DEV_00053,11.05
2024-01-24,DEV_00169,36.76
2024-01-10,DEV_00102,16.69
2024-01-24,DEV_00112,16.27
2024-01-01,DEV_00129,10.03
2024-01-25,DEV_00034,61.29
2024-01-21,DEV_00106,10.83
2024-01-03,DEV_00187,47.1
2024-01-09,DEV_00096,82.31
2024-01-08,DEV_00016,13.91
2024-01-18,DEV_00114,52.48
2024-01-30,DEV_00105,18.83
2024-01-27,DEV_00143,27.9
2024-01-18,DEV_00127,11.8
2024-01-14,DEV_00112,26.98
2024-01-06,DEV_00191,9.9
2024-01-18,DEV_00011,38.83
2024-01-03,DEV_00168,12.79
2024-01-27,DEV_00143,54.61
2024-01-24,DEV_00082,7.28
2024-01-22,DEV_00066,67.43
2024-01-16,DEV_00023,70.09
2024-01-02,DEV_00027,13.56
2024-01-23,DEV_00139,15.1
2024-01-08,DEV_00085,6.94
2024-01-25,DEV_00124,12.82
2024-01-19,DEV_00006,25.79
2024-01-07,DEV_00103,8.46
2024-01-15,DEV_00012,8.56
2024-01-16,DEV_00049,12.3
2024-01-08,DEV_00139,8.47
2024-01-19,DEV_00154,10.56
2024-01-25,DEV_00136,12.18
2024-01-29,DEV_00078,34.56
2024-01-14,DEV_00122,20.66
2024-01-08,DEV_00094,5.68
2024-01-03,DEV_00190,16.56
2024-01-31,DEV_00077,9.47
2024-01-07,DEV_00124,17.34
2024-01-13,DEV_00024,35.39
2024-01-10,DEV_00125,13.42
2024-01-30,DEV_00088,25.75
2024-01-05,DEV_00095,17.34
2024-01-20,DEV_00123,12.42
2024-01-02,DEV_00078,70.53
2024-01-26,DEV_00009,35.45
2024-01-06,DEV_00050,60.65
2024-01-28,DEV_00074,13.71
2024-01-05,DEV_00139,8.69
2024-01-11,DEV_00088,15.15
2024-01-14,DEV_00189,34.46
2024-01-09,DEV_00136,9.8
2024-01-11,DEV_00007,19.18
2024-01-04,DEV_00114,17.31
2024-01-20,DEV_00158,15.43
2024-01-04,DEV_00081,19.31
2024-01-06,DEV_00108,43.4
2024-01-24,DEV_00027,27.6
2024-01-24,DEV_00134,69.31
2024-01-19,DEV_00183,84.49
2024-01-29,DEV_00197,39.13
2024-01-25,DEV_00102,12.39
2024-01-16,DEV_00042,51.46
2024-01-31,DEV_00132,22.66
2024-01-05,DEV_00084,30.8
2024-01-11,DEV_00144,9.43
2024-01-07,DEV_00133,26.39
2024-01-26,DEV_00121,25.1
2024-01-23,DEV_00114,8.67
2024-01-17,DEV_00115,8.96
2024-01-22,DEV_00132,15.12
2024-01-20,DEV_00101,33.58
2024-01-25,DEV_00095,10.72
2024-01-04,DEV_00069,32.42
2024-01-30,DEV_00123,3.87
2024-01-27,DEV_00171,13.29
2024-01-18,DEV_00154,4.32
2024-01-25,DEV_00018,20.86
2024-01-16,DEV_00076,6.51
2024-01-27,DEV_00015,9.65
2024-01-24,DEV_00075,6.63
2024-01-17,DEV_00015,18.26
2024-01-02,DEV_00172,33.72
2024-01-06,DEV_00171,12.23
2024-01-08,DEV_00165,25.69
2024-01-26,DEV_00100,8.72
2024-01-11,DEV_00118,6.75
2024-01-30,DEV_00098,11.97
2024-01-01,DEV_00009,11.51
2024-01-06,DEV_00054,14.72
2024-01-31,DEV_00124,39.55
2024-01-07,DEV_00036,37.53
2024-01-30,DEV_00030,15.73
2024-01-03,DEV_00021,37.73
2024-01-21,DEV_00136,62.54
2024-01-07,DEV_00189,68.64
2024-01-22,DEV_00042,19.27
2024-01-03,DEV_00195,10.03
2024-01-21,DEV_00091,4
2024-01-30,DEV_00163,18.46
2024-01-23,DEV_00116,28.36
2024-01-14,DEV_00059,23.65
2024-01-16,DEV_00179,25.54
2024-01-11,DEV_00126,17.75
2024-01-31,DEV_00196,19
2024-01-03,DEV_00031,27.92
2024-01-13,DEV_00132,40.05
2024-01-16,DEV_00141,30.42
2024-01-16,DEV_00138,41.35
2024-01-06,DEV_00085,21.17
2024-01-08,DEV_00061,153.68
2024-01-22,DEV_00062,11.93
2024-01-14,DEV_00150,31.86
2024-01-03,DEV_00109,75.42
2024-01-08,DEV_00023,15.64
2024-01-31,DEV_00186,17.22
2024-01-11,DEV_00049,18.88
2024-01-04,DEV_00115,8.91
2024-01-22,DEV_00005,40.58
2024-01-23,DEV_00027,5.34
2024-01-12,DEV_00105,69.55
2024-01-18,DEV_00132,15.12
2024-01-02,DEV_00146,7.66
2024-01-17,DEV_00159,103.32
2024-01-24,DEV_00077,16.57
2024-01-10,DEV_00159,57.41
2024-01-22,DEV_00037,6.28
2024-01-09,DEV_00027,48.68
2024-01-18,DEV_00136,69.44
2024-01-01,DEV_00013,36.43
2024-01-25,DEV_00197,12.5
2024-01-27,DEV_00195,11.63
2024-01-05,DEV_00030,18.02
2024-01-21,DEV_00136,22.14
2024-01-29,DEV_00067,10.92
2024-01-01,DEV_00114,5.64
2024-01-07,DEV_00097,27.28
2024-01-26,DEV_00155,6.42
2024-01-20,DEV_00091,13.52
2024-01-26,DEV_00157,37.34
2024-01-18,DEV_00166,20.09
2024-01-08,DEV_00113,64.12
2024-01-07,DEV_00166,31.44
2024-01-13,DEV_00098,46.2
2024-01-22,DEV_00152,4.6
2024-01-15,DEV_00110,17.71
2024-01-17,DEV_00105,13
2024-01-14,DEV_00005,21.55
2024-01-26,DEV_00061,30
2024-01-10,DEV_00160,50.31
2024-01-31,DEV_00025,10.36
2024-01-14,DEV_00014,10.83
2024-01-05,DEV_00181,8.15
2024-01-31,DEV_00095,93.84
2024-01-10,DEV_00190,118.93
2024-01-21,DEV_00150,70.67
2024-01-06,DEV_00115,5.93
2024-01-22,DEV_00194,17.73
2024-01-14,DEV_00036,40.44
2024-01-19,DEV_00132,5.95
2024-01-17,DEV_00042,14.62
2024-01-26,DEV_00197,25.23
2024-01-21,DEV_00087,4
2024-01-07,DEV_00132,291.94
2024-01-25,DEV_00132,44.96
2024-01-02,DEV_00060,19.91
2024-01-11,DEV_00025,5.19
2024-01-05,DEV_00143,9.88
2024-01-13,DEV_00014,23.13
2024-01-21,DEV_00019,2.97
2024-01-02,DEV_00015,8
2024-01-20,DEV_00004,17.25
2024-01-07,DEV_00053,12.27
2024-01-11,DEV_00007,13.03
2024-01-04,DEV_00039,56.32
2024-01-10,DEV_00075,7.68
2024-01-29,DEV_00162,53.66
2024-01-14,DEV_00033,29.09
2024-01-03,DEV_00150,16.24
2024-01-09,DEV_00037,25.47
2024-01-27,DEV_00134,5.51
2024-01-04,DEV_00048,7.14
2024-01-17,DEV_00025,10.55
2024-01-01,DEV_00123,2.75
2024-01-04,DEV_00110,19.76
2024-01-02,DEV_00090,18.95
2024-01-08,DEV_00116,42.81
2024-01-18,DEV_00178,13.48
2024-01-20,DEV_00025,2.11
2024-01-30,DEV_00054,181.88
2024-01-31,DEV_00157,11.7
2024-01-30,DEV_00093,10.11
2024-01-25,DEV_00088,19.32
2024-01-24,DEV_00143,17.71
2024-01-23,DEV_00070,51.12
2024-01-14,DEV_00042,18.87
2024-01-08,DEV_00158,20.92
2024-01-23,DEV_00005,12.05
2024-01-03,DEV_00054,8.11
2024-01-27,DEV_00115,17.06
2024-01-01,DEV_00099,7.69
2024-01-01,DEV_00093,74.51
2024-01-05,DEV_00050,43.5
2024-01-10,DEV_00112,11.53
2024-01-16,DEV_00161,37.28
2024-01-28,DEV_00026,8.08
2024-01-16,DEV_00135,32.66
2024-01-14,DEV_00200,62.71
2024-01-25,DEV_00094,5.42
2024-01-02,DEV_00149,28.29
2024-01-19,DEV_00115,10.57
2024-01-16,DEV_00107,11.6
2024-01-15,DEV_00005,8.6
2024-01-10,DEV_00064,21.05
2024-01-18,DEV_00032,20.4
2024-01-18,DEV_00039,84.33
2024-01-11,DEV_00076,9.19
2024-01-26,DEV_00058,32.76
2024-01-07,DEV_00061,18.24
2024-01-19,DEV_00194,12.42
2024-01-10,DEV_00095,46.26
2024-01-10,DEV_00061,68.81
2024-01-02,DEV_00084,53.59
2024-01-23,DEV_00198,16.07
2024-01-21,DEV_00040,7.96
2024-01-05,DEV_00187,37.82
2024-01-12,DEV_00051,18.89
2024-01-28,DEV_00028,12.02
2024-01-23,DEV_00101,26.66
2024-01-31,DEV_00070,22.75
2024-01-08,DEV_00038,18.35
2024-01-11,DEV_00176,39.34
2024-01-03,DEV_00069,22.94
2024-01-25,DEV_00156,31.94
2024-01-26,DEV_00064,16.18
2024-01-14,DEV_00139,4.65
2024-01-25,DEV_00160,50.51
2024-01-22,DEV_00020,6.5
2024-01-08,DEV_00024,4.14
2024-01-03,DEV_00024,21.07
2024-01-31,DEV_00155,25.35
2024-01-24,DEV_00118,9.79
2024-01-07,DEV_00046,69.32
2024-01-25,DEV_00110,42.76
2024-01-02,DEV_00093,20.34
2024-01-09,DEV_00078,5.72
2024-01-17,DEV_00131,18.84
2024-01-07,DEV_00016,26.1
2024-01-07,DEV_00019,23.09
2024-01-12,DEV_00028,10.09
2024-01-15,DEV_00070,73.44
2024-01-28,DEV_00066,76.14
2024-01-31,DEV_00168,46.27
2024-01-02,DEV_00012,92.01
2024-01-06,DEV_00124,2.16
2024-01-03,DEV_00087,20.17
2024-01-07,DEV_00154,27.86
2024-01-08,DEV_00024,68
2024-01-28,DEV_00160,11.65
2024-01-10,DEV_00042,37.81
2024-01-19,DEV_00141,32.66
2024-01-26,DEV_00035,17.17
2024-01-24,DEV_00143,7.11
2024-01-12,DEV_00117,50.82
2024-01-29,DEV_00107,11.57
2024-01-26,DEV_00100,2.13
2024-01-16,DEV_00121,46.39
2024-01-24,DEV_00001,7.83
2024-01-25,DEV_00056,11.92
2024-01-13,DEV_00100,38.42
2024-01-26,DEV_00092,18.57
2024-01-07,DEV_00196,7.7
2024-01-30,DEV_00072,36.08
2024-01-02,DEV_00049,23.22
2024-01-30,DEV_00054,12.13
2024-01-04,DEV_00042,29.4
2024-01-15,DEV_00184,5.65
2024-01-23,DEV_00161,14.34
2024-01-11,DEV_00165,18.97
2024-01-14,DEV_00083,18.91
2024-01-23,DEV_00023,14.32
2024-01-22,DEV_00114,14.72
2024-01-19,DEV_00140,5.15
2024-01-23,DEV_00115,8.27
2024-01-14,DEV_00180,28.14
2024-01-26,DEV_00148,14.37
2024-01-24,DEV_00044,18.89
2024-01-19,DEV_00151,34.94
2024-01-01,DEV_00082,9.18
2024-01-08,DEV_00009,31.5
2024-01-20,DEV_00059,9.8
2024-01-08,DEV_00022,11.57
2024-01-08,DEV_00149,44.76
2024-01-23,DEV_00149,9.46
2024-01-14,DEV_00046,16.54
2024-01-19,DEV_00013,20.14
2024-01-07,DEV_00179,29.97
2024-01-01,DEV_00126,25.96
2024-01-05,DEV_00196,34.89
2024-01-30,DEV_00067,6.86
2024-01-26,DEV_00131,11.64
2024-01-24,DEV_00072,9.76
2024-01-29,DEV_00174,43.14
2024-01-05,DEV_00198,58.68
2024-01-20,DEV_00048,45.86
2024-01-19,DEV_00034,42.98
2024-01-30,DEV_00102,6.67
2024-01-16,DEV_00011,11.32
2024-01-19,DEV_00102,55.18
2024-01-02,DEV_00004,31.86
2024-01-21,DEV_00169,18.96
2024-01-02,DEV_00096,25.16
2024-01-05,DEV_00066,7.05
2024-01-07,DEV_00158,4
2024-01-13,DEV_00179,163.85
2024-01-21,DEV_00044,14.5
2024-01-01,DEV_00059,42.91
2024-01-12,DEV_00113,31.37
2024-01-18,DEV_00189,5.91
2024-01-17,DEV_00008,13.78
2024-01-07,DEV_00173,15.68
2024-01-31,DEV_00141,23.58
2024-01-10,DEV_00043,29.22
2024-01-03,DEV_00190,17.15
2024-01-29,DEV_00047,15.46
2024-01-17,DEV_00111,6.88
2024-01-31,DEV_00135,15.75
2024-01-20,DEV_00149,9.21
2024-01-12,DEV_00056,6.35
2024-01-07,DEV_00108,55.26
2024-01-12,DEV_00135,47.17
2024-01-23,DEV_00075,34.62
2024-01-11,DEV_00099,18.09
2024-01-14,DEV_00036,9.71
2024-01-22,DEV_00007,22.01
2024-01-25,DEV_00010,14.27
2024-01-31,DEV_00084,20.4
2024-01-25,DEV_00139,24.4
2024-01-05,DEV_00163,13.03
2024-01-23,DEV_00109,79.39
2024-01-28,DEV_00122,13.93
2024-01-28,DEV_00119,34.87
2024-01-10,DEV_00093,67.45
2024-01-20,DEV_00128,16.59
2024-01-20,DEV_00023,104.22
2024-01-06,DEV_00080,24.97
2024-01-23,DEV_00131,13.92
2024-01-12,DEV_00052,19.84
2024-01-21,DEV_00029,18.77
2024-01-16,DEV_00159,10.13
2024-01-20,DEV_00098,29.55
2024-01-13,DEV_00175,23.46
2024-01-05,DEV_00009,22.76
2024-01-04,DEV_00083,51.87
2024-01-17,DEV_00049,24
2024-01-17,DEV_00072,17.06
2024-01-16,DEV_00158,38.82
2024-01-15,DEV_00009,7.99
2024-01-23,DEV_00057,7.03
2024-01-03,DEV_00023,11.41
2024-01-07,DEV_00079,3.72
2024-01-17,DEV_00110,16.02
2024-01-17,DEV_00101,17.08
2024-01-17,DEV_00094,27.3
2024-01-21,DEV_00113,18.03
2024-01-31,DEV_00036,32.7
2024-01-09,DEV_00055,21.38
2024-01-29,DEV_00067,8.84
2024-01-23,DEV_00096,14.46
2024-01-21,DEV_00001,36.64
2024-01-28,DEV_00086,111.34
2024-01-17,DEV_00080,48.38
2024-01-05,DEV_00150,24.58
2024-01-16,DEV_00038,31.32
2024-01-12,DEV_00178,25.98
2024-01-24,DEV_00019,12.2
2024-01-19,DEV_00158,17.15
2024-01-17,DEV_00119,31.39
2024-01-02,DEV_00114,16.55
2024-01-15,DEV_00028,11.99
2024-01-31,DEV_00125,15.6
2024-01-03,DEV_00164,85.37
2024-01-24,DEV_00031,6.1
2024-01-14,DEV_00025,26.42
2024-01-15,DEV_00175,17.57
2024-01-30,DEV_00048,46.04
2024-01-16,DEV_00038,18.58
2024-01-18,DEV_00032,32.03
2024-01-31,DEV_00095,18.31
2024-01-18,DEV_00108,59.81
2024-01-18,DEV_00079,32.23
2024-01-10,DEV_00119,22.79
2024-01-31,DEV_00157,25.66
2024-01-14,DEV_00024,37.71
2024-01-25,DEV_00055,29.19
2024-01-12,DEV_00162,65.13
2024-01-21,DEV_00077,10.26
2024-01-26,DEV_00131,33.2
2024-01-15,DEV_00123,18.21
2024-01-22,DEV_00079,33.2
2024-01-01,DEV_00091,2.9
2024-01-02,DEV_00005,30.01
2024-01-31,DEV_00029,36.61
2024-01-26,DEV_00049,40.91
2024-01-16,DEV_00055,11.75
2024-01-12,DEV_00093,26.91
2024-01-03,DEV_00034,13.55
2024-01-04,DEV_00130,20.24
2024-01-26,DEV_00023,7.33
2024-01-03,DEV_00158,113.43
2024-01-29,DEV_00170,3.33
2024-01-07,DEV_00014,12.57
2024-01-06,DEV_00064,21.93
2024-01-07,DEV_00038,25.47
2024-01-03,DEV_00133,56.69
2024-01-01,DEV_00109,41.59
2024-01-24,DEV_00121,32.28
2024-01-30,DEV_00012,11.69
2024-01-01,DEV_00066,19.56
2024-01-13,DEV_00121,34.42
2024-01-08,DEV_00169,27.38
2024-01-15,DEV_00164,25.81
2024-01-21,DEV_00198,12.62
2024-01-19,DEV_00080,29.76
2024-01-21,DEV_00139,31.56
2024-01-08,DEV_00092,4.34
2024-01-30,DEV_00071,17.92
2024-01-30,DEV_00150,6.16
2024-01-17,DEV_00024,4.94
2024-01-04,DEV_00081,32.85
2024-01-13,DEV_00160,7.92
2024-01-20,DEV_00191,52.66
2024-01-24,DEV_00142,24.46
2024-01-09,DEV_00154,27.95
2024-01-25,DEV_00167,21.93
2024-01-19,DEV_00045,28.31
2024-01-28,DEV_00101,18.67
2024-01-27,DEV_00080,17.05
2024-01-14,DEV_00015,29.8
2024-01-06,DEV_00132,15.32
2024-01-21,DEV_00097,1.52
2024-01-01,DEV_00050,21.35
2024-01-17,DEV_00192,13.95
2024-01-01,DEV_00195,8.94
2024-01-29,DEV_00149,13.93
2024-01-22,DEV_00018,13.89
2024-01-16,DEV_00171,18.39
2024-01-19,DEV_00167,8.54
2024-01-22,DEV_00116,12.44
2024-01-08,DEV_00155,27.5
2024-01-02,DEV_00052,52.12
2024-01-05,DEV_00084,59.21
2024-01-31,DEV_00027,11.83
2024-01-29,DEV_00132,4.91
2024-01-02,DEV_00161,25.4
2024-01-15,DEV_00170,8.76
2024-01-23,DEV_00143,41.82
2024-01-02,DEV_00034,17.55
2024-01-11,DEV_00119,10.94
2024-01-30,DEV_00153,13.12
2024-01-20,DEV_00112,46.14
2024-01-07,DEV_00067,1.75
2024-01-09,DEV_00068,57.78
2024-01-05,DEV_00163,18.3
2024-01-05,DEV_00126,33.61
2024-01-12,DEV_00131,9.51
2024-01-21,DEV_00044,19.78
2024-01-29,DEV_00075,48.51
2024-01-23,DEV_00118,28.73
2024-01-02,DEV_00037,70.89
2024-01-25,DEV_00144,68.42
2024-01-06,DEV_00091,54.06
2024-01-05,DEV_00124,16.32
2024-01-01,DEV_00156,38.1
2024-01-13,DEV_00180,19.37
2024-01-17,DEV_00200,54.01
2024-01-15,DEV_00101,7.22
2024-01-25,DEV_00005,6.69
2024-01-07,DEV_00019,47.72
2024-01-02,DEV_00102,12.45
2024-01-25,DEV_00013,8.24
2024-01-06,DEV_00123,17.41
2024-01-30,DEV_00178,9.63
2024-01-30,DEV_00194,4.27
2024-01-31,DEV_00027,5.78
2024-01-28,DEV_00159,18.12
2024-01-13,DEV_00122,2.48
2024-01-04,DEV_00161,25.69
2024-01-29,DEV_00147,24.74
2024-01-09,DEV_00073,17.63
2024-01-03,DEV_00161,19.52
2024-01-05,DEV_00049,92.5
2024-01-13,DEV_00039,24.47
2024-01-01,DEV_00119,14.86
2024-01-24,DEV_00115,44.39
2024-01-13,DEV_00188,14.06
2024-01-28,DEV_00155,8.72
2024-01-27,DEV_00096,29.31
2024-01-02,DEV_00133,5.74
2024-01-28,DEV_00017,6.48
2024-01-13,DEV_00064,58.81
2024-01-06,DEV_00016,37.59
2024-01-02,DEV_00189,37.19
2024-01-03,DEV_00152,7.88
2024-01-26,DEV_00114,12.72
2024-01-09,DEV_00131,95.54
2024-01-29,DEV_00134,12.87
2024-01-01,DEV_00051,7.58
2024-01-23,DEV_00013,60.84
2024-01-01,DEV_00009,43.64
2024-01-27,DEV_00155,9.61
2024-01-22,DEV_00081,4.4
2024-01-19,DEV_00050,20.58
2024-01-25,DEV_00068,22.42
2024-01-14,DEV_00058,50.49
2024-01-31,DEV_00001,49.31
2024-01-27,DEV_00175,38.15
2024-01-29,DEV_00170,14.16
2024-01-02,DEV_00162,10.03
2024-01-28,DEV_00032,25.79
2024-01-21,DEV_00063,102.65
2024-01-08,DEV_00107,17.76
2024-01-26,DEV_00113,20.49
2024-01-01,DEV_00116,53.87
2024-01-29,DEV_00051,72.65
2024-01-12,DEV_00151,10.95
2024-01-08,DEV_00167,24.7
2024-01-07,DEV_00126,33.89
2024-01-27,DEV_00153,6.17
2024-01-10,DEV_00010,11.65
2024-01-15,DEV_00048,19.58
2024-01-26,DEV_00086,22.37
2024-01-11,DEV_00168,79.55
2024-01-14,DEV_00190,60.88
2024-01-19,DEV_00107,30.89
2024-01-27,DEV_00007,25.07
2024-01-18,DEV_00014,21.31
2024-01-07,DEV_00133,22.91
2024-01-26,DEV_00182,59.16
2024-01-02,DEV_00043,39.05
2024-01-20,DEV_00173,27.03
2024-01-22,DEV_00088,8.37
2024-01-18,DEV_00139,58.47
2024-01-10,DEV_00020,13.37
2024-01-07,DEV_00015,11.89
2024-01-16,DEV_00043,17.54
2024-01-12,DEV_00141,9.19
2024-01-05,DEV_00159,40.4
2024-01-25,DEV_00192,9.58
2024-01-07,DEV_00084,17.47
2024-01-25,DEV_00063,14.66
2024-01-31,DEV_00048,12.34
2024-01-25,DEV_00139,9.24
2024-01-22,DEV_00046,43.32
2024-01-25,DEV_00092,368.78
2024-01-30,DEV_00199,8.29
2024-01-07,DEV_00013,12.43
2024-01-22,DEV_00017,39.32
2024-01-30,DEV_00046,14.03
2024-01-02,DEV_00157,29.39
2024-01-30,DEV_00150,6.84
2024-01-13,DEV_00099,63.48
2024-01-26,DEV_00122,45.41
2024-01-11,DEV_00015,79.22
2024-01-24,DEV_00152,74.95
2024-01-28,DEV_00179,30.24
2024-01-01,DEV_00095,20.1
2024-01-02,DEV_00054,37.13
2024-01-09,DEV_00114,2.2
2024-01-14,DEV_00026,72.28
2024-01-25,DEV_00022,22.23
2024-01-18,DEV_00167,22.44
2024-01-07,DEV_00146,22.93
2024-01-20,DEV_00103,25.14
2024-01-09,DEV_00115,9.36
2024-01-30,DEV_00150,7.6
2024-01-23,DEV_00086,37.46
2024-01-29,DEV_00109,8.41
2024-01-01,DEV_00104,21.84
2024-01-27,DEV_00020,124.19
2024-01-09,DEV_00163,16.89
2024-01-22,DEV_00107,38.19
2024-01-11,DEV_00191,12.89
2024-01-01,DEV_00008,61.56
2024-01-25,DEV_00025,15.57
2024-01-07,DEV_00011,12.39
2024-01-09,DEV_00048,63.23
2024-01-12,DEV_00009,12.67
2024-01-09,DEV_00188,36.4
2024-01-12,DEV_00041,95.19
2024-01-20,DEV_00016,30.77
2024-01-09,DEV_00173,7.43
2024-01-27,DEV_00010,17.29
2024-01-14,DEV_00035,34.25
2024-01-15,DEV_00181,20.88
2024-01-10,DEV_00164,36.64
2024-01-18,DEV_00119,15.62
2024-01-22,DEV_00197,19.36
2024-01-29,DEV_00072,44.86
2024-01-31,DEV_00092,9.09
2024-01-07,DEV_00028,10.23
2024-01-23,DEV_00145,6.38
2024-01-15,DEV_00087,29.44
2024-01-07,DEV_00041,10.12
2024-01-26,DEV_00047,57.88
2024-01-24,DEV_00150,6.73
2024-01-30,DEV_00034,13.36
2024-01-27,DEV_00148,29.34
2024-01-17,DEV_00122,26.18
2024-01-29,DEV_00180,95.62
2024-01-01,DEV_00039,72.72
2024-01-14,DEV_00069,18.27
2024-01-23,DEV_00022,22.41
2024-01-03,DEV_00023,51.41
2024-01-04,DEV_00024,32.66
2024-01-21,DEV_00080,72.88
2024-01-16,DEV_00152,8.81
2024-01-26,DEV_00096,28.55
2024-01-07,DEV_00180,39.44
2024-01-19,DEV_00139,32.31
2024-01-08,DEV_00121,17.22
2024-01-05,DEV_00153,3.57
2024-01-10,DEV_00175,30.73
2024-01-25,DEV_00119,27.67
2024-01-22,DEV_00103,20.99
2024-01-13,DEV_00036,9.02
2024-01-21,DEV_00180,10.2
2024-01-25,DEV_00154,11.66
2024-01-24,DEV_00061,18.39
2024-01-08,DEV_00195,17.79
2024-01-10,DEV_00024,55.89
2024-01-04,DEV_00097,15.32
2024-01-04,DEV_00036,7.97
2024-01-03,DEV_00007,40.85
2024-01-13,DEV_00161,89.65
2024-01-07,DEV_00121,5.55
2024-01-10,DEV_00096,7.29
2024-01-01,DEV_00078,17.86
2024-01-22,DEV_00030,14.17
2024-01-17,DEV_00188,13.46
2024-01-01,DEV_00143,41.52
2024-01-20,DEV_00007,26.86
2024-01-17,DEV_00147,16.04
2024-01-13,DEV_00135,18.58
2024-01-06,DEV_00074,6.37
2024-01-29,DEV_00148,14.12
2024-01-24,DEV_00196,46.84
2024-01-24,DEV_00034,67.54
2024-01-07,DEV_00137,12.4
2024-01-13,DEV_00025,7.11
2024-01-04,DEV_00129,28.25
2024-01-06,DEV_00091,4.03
2024-01-13,DEV_00146,24.17
2024-01-17,DEV_00075,44.51
2024-01-23,DEV_00087,57.37
2024-01-04,DEV_00158,17.7
2024-01-01,DEV_00122,27.35
2024-01-08,DEV_00037,44.27
2024-01-08,DEV_00010,28.22
2024-01-28,DEV_00170,10.1
2024-01-22,DEV_00117,18.67
2024-01-05,DEV_00113,34.84
2024-01-10,DEV_00076,31.14
2024-01-14,DEV_00052,8.7
2024-01-08,DEV_00012,21.19
2024-01-31,DEV_00037,67.05
2024-01-16,DEV_00053,26.4
2024-01-15,DEV_00120,47.52
2024-01-02,DEV_00151,27.87
2024-01-07,DEV_00068,25.07
2024-01-09,DEV_00179,24.31
2024-01-14,DEV_00118,23.46
2024-01-14,DEV_00170,25.59
2024-01-25,DEV_00039,5.21
2024-01-19,DEV_00165,21.16
2024-01-25,DEV_00121,14.32
2024-01-23,DEV_00149,26.98
2024-01-28,DEV_00096,83.55
2024-01-23,DEV_00124,9.08
2024-01-02,DEV_00112,28.04
2024-01-20,DEV_00040,21.97
2024-01-30,DEV_00090,4.14
2024-01-11,DEV_00122,22.13
2024-01-15,DEV_00093,68.14
2024-01-24,DEV_00001,13.3
2024-01-19,DEV_00008,38.28
2024-01-16,DEV_00101,69.72
2024-01-27,DEV_00184,17.6
2024-01-17,DEV_00002,69.78
2024-01-03,DEV_00001,6.96
2024-01-13,DEV_00079,13.9
2024-01-24,DEV_00095,12.59
2024-01-15,DEV_00141,13.43
2024-01-22,DEV_00105,17.22
2024-01-12,DEV_00098,11.72
2024-01-02,DEV_00098,41.6
2024-01-31,DEV_00161,20.04
2024-01-28,DEV_00166,9.84
2024-01-29,DEV_00061,11.13
2024-01-19,DEV_00150,120.55
2024-01-21,DEV_00039,15.8
2024-01-18,DEV_00021,99.46
2024-01-15,DEV_00151,48.32
2024-01-16,DEV_00139,34.95
2024-01-20,DEV_00161,16.31
2024-01-15,DEV_00109,9.19
2024-01-03,DEV_00155,61.82
2024-01-19,DEV_00016,3.35
2024-01-06,DEV_00001,17.83
2024-01-26,DEV_00072,12.16
2024-01-08,DEV_00036,6.81
2024-01-20,DEV_00031,21.04
2024-01-10,DEV_00132,40.59
2024-01-16,DEV_00038,3.78
2024-01-07,DEV_00032,13.07
2024-01-27,DEV_00006,41.66
2024-01-07,DEV_00189,66.39
2024-01-20,DEV_00173,55.3
2024-01-23,DEV_00127,44.96
2024-01-15,DEV_00167,14.41
2024-01-30,DEV_00101,13.62
2024-01-01,DEV_00082,63.74
2024-01-14,DEV_00077,20.11
2024-01-07,DEV_00143,30.24
2024-01-23,DEV_00017,19.97
2024-01-05,DEV_00197,6.1
2024-01-05,DEV_00143,34.07
2024-01-08,DEV_00069,10.05
2024-01-31,DEV_00146,36.22
2024-01-07,DEV_00144,18.06
2024-01-29,DEV_00079,51.4
2024-01-28,DEV_00065,29.07
2024-01-22,DEV_00051,9.25
2024-01-07,DEV_00184,10.58
2024-01-06,DEV_00172,16.95
2024-01-06,DEV_00160,6.33
2024-01-09,DEV_00157,25.95
2024-01-31,DEV_00089,49.86
2024-01-26,DEV_00010,15.25
2024-01-21,DEV_00125,28.56
2024-01-23,DEV_00191,40.47
2024-01-17,DEV_00106,32.65
2024-01-07,DEV_00167,31.89
2024-01-12,DEV_00031,12.86
2024-01-14,DEV_00126,10.95
2024-01-13,DEV_00052,20.16
2024-01-17,DEV_00132,42.79
2024-01-13,DEV_00012,7.73
2024-01-26,DEV_00194,10.16
2024-01-05,DEV_00169,66.8
2024-01-12,DEV_00143,63
2024-01-26,DEV_00033,51.83
2024-01-08,DEV_00093,8.4
2024-01-06,DEV_00019,29.14
2024-01-29,DEV_00082,7.96
2024-01-03,DEV_00136,6.49
2024-01-06,DEV_00026,11.05
2024-01-22,DEV_00199,30.81
2024-01-09,DEV_00043,24.69
2024-01-26,DEV_00174,41.61
2024-01-01,DEV_00155,9.2
2024-01-01,DEV_00148,37.2
2024-01-26,DEV_00143,20.23
2024-01-29,DEV_00143,10.2
2024-01-04,DEV_00195,15.9
2024-01-17,DEV_00077,22.14
2024-01-05,DEV_00111,12.47
2024-01-17,DEV_00045,32.52
2024-01-06,DEV_00133,3.05
2024-01-27,DEV_00057,16.88
2024-01-27,DEV_00057,13.98
2024-01-01,DEV_00026,55.91
2024-01-21,DEV_00176,12.51
2024-01-29,DEV_00141,15.56
2024-01-07,DEV_00113,6.77
2024-01-07,DEV_00055,3.09
2024-01-01,DEV_00069,12.29
2024-01-14,DEV_00156,3.97
2024-01-27,DEV_00147,10.77
2024-01-24,DEV_00167,14.03
2024-01-12,DEV_00165,2.64
2024-01-22,DEV_00098,19.74
2024-01-25,DEV_00088,5.28
2024-01-10,DEV_00168,15.01
2024-01-04,DEV_00182,62.18
2024-01-07,DEV_00046,29.74
2024-01-25,DEV_00087,103.78
2024-01-27,DEV_00113,16.96
2024-01-18,DEV_00161,9.96
2024-01-26,DEV_00108,17.58
2024-01-05,DEV_00110,4.97
2024-01-15,DEV_00005,35.61
2024-01-17,DEV_00097,19.59
2024-01-10,DEV_00155,6.61
2024-01-11,DEV_00080,32.2
2024-01-12,DEV_00057,57.42
2024-01-16,DEV_00123,15.21
2024-01-13,DEV_00196,118.38
2024-01-11,DEV_00098,54.36
2024-01-16,DEV_00185,7.41
2024-01-12,DEV_00169,9.01
2024-01-01,DEV_00184,4.93
2024-01-16,DEV_00183,3.27
2024-01-26,DEV_00164,13.9
2024-01-30,DEV_00006,39.77
2024-01-06,DEV_00059,51.79
2024-01-20,DEV_00040,20.91
2024-01-25,DEV_00087,33.99
2024-01-31,DEV_00117,9.45
2024-01-26,DEV_00007,5.25
2024-01-09,DEV_00122,31.27
2024-01-08,DEV_00185,16.91
2024-01-20,DEV_00003,6.23
2024-01-02,DEV_00199,73.66
2024-01-29,DEV_00102,11.92
2024-01-04,DEV_00142,53.55
2024-01-11,DEV_00025,14.74
2024-01-28,DEV_00096,6.91
2024-01-15,DEV_00034,8.98
2024-01-23,DEV_00074,40.99
2024-01-26,DEV_00027,14.49
2024-01-30,DEV_00081,9.64
2024-01-04,DEV_00008,11.76
2024-01-29,DEV_00116,29.98
2024-01-15,DEV_00148,25.53
2024-01-21,DEV_00159,54.38
2024-01-13,DEV_00046,45.46
2024-01-25,DEV_00055,3.3
2024-01-10,DEV_00107,21.6
2024-01-17,DEV_00159,34.94
2024-01-02,DEV_00176,5.82
2024-01-09,DEV_00153,6.81
2024-01-24,DEV_00015,11.65
2024-01-11,DEV_00017,51.77
2024-01-16,DEV_00191,7.94
2024-01-08,DEV_00119,7.25
2024-01-18,DEV_00198,24.89
2024-01-01,DEV_00022,9.82
2024-01-11,DEV_00015,15.08
2024-01-30,DEV_00021,90.96
2024-01-16,DEV_00054,18.69
2024-01-15,DEV_00060,5.18
2024-01-26,DEV_00118,5.15
2024-01-13,DEV_00142,9.75
2024-01-10,DEV_00106,11.81
2024-01-01,DEV_00069,10.9
2024-01-05,DEV_00128,14.05
2024-01-27,DEV_00019,11.39
2024-01-22,DEV_00172,12.93
2024-01-11,DEV_00195,59.68
2024-01-06,DEV_00003,6.62
2024-01-27,DEV_00123,15.35
2024-01-16,DEV_00043,46.57
2024-01-10,DEV_00089,7.01
2024-01-21,DEV_00060,8.52
2024-01-22,DEV_00187,38.43
2024-01-24,DEV_00044,13.36
2024-01-10,DEV_00096,2.65
2024-01-03,DEV_00107,7.86
2024-01-23,DEV_00017,24.83
2024-01-15,DEV_00117,33.34
2024-01-30,DEV_00182,47.86
2024-01-22,DEV_00159,23.2
2024-01-05,DEV_00069,19.98
2024-01-07,DEV_00198,14.39
2024-01-11,DEV_00069,85.54
2024-01-05,DEV_00075,36.95
2024-01-03,DEV_00127,40.69
2024-01-26,DEV_00123,18.11
2024-01-07,DEV_00056,41.8
2024-01-29,DEV_00153,14.98
2024-01-12,DEV_00051,51.92
2024-01-12,DEV_00143,10.21
2024-01-31,DEV_00188,26.19
2024-01-09,DEV_00106,18.97
2024-01-31,DEV_00135,3.23
2024-01-27,DEV_00093,10.99
2024-01-14,DEV_00036,22.4
2024-01-11,DEV_00066,4.79
2024-01-31,DEV_00086,36.39
2024-01-17,DEV_00081,25.51
2024-01-18,DEV_00161,18.98
2024-01-25,DEV_00058,54.81
2024-01-16,DEV_00047,16.35
2024-01-08,DEV_00064,15.68
2024-01-18,DEV_00124,34.73
2024-01-11,DEV_00005,18.5
2024-01-06,DEV_00137,13.2
2024-01-05,DEV_00003,44.94
2024-01-04,DEV_00001,9.3
2024-01-16,DEV_00079,10.03
2024-01-23,DEV_00190,23.53
2024-01-28,DEV_00020,42.6
2024-01-03,DEV_00192,85.4
2024-01-27,DEV_00069,14.5
2024-01-19,DEV_00122,22.19
2024-01-25,DEV_00097,14.22
2024-01-25,DEV_00034,4.58
2024-01-09,DEV_00199,13.06
2024-01-24,DEV_00166,27.02
2024-01-02,DEV_00162,16.5
2024-01-22,DEV_00067,11.01
2024-01-14,DEV_00023,14.11
2024-01-14,DEV_00183,54.36
2024-01-19,DEV_00193,139.19
2024-01-26,DEV_00125,8.55
2024-01-15,DEV_00089,32.87
2024-01-08,DEV_00124,37.99
2024-01-25,DEV_00136,32.69
2024-01-21,DEV_00074,66.23
2024-01-23,DEV_00177,32.67
2024-01-17,DEV_00074,64.45
2024-01-18,DEV_00155,25.49
2024-01-21,DEV_00053,15.49
2024-01-10,DEV_00071,52.58
2024-01-12,DEV_00196,281.77
2024-01-27,DEV_00012,25.06
2024-01-02,DEV_00177,19.26
2024-01-23,DEV_00070,17.5
2024-01-13,DEV_00062,32.3
2024-01-01,DEV_00139,27.15
2024-01-24,DEV_00023,33.62
2024-01-20,DEV_00042,5.31
2024-01-31,DEV_00082,31.98
2024-01-09,DEV_00040,9.45
2024-01-15,DEV_00135,10.99
2024-01-17,DEV_00077,45.84
2024-01-15,DEV_00041,9.36
2024-01-30,DEV_00092,18.95
2024-01-13,DEV_00173,12.79
2024-01-11,DEV_00185,72.76
2024-01-18,DEV_00031,38.24
2024-01-16,DEV_00059,92.26
2024-01-01,DEV_00008,6.11
2024-01-06,DEV_00133,8.18
2024-01-28,DEV_00034,52.21
2024-01-19,DEV_00022,27.06
2024-01-22,DEV_00105,11.67
2024-01-10,DEV_00167,72.36
2024-01-26,DEV_00104,29.14
2024-01-30,DEV_00026,56.69
2024-01-19,DEV_00166,25.25
2024-01-09,DEV_00068,172.33
2024-01-23,DEV_00005,17.18
2024-01-20,DEV_00184,8.77
2024-01-31,DEV_00060,19.79
2024-01-03,DEV_00059,17.05
2024-01-22,DEV_00027,42.55
2024-01-29,DEV_00107,62.9
2024-01-13,DEV_00007,40.31
2024-01-01,DEV_00135,34.16
2024-01-28,DEV_00045,40.65
2024-01-24,DEV_00131,18.48
2024-01-17,DEV_00030,29.05
2024-01-23,DEV_00180,17.18
2024-01-15,DEV_00033,65.08
2024-01-29,DEV_00066,16.16
2024-01-18,DEV_00098,22.29
2024-01-22,DEV_00129,8.22
2024-01-09,DEV_00064,120.99
2024-01-22,DEV_00092,75.18
2024-01-01,DEV_00108,35.58
2024-01-11,DEV_00100,37.05
2024-01-24,DEV_00012,26.13
2024-01-24,DEV_00012,21.59
2024-01-18,DEV_00155,11.39
2024-01-11,DEV_00147,17.26
2024-01-27,DEV_00170,33.69
2024-01-13,DEV_00145,51.28
2024-01-27,DEV_00103,51.94
2024-01-15,DEV_00035,13.91
2024-01-08,DEV_00015,15.62
2024-01-27,DEV_00136,16.89
2024-01-06,DEV_00127,50.77
2024-01-09,DEV_00011,15.19
2024-01-30,DEV_00018,14.39
2024-01-08,DEV_00098,9.48
2024-01-14,DEV_00039,31.08
2024-01-24,DEV_00009,12.28
2024-01-02,DEV_00110,25.87
2024-01-12,DEV_00171,36.46
2024-01-01,DEV_00100,33.62
2024-01-04,DEV_00126,9.79
2024-01-27,DEV_00021,7.59
2024-01-28,DEV_00001,6.43
2024-01-08,DEV_00101,15.87
2024-01-13,DEV_00003,10.15
2024-01-11,DEV_00177,11.81
2024-01-24,DEV_00139,19.89
2024-01-25,DEV_00149,8.16
2024-01-23,DEV_00122,6.25
2024-01-31,DEV_00014,12.2
2024-01-19,DEV_00110,35.11
2024-01-30,DEV_00143,17.23
2024-01-07,DEV_00060,8.42
2024-01-29,DEV_00050,50.19
2024-01-19,DEV_00138,9.31
2024-01-29,DEV_00050,13.31
2024-01-08,DEV_00053,78.11
2024-01-31,DEV_00176,16.39
2024-01-18,DEV_00054,14.17
2024-01-20,DEV_00091,25.04
2024-01-26,DEV_00006,21.87
2024-01-29,DEV_00096,43.11
2024-01-07,DEV_00086,20.04
2024-01-05,DEV_00106,8.9
2024-01-05,DEV_00085,21.54
2024-01-23,DEV_00172,44.26
2024-01-24,DEV_00153,5
2024-01-04,DEV_00133,19.73
2024-01-31,DEV_00150,20.91
2024-01-04,DEV_00003,15
2024-01-07,DEV_00154,27.51
2024-01-31,DEV_00030,13.62
2024-01-30,DEV_00197,26.86
2024-01-04,DEV_00024,47.15
2024-01-29,DEV_00113,113.05
2024-01-28,DEV_00063,8.44
2024-01-30,DEV_00035,54.26
2024-01-17,DEV_00149,40
2024-01-15,DEV_00058,9.77
2024-01-18,DEV_00104,27.53
2024-01-20,DEV_00134,14.15
2024-01-01,DEV_00102,18.39
2024-01-12,DEV_00029,46.24
2024-01-15,DEV_00034,48.93
2024-01-02,DEV_00110,11.66
2024-01-09,DEV_00084,7.98
2024-01-14,DEV_00123,40.49
2024-01-28,DEV_00148,16
2024-01-27,DEV_00135,11.85
2024-01-06,DEV_00147,88.46
2024-01-27,DEV_00057,76.83
2024-01-26,DEV_00102,15.96
2024-01-11,DEV_00001,28.34
2024-01-14,DEV_00008,15.78
2024-01-17,DEV_00085,51.99
2024-01-23,DEV_00112,7.85
2024-01-30,DEV_00066,16.8
2024-01-05,DEV_00080,11.8
2024-01-30,DEV_00142,27.79
2024-01-08,DEV_00176,77.25
2024-01-02,DEV_00087,3.96
2024-01-12,DEV_00026,27.31
2024-01-25,DEV_00050,69.36
2024-01-14,DEV_00040,18.53
2024-01-19,DEV_00057,25.07
2024-01-21,DEV_00139,64.99
2024-01-26,DEV_00161,28.4
2024-01-05,DEV_00064,43.36
2024-01-03,DEV_00034,21.58
2024-01-24,DEV_00120,5.74
2024-01-12,DEV_00110,9.83
2024-01-08,DEV_00054,16.46
2024-01-31,DEV_00112,35.45
2024-01-03,DEV_00148,25.83
2024-01-25,DEV_00078,24.02
2024-01-06,DEV_00032,8.58
2024-01-08,DEV_00136,48.06
2024-01-21,DEV_00032,19.47
2024-01-23,DEV_00048,36.01
2024-01-27,DEV_00174,20.6
2024-01-06,DEV_00131,19.16
2024-01-24,DEV_00171,18.59
2024-01-17,DEV_00146,21.88
2024-01-26,DEV_00132,19.6
2024-01-18,DEV_00195,166.37
2024-01-28,DEV_00130,38.87
2024-01-17,DEV_00173,9.88
2024-01-04,DEV_00017,1.22
2024-01-11,DEV_00194,15
2024-01-23,DEV_00176,64.44
2024-01-03,DEV_00027,36.95
2024-01-30,DEV_00175,45.85
2024-01-30,DEV_00088,32.68
2024-01-10,DEV_00140,9.2
2024-01-18,DEV_00067,26.11
2024-01-26,DEV_00170,20.22
2024-01-10,DEV_00043,9.19
2024-01-08,DEV_00184,25.07
2024-01-20,DEV_00054,77.67
2024-01-25,DEV_00065,4.18
2024-01-14,DEV_00197,27.95
2024-01-18,DEV_00028,58.51
2024-01-31,DEV_00115,31.83
2024-01-11,DEV_00164,7.98
2024-01-23,DEV_00043,38.66
2024-01-24,DEV_00057,18.21
2024-01-15,DEV_00011,26.29
2024-01-25,DEV_00127,10.94
2024-01-31,DEV_00195,21.05
2024-01-21,DEV_00143,25.01
2024-01-14,DEV_00102,14.29
2024-01-31,DEV_00026,35.96
2024-01-07,DEV_00060,7.31
2024-01-07,DEV_00153,9.6
2024-01-11,DEV_00152,21.93
2024-01-02,DEV_00200,21.81
2024-01-19,DEV_00115,31.7
2024-01-31,DEV_00113,14.95
2024-01-10,DEV_00014,46.32
2024-01-01,DEV_00092,58.44
2024-01-30,DEV_00049,10.5
2024-01-18,DEV_00019,15.16
2024-01-31,DEV_00141,9.2
2024-01-10,DEV_00087,35.82
2024-01-28,DEV_00151,10.34
2024-01-04,DEV_00072,7.85
2024-01-04,DEV_00138,9.13
2024-01-03,DEV_00047,40.49
2024-01-26,DEV_00119,17.32
2024-01-23,DEV_00164,18.47
2024-01-26,DEV_00117,8.72
2024-01-12,DEV_00189,34.2
2024-01-05,DEV_00197,58.59
2024-01-27,DEV_00077,23.14
2024-01-22,DEV_00148,17.05
2024-01-15,DEV_00188,25.49
2024-01-23,DEV_00109,37.73
2024-01-06,DEV_00078,14.97
2024-01-27,DEV_00086,14.09
2024-01-12,DEV_00199,12.78
2024-01-05,DEV_00005,50.32
2024-01-05,DEV_00129,6.21
2024-01-06,DEV_00024,120.28
2024-01-04,DEV_00173,14.33
2024-01-05,DEV_00072,63.87
2024-01-15,DEV_00183,7.04
2024-01-14,DEV_00028,10.18
2024-01-01,DEV_00111,43.76
2024-01-17,DEV_00165,119.11
2024-01-30,DEV_00110,21.54
2024-01-05,DEV_00102,21.07
2024-01-13,DEV_00157,31.58
2024-01-16,DEV_00022,14.52
2024-01-23,DEV_00113,5.22
2024-01-22,DEV_00123,9.84
2024-01-20,DEV_00065,29.6
2024-01-26,DEV_00084,16.18
2024-01-23,DEV_00171,18.37
2024-01-14,DEV_00076,9.2
2024-01-16,DEV_00044,22.08
2024-01-27,DEV_00082,11.77
2024-01-02,DEV_00019,6.52
2024-01-27,DEV_00148,10.71
2024-01-29,DEV_00169,43.6
2024-01-06,DEV_00017,66.36
2024-01-16,DEV_00164,7.34
2024-01-15,DEV_00046,44.1
2024-01-27,DEV_00141,21.97
2024-01-08,DEV_00152,23.99
2024-01-05,DEV_00148,18.09
2024-01-09,DEV_00016,22.47
2024-01-21,DEV_00133,5.2
2024-01-27,DEV_00154,13.89
2024-01-03,DEV_00008,8.89
2024-01-18,DEV_00046,33.12
2024-01-29,DEV_00192,7.75
2024-01-13,DEV_00143,3.07
2024-01-08,DEV_00153,7.36
2024-01-17,DEV_00185,36.83
2024-01-02,DEV_00121,41.6
2024-01-07,DEV_00125,24.26
2024-01-12,DEV_00055,17.18
2024-01-20,DEV_00121,9.68
2024-01-08,DEV_00057,35.32
2024-01-15,DEV_00101,1.76
2024-01-10,DEV_00076,28.95
2024-01-01,DEV_00160,9.87
2024-01-31,DEV_00142,5.53
2024-01-09,DEV_00056,35.57
2024-01-05,DEV_00075,53.04
2024-01-26,DEV_00137,52.98
2024-01-26,DEV_00101,21.44
2024-01-19,DEV_00095,12.66
2024-01-25,DEV_00136,63.29
2024-01-07,DEV_00040,13.53
2024-01-22,DEV_00009,40.53
2024-01-14,DEV_00195,14.3
2024-01-15,DEV_00008,40.08
2024-01-26,DEV_00143,13.63
2024-01-18,DEV_00190,14.67
2024-01-02,DEV_00096,29.32
2024-01-07,DEV_00170,24.49
2024-01-26,DEV_00006,11.9
2024-01-24,DEV_00139,43.26
2024-01-20,DEV_00089,22.04
2024-01-15,DEV_00009,9.07
2024-01-28,DEV_00080,21.72
2024-01-02,DEV_00180,27.12
2024-01-05,DEV_00141,39.3
2024-01-25,DEV_00178,108.94
2024-01-14,DEV_00078,81.99
2024-01-18,DEV_00030,14
2024-01-18,DEV_00062,35.23
2024-01-09,DEV_00004,27.34
2024-01-27,DEV_00006,88.37
2024-01-15,DEV_00114,51.36
2024-01-01,DEV_00179,86.44
2024-01-02,DEV_00029,13.34
2024-01-06,DEV_00161,33.89
2024-01-17,DEV_00189,14.82
2024-01-10,DEV_00046,17.95
2024-01-22,DEV_00123,63.05
2024-01-15,DEV_00144,69.47
2024-01-08,DEV_00129,14.29
2024-01-30,DEV_00011,18.61
2024-01-22,DEV_00120,4.57
2024-01-23,DEV_00034,21.1
2024-01-10,DEV_00172,58.28
2024-01-04,DEV_00109,66.99
2024-01-30,DEV_00138,23.98
2024-01-31,DEV_00168,29.99
2024-01-28,DEV_00026,10.83
2024-01-18,DEV_00114,19.95
2024-01-26,DEV_00065,30.42
2024-01-07,DEV_00194,36.32
2024-01-24,DEV_00197,39.65
2024-01-03,DEV_00156,15.06
2024-01-19,DEV_00194,22.02
2024-01-02,DEV_00019,2.25
2024-01-07,DEV_00097,8.34
2024-01-29,DEV_00048,32.85
2024-01-25,DEV_00093,29.8
2024-01-25,DEV_00191,17.25
2024-01-21,DEV_00037,8.19
2024-01-13,DEV_00133,6.71
2024-01-09,DEV_00106,15.79
2024-01-28,DEV_00047,11.86
2024-01-06,DEV_00185,12.5
2024-01-02,DEV_00049,31.63
2024-01-06,DEV_00187,31.23
2024-01-27,DEV_00200,27.31
2024-01-02,DEV_00005,24.83
2024-01-14,DEV_00131,49.68
2024-01-19,DEV_00035,30.99
2024-01-18,DEV_00198,25.39
2024-01-12,DEV_00147,8.98
2024-01-26,DEV_00012,25.38
2024-01-30,DEV_00181,17.31
2024-01-04,DEV_00047,9.61
2024-01-20,DEV_00037,66.28
2024-01-26,DEV_00088,66.39
2024-01-21,DEV_00182,65
2024-01-25,DEV_00028,56.12
2024-01-07,DEV_00195,30.81
2024-01-24,DEV_00057,19.52
2024-01-11,DEV_00036,29.97
2024-01-04,DEV_00124,20.49
2024-01-01,DEV_00117,201.28
2024-01-25,DEV_00148,13.73
2024-01-26,DEV_00159,11.55
2024-01-11,DEV_00074,19.87
2024-01-31,DEV_00010,13.08
2024-01-20,DEV_00161,9.57
2024-01-17,DEV_00021,100.95
2024-01-25,DEV_00021,16.19
2024-01-02,DEV_00025,10.65
2024-01-15,DEV_00010,42.32
2024-01-19,DEV_00186,9.7
2024-01-26,DEV_00167,16.99
2024-01-30,DEV_00112,9.79
2024-01-31,DEV_00145,19.87
2024-01-03,DEV_00192,12
2024-01-17,DEV_00011,13.36
2024-01-31,DEV_00019,17.05
2024-01-06,DEV_00018,18.15
2024-01-26,DEV_00162,14.88
2024-01-10,DEV_00114,26.67
2024-01-18,DEV_00195,3.08
2024-01-10,DEV_00076,63.58
2024-01-12,DEV_00021,11.51
2024-01-08,DEV_00166,57.5
2024-01-16,DEV_00101,6.14
2024-01-23,DEV_00155,15.73
2024-01-31,DEV_00172,2.78
2024-01-09,DEV_00064,24.13
2024-01-25,DEV_00093,12.71
2024-01-21,DEV_00025,87.1
2024-01-18,DEV_00153,28.5
2024-01-28,DEV_00167,9.7
2024-01-21,DEV_00003,6.74
2024-01-29,DEV_00087,17.45
2024-01-03,DEV_00111,2.45
2024-01-15,DEV_00035,45.04
2024-01-20,DEV_00028,18.8
2024-01-19,DEV_00113,48.29
2024-01-11,DEV_00081,11.7
2024-01-02,DEV_00113,11.94
2024-01-28,DEV_00080,6.46
2024-01-16,DEV_00200,6.32
2024-01-08,DEV_00055,113.78
2024-01-24,DEV_00021,5.88
2024-01-28,DEV_00042,51.37
2024-01-15,DEV_00156,72.49
2024-01-23,DEV_00058,12.63
2024-01-09,DEV_00078,16.52
2024-01-05,DEV_00026,9.52
2024-01-26,DEV_00033,17.57
2024-01-09,DEV_00135,10.44
2024-01-24,DEV_00169,14.3
2024-01-10,DEV_00123,10.16
2024-01-26,DEV_00076,30.77
2024-01-05,DEV_00100,3.94
2024-01-18,DEV_00163,33.79
2024-01-15,DEV_00001,13.89
2024-01-24,DEV_00145,27.99
2024-01-06,DEV_00149,27.06
2024-01-02,DEV_00086,10.08
2024-01-23,DEV_00072,18.68
2024-01-22,DEV_00114,6.86
2024-01-30,DEV_00086,8.98
2024-01-19,DEV_00124,12.22
2024-01-30,DEV_00019,12.03
2024-01-20,DEV_00177,9.14
2024-01-27,DEV_00115,47.93
2024-01-22,DEV_00018,27.68
2024-01-20,DEV_00167,151.18
2024-01-05,DEV_00034,72.89
2024-01-25,DEV_00141,8.39
2024-01-29,DEV_00136,21.99
2024-01-03,DEV_00055,29.88
2024-01-18,DEV_00061,28.88
2024-01-31,DEV_00185,121.11
2024-01-05,DEV_00165,25.12
2024-01-18,DEV_00110,21.95
2024-01-19,DEV_00153,13.69
2024-01-09,DEV_00086,59.63
2024-01-26,DEV_00163,66.59
2024-01-31,DEV_00007,9.48
2024-01-12,DEV_00186,24.38
2024-01-29,DEV_00101,27.62
2024-01-25,DEV_00085,56.16
2024-01-30,DEV_00171,48.05
2024-01-26,DEV_00130,30.73
2024-01-30,DEV_00063,5.91
2024-01-07,DEV_00077,12.72
2024-01-23,DEV_00003,18.23
2024-01-03,DEV_00073,27.96
2024-01-24,DEV_00103,30.89
2024-01-15,DEV_00022,31.94
2024-01-20,DEV_00181,10.02
2024-01-15,DEV_00011,20.83
2024-01-03,DEV_00069,57.47
2024-01-16,DEV_00028,18.65
2024-01-03,DEV_00007,17.99
2024-01-16,DEV_00085,20.19
2024-01-19,DEV_00127,63.71
2024-01-07,DEV_00199,75.11
2024-01-11,DEV_00046,20.22
2024-01-21,DEV_00037,25.49
2024-01-28,DEV_00022,18.49
2024-01-02,DEV_00158,13.54
2024-01-09,DEV_00017,39.43
2024-01-31,DEV_00157,20.97
2024-01-06,DEV_00119,31.12
2024-01-13,DEV_00042,25.07
2024-01-24,DEV_00094,9.35
2024-01-16,DEV_00115,28.62
2024-01-28,DEV_00018,11.65
2024-01-11,DEV_00192,40.13
2024-01-06,DEV_00044,7.17
2024-01-22,DEV_00065,33.02
2024-01-01,DEV_00137,35.48
2024-01-29,DEV_00197,51.11
2024-01-06,DEV_00036,41.84
2024-01-28,DEV_00100,33.35
2024-01-11,DEV_00172,3.42
2024-01-09,DEV_00116,13.84
2024-01-13,DEV_00062,11.52
2024-01-11,DEV_00066,20.91
2024-01-17,DEV_00022,3.05
2024-01-01,DEV_00121,9.96
2024-01-30,DEV_00074,4.36
2024-01-11,DEV_00044,37.64
2024-01-28,DEV_00137,18.11
2024-01-03,DEV_00044,6.83
2024-01-02,DEV_00178,9.37
2024-01-13,DEV_00086,7.24
2024-01-09,DEV_00070,17.22
2024-01-25,DEV_00042,164.2
2024-01-16,DEV_00135,15.69
2024-01-27,DEV_00010,20.55
2024-01-08,DEV_00058,32.38
2024-01-30,DEV_00021,61.44
2024-01-15,DEV_00167,52.16
2024-01-30,DEV_00029,69.82
2024-01-30,DEV_00043,11.94
2024-01-03,DEV_00194,23.06
2024-01-12,DEV_00077,19.27
2024-01-04,DEV_00026,38.49
2024-01-07,DEV_00137,5.36
2024-01-15,DEV_00078,17.69
2024-01-19,DEV_00003,28.21
2024-01-31,DEV_00041,19.51
2024-01-16,DEV_00107,27.83
2024-01-28,DEV_00127,9.14
2024-01-15,DEV_00023,8.73
2024-01-12,DEV_00177,45.67
2024-01-11,DEV_00065,51.81
2024-01-24,DEV_00115,11.98
2024-01-31,DEV_00131,19.12
2024-01-30,DEV_00022,37.25
2024-01-01,DEV_00107,22.23
2024-01-04,DEV_00137,9.61
2024-01-01,DEV_00114,66.81
2024-01-14,DEV_00191,17.91
2024-01-04,DEV_00171,6.96
2024-01-30,DEV_00064,48.1
2024-01-08,DEV_00113,37.45
2024-01-24,DEV_00119,29.19
2024-01-01,DEV_00100,8.78
2024-01-18,DEV_00196,42.7
2024-01-03,DEV_00159,41.87
2024-01-11,DEV_00069,53.99
2024-01-15,DEV_00010,12.72
2024-01-09,DEV_00060,26.19
2024-01-15,DEV_00121,11.43
2024-01-03,DEV_00139,35.71
2024-01-04,DEV_00166,55.11
2024-01-25,DEV_00113,12.3
2024-01-26,DEV_00181,8.21
2024-01-21,DEV_00172,30.78
2024-01-20,DEV_00134,20.86
2024-01-15,DEV_00163,20.21
2024-01-07,DEV_00026,35.8
2024-01-13,DEV_00053,17.6
2024-01-13,DEV_00068,8.14
2024-01-02,DEV_00187,13.02
2024-01-02,DEV_00108,46.17
2024-01-22,DEV_00179,15.1
2024-01-23,DEV_00116,28.41
2024-01-30,DEV_00061,16.77
2024-01-27,DEV_00016,16.88
2024-01-01,DEV_00055,30.8
2024-01-08,DEV_00194,30.3
2024-01-09,DEV_00191,28.16
2024-01-31,DEV_00124,22.67
2024-01-16,DEV_00002,64.02
2024-01-01,DEV_00035,15.19
2024-01-14,DEV_00027,9.34
2024-01-07,DEV_00059,28.65
2024-01-30,DEV_00009,20.67
2024-01-02,DEV_00073,34.03
2024-01-09,DEV_00083,5.24
2024-01-23,DEV_00005,32.36
2024-01-25,DEV_00103,6.81
2024-01-13,DEV_00182,25.79
2024-01-29,DEV_00180,14.46
2024-01-21,DEV_00058,29.77
2024-01-31,DEV_00090,93.7
2024-01-14,DEV_00086,13.68
2024-01-16,DEV_00097,5.5
2024-01-20,DEV_00135,29.18
2024-01-21,DEV_00127,13.5
2024-01-03,DEV_00186,26.78
2024-01-07,DEV_00108,12.94
2024-01-19,DEV_00034,16.24
2024-01-09,DEV_00119,15.26
2024-01-10,DEV_00165,11.31
2024-01-11,DEV_00155,38.28
2024-01-26,DEV_00186,13.72
2024-01-06,DEV_00088,29.49
2024-01-06,DEV_00003,10.44
2024-01-30,DEV_00005,16
2024-01-27,DEV_00161,22.9
2024-01-05,DEV_00001,10.13
2024-01-31,DEV_00153,9.78
2024-01-16,DEV_00011,23.36
2024-01-14,DEV_00037,28.32
2024-01-16,DEV_00040,69.64
2024-01-21,DEV_00184,14.87
2024-01-12,DEV_00195,52.46
2024-01-08,DEV_00102,40.73
2024-01-19,DEV_00151,10.32
2024-01-21,DEV_00101,41.69
2024-01-20,DEV_00132,36.91
2024-01-18,DEV_00173,21.04
2024-01-16,DEV_00181,15.78
2024-01-16,DEV_00058,26.13
2024-01-17,DEV_00028,88.61
2024-01-01,DEV_00024,30.95
2024-01-24,DEV_00120,70.13
2024-01-26,DEV_00175,13.62
2024-01-16,DEV_00182,14.84
2024-01-25,DEV_00036,27.92
2024-01-30,DEV_00188,41.84
2024-01-17,DEV_00120,17.1
2024-01-13,DEV_00058,22.6
2024-01-25,DEV_00058,18.03
2024-01-05,DEV_00175,21.89
2024-01-20,DEV_00040,27.19
2024-01-07,DEV_00158,15.74
2024-01-02,DEV_00093,68.72
2024-01-10,DEV_00015,17.11
2024-01-29,DEV_00074,9.37
2024-01-26,DEV_00115,28.27
2024-01-02,DEV_00049,8.66
2024-01-31,DEV_00138,24.19
2024-01-25,DEV_00171,15.46
2024-01-10,DEV_00052,13.24
2024-01-14,DEV_00144,50.12
2024-01-31,DEV_00135,26.46
2024-01-14,DEV_00047,20.75
2024-01-01,DEV_00183,15.68
2024-01-09,DEV_00160,30.89
2024-01-30,DEV_00191,2.41
2024-01-05,DEV_00097,14.54
2024-01-21,DEV_00002,46.03
2024-01-05,DEV_00035,12.52
2024-01-31,DEV_00107,41.97
2024-01-25,DEV_00174,19.94
2024-01-24,DEV_00194,6.39
2024-01-16,DEV_00014,35.01
2024-01-11,DEV_00061,28.9
2024-01-18,DEV_00067,9.57
2024-01-17,DEV_00014,67.16
2024-01-15,DEV_00088,1.83
2024-01-15,DEV_00183,12.85
2024-01-05,DEV_00038,37.12
2024-01-21,DEV_00086,118.06
2024-01-01,DEV_00184,17.78
2024-01-20,DEV_00042,43.02
2024-01-31,DEV_00124,5.01
2024-01-25,DEV_00042,5.38
2024-01-25,DEV_00097,24.19
2024-01-26,DEV_00144,57.97
2024-01-09,DEV_00048,27.91
2024-01-24,DEV_00052,16.8
2024-01-09,DEV_00151,9.53
2024-01-29,DEV_00138,13.52
2024-01-16,DEV_00151,152.93
2024-01-12,DEV_00111,5.02
2024-01-19,DEV_00044,10.2
2024-01-18,DEV_00192,15.92
2024-01-13,DEV_00174,28.26
2024-01-24,DEV_00140,19.65
2024-01-20,DEV_00177,13.26
2024-01-11,DEV_00118,38.79
2024-01-02,DEV_00175,14.27
2024-01-16,DEV_00039,12.73
2024-01-07,DEV_00119,58.54
2024-01-13,DEV_00018,38.54
2024-01-21,DEV_00006,32.75
2024-01-21,DEV_00141,16.9
2024-01-23,DEV_00011,14.88
2024-01-25,DEV_00093,23.11
2024-01-23,DEV_00113,16.07
2024-01-21,DEV_00198,5.55
2024-01-04,DEV_00084,38.09
2024-01-10,DEV_00016,9.27
2024-01-06,DEV_00148,23.68
2024-01-09,DEV_00194,44.05
2024-01-14,DEV_00083,10.76
2024-01-30,DEV_00074,39.14
2024-01-17,DEV_00025,13.6
2024-01-04,DEV_00111,60.75
2024-01-27,DEV_00062,15.25
2024-01-19,DEV_00075,22.92
2024-01-09,DEV_00162,17.05
2024-01-17,DEV_00100,142.94
2024-01-07,DEV_00181,18.01
2024-01-09,DEV_00041,51.58
2024-01-15,DEV_00005,36.45
2024-01-29,DEV_00148,13.66
2024-01-07,DEV_00061,5.53
2024-01-27,DEV_00181,42.08
2024-01-21,DEV_00173,6.26
2024-01-01,DEV_00060,79.72
2024-01-18,DEV_00119,2.98
2024-01-23,DEV_00015,5.05
2024-01-03,DEV_00180,38.08
2024-01-24,DEV_00159,24.07
2024-01-13,DEV_00138,15.43
2024-01-24,DEV_00072,28.17
2024-01-22,DEV_00041,14.54
2024-01-28,DEV_00140,6.97
2024-01-30,DEV_00094,28.02
2024-01-01,DEV_00048,43.81
2024-01-04,DEV_00136,7.34
2024-01-28,DEV_00113,24.64
2024-01-06,DEV_00094,80.46
2024-01-03,DEV_00088,47.45
2024-01-04,DEV_00038,18.02
2024-01-19,DEV_00193,17.34
2024-01-21,DEV_00091,21.14
2024-01-11,DEV_00092,11.01
2024-01-20,DEV_00160,9.96
2024-01-07,DEV_00198,10.58
2024-01-15,DEV_00097,131.38
2024-01-12,DEV_00109,16.17
2024-01-30,DEV_00158,7.56
2024-01-13,DEV_00116,45.03
2024-01-22,DEV_00061,106
2024-01-21,DEV_00120,6.71
2024-01-13,DEV_00017,18.09
2024-01-13,DEV_00113,63.44
2024-01-14,DEV_00142,11.66
2024-01-21,DEV_00195,18.06
2024-01-07,DEV_00186,4.57
2024-01-17,DEV_00062,36.1
2024-01-29,DEV_00187,6.78
2024-01-18,DEV_00178,22.51
2024-01-04,DEV_00172,26.79
2024-01-29,DEV_00091,45.22
2024-01-13,DEV_00046,90.83
2024-01-27,DEV_00088,19.31
2024-01-21,DEV_00143,26.77
2024-01-06,DEV_00009,33.24
2024-01-07,DEV_00152,46.99
2024-01-02,DEV_00192,9.25
2024-01-24,DEV_00014,5.96
2024-01-06,DEV_00160,6.04
2024-01-13,DEV_00089,38.95
2024-01-05,DEV_00159,55.5
2024-01-05,DEV_00176,4.39
2024-01-05,DEV_00119,32.9
2024-01-09,DEV_00084,7.99
2024-01-23,DEV_00057,19.63
2024-01-17,DEV_00058,7.58
2024-01-22,DEV_00101,40.57
2024-01-17,DEV_00114,10.2
2024-01-16,DEV_00066,12.95
2024-01-15,DEV_00049,37.84
2024-01-25,DEV_00110,33.49
2024-01-28,DEV_00200,16.91
2024-01-27,DEV_00050,35.95
2024-01-28,DEV_00094,11.87
2024-01-21,DEV_00011,25.61
2024-01-17,DEV_00134,43.12
2024-01-24,DEV_00138,21.77
2024-01-26,DEV_00045,43.51
2024-01-02,DEV_00167,18.93
2024-01-10,DEV_00170,39.9
2024-01-02,DEV_00093,27.56
2024-01-18,DEV_00014,53.79
2024-01-06,DEV_00190,13.32
2024-01-31,DEV_00182,6.1
2024-01-14,DEV_00021,7.78
2024-01-25,DEV_00111,74.86
2024-01-12,DEV_00159,48.67
2024-01-25,DEV_00192,37.94
2024-01-16,DEV_00034,31.27
2024-01-16,DEV_00128,15.16
2024-01-23,DEV_00173,18.63
2024-01-26,DEV_00061,9.29
2024-01-20,DEV_00103,73.66
2024-01-06,DEV_00161,41.07
2024-01-02,DEV_00039,10.9
2024-01-14,DEV_00085,11.51
2024-01-22,DEV_00117,8.36
2024-01-06,DEV_00090,7.78
2024-01-11,DEV_00165,18.04
2024-01-01,DEV_00048,14.9
2024-01-28,DEV_00157,8.82
2024-01-29,DEV_00122,8.41
2024-01-25,DEV_00079,9.74
2024-01-05,DEV_00111,62.81
2024-01-06,DEV_00034,20.93
2024-01-05,DEV_00177,8.53
2024-01-02,DEV_00121,52.18
2024-01-31,DEV_00018,13.96
2024-01-10,DEV_00197,60.3
2024-01-25,DEV_00186,14.28
2024-01-13,DEV_00078,40.18
2024-01-09,DEV_00120,5.96
2024-01-31,DEV_00075,88.5
2024-01-01,DEV_00085,19.16
2024-01-24,DEV_00090,59.55
2024-01-06,DEV_00127,42.7
2024-01-27,DEV_00173,36.31
2024-01-02,DEV_00159,28.95
2024-01-31,DEV_00024,4.52
2024-01-22,DEV_00163,47.97
2024-01-19,DEV_00140,40.87
2024-01-25,DEV_00106,6.54
2024-01-21,DEV_00049,6.19
2024-01-30,DEV_00137,4.55
2024-01-26,DEV_00067,45.16
2024-01-15,DEV_00180,36.06
2024-01-01,DEV_00125,1.55
2024-01-09,DEV_00059,20.62
2024-01-03,DEV_00137,13.51
2024-01-07,DEV_00105,9.9
2024-01-26,DEV_00023,18.98
2024-01-07,DEV_00154,6.44
2024-01-26,DEV_00094,25.34
2024-01-31,DEV_00080,31.76
2024-01-19,DEV_00115,54.78
2024-01-10,DEV_00096,91.85
2024-01-07,DEV_00077,10.37
2024-01-05,DEV_00022,69.23
2024-01-10,DEV_00134,3.48
2024-01-22,DEV_00034,15.54
2024-01-08,DEV_00047,20.61
2024-01-12,DEV_00087,31.53
2024-01-23,DEV_00070,30.2
2024-01-05,DEV_00001,9.34
2024-01-05,DEV_00178,23.72
2024-01-07,DEV_00073,8.9
2024-01-13,DEV_00005,2.74
2024-01-17,DEV_00171,22.32
2024-01-27,DEV_00124,17.95
2024-01-02,DEV_00026,37.64
2024-01-17,DEV_00169,67.69
2024-01-20,DEV_00046,6.27
2024-01-21,DEV_00006,10.4
2024-01-01,DEV_00007,11.11
2024-01-31,DEV_00076,24.9
2024-01-20,DEV_00002,39.65
2024-01-13,DEV_00047,12.88
2024-01-20,DEV_00152,13.02
2024-01-29,DEV_00019,14.77
2024-01-01,DEV_00090,18.86
2024-01-24,DEV_00199,18.89
2024-01-04,DEV_00126,26.14
2024-01-29,DEV_00155,31.98
2024-01-14,DEV_00102,28.44
2024-01-14,DEV_00171,8.66
2024-01-28,DEV_00173,15.15
2024-01-24,DEV_00017,101.46
2024-01-20,DEV_00097,67.24
2024-01-04,DEV_00038,19.89
2024-01-25,DEV_00165,10.18
2024-01-03,DEV_00154,85.55
2024-01-15,DEV_00036,21.43
2024-01-25,DEV_00052,10.04
2024-01-03,DEV_00005,30.64
2024-01-21,DEV_00045,70.13
2024-01-30,DEV_00195,120.94
2024-01-10,DEV_00189,37.69
2024-01-05,DEV_00023,17.72
2024-01-30,DEV_00142,10.64
2024-01-09,DEV_00098,52.58
2024-01-17,DEV_00144,65.24
2024-01-21,DEV_00116,64.4
2024-01-02,DEV_00043,19.76
2024-01-11,DEV_00061,31.2
2024-01-08,DEV_00084,23.54
2024-01-27,DEV_00116,8.86
2024-01-10,DEV_00093,22.01
2024-01-13,DEV_00159,13.31
2024-01-20,DEV_00128,18.79
2024-01-13,DEV_00060,29.28
2024-01-21,DEV_00127,5.24
2024-01-13,DEV_00072,5.28
2024-01-30,DEV_00114,25.58
2024-01-06,DEV_00049,21.84
2024-01-22,DEV_00158,6.63
2024-01-01,DEV_00123,4.45
2024-01-20,DEV_00082,22.69
2024-01-17,DEV_00098,8.75
2024-01-15,DEV_00097,12.11
2024-01-12,DEV_00187,35.03
2024-01-07,DEV_00129,108.07
2024-01-16,DEV_00005,46.91
2024-01-26,DEV_00013,29.53
2024-01-10,DEV_00004,20.81
2024-01-21,DEV_00184,4.62
2024-01-08,DEV_00153,6.91
2024-01-02,DEV_00120,19.47
2024-01-20,DEV_00140,26.27
2024-01-28,DEV_00057,20.76
2024-01-25,DEV_00043,47.12
2024-01-05,DEV_00061,40.99
2024-01-19,DEV_00137,14.58
2024-01-05,DEV_00165,15.21
2024-01-31,DEV_00037,26.66
2024-01-13,DEV_00051,35.72
2024-01-04,DEV_00128,5.11
2024-01-19,DEV_00161,32.21
2024-01-29,DEV_00107,17.64
2024-01-02,DEV_00184,52.57
2024-01-04,DEV_00181,6.03
2024-01-24,DEV_00149,28.16
2024-01-24,DEV_00056,28.08
2024-01-23,DEV_00126,35.34
2024-01-20,DEV_00002,44.49
2024-01-20,DEV_00144,39.33
2024-01-02,DEV_00013,42.4
2024-01-24,DEV_00144,41.69
2024-01-22,DEV_00053,19.14
2024-01-18,DEV_00177,17.35
2024-01-13,DEV_00117,9.92
2024-01-08,DEV_00179,11.31
2024-01-12,DEV_00016,9.59
2024-01-17,DEV_00140,16.18
2024-01-07,DEV_00096,58.27
2024-01-20,DEV_00156,30.06
2024-01-18,DEV_00120,8.2
2024-01-10,DEV_00178,23.82
2024-01-29,DEV_00156,30.9
2024-01-07,DEV_00062,6.68
2024-01-14,DEV_00029,31.62
2024-01-01,DEV_00179,12.96
2024-01-19,DEV_00169,44.38
2024-01-22,DEV_00046,2.94
2024-01-10,DEV_00065,8.02
2024-01-22,DEV_00150,18.29
2024-01-31,DEV_00188,22.49
2024-01-03,DEV_00037,9.83
2024-01-04,DEV_00019,28.23
2024-01-01,DEV_00097,8.55
2024-01-21,DEV_00083,25.13
2024-01-16,DEV_00070,6.01
2024-01-24,DEV_00001,31.42
2024-01-22,DEV_00190,15.21
2024-01-31,DEV_00018,25.56
2024-01-18,DEV_00063,43.33
2024-01-21,DEV_00149,20.34
2024-01-08,DEV_00175,8.05
2024-01-09,DEV_00109,30.82
2024-01-16,DEV_00067,41.17
2024-01-10,DEV_00169,116.01
2024-01-29,DEV_00003,5.2
2024-01-23,DEV_00046,20.76
2024-01-25,DEV_00030,15
2024-01-29,DEV_00078,73.58
2024-01-21,DEV_00123,6.77
2024-01-04,DEV_00167,33.43
2024-01-27,DEV_00092,17.12
2024-01-21,DEV_00080,44.07
2024-01-31,DEV_00021,14.78
2024-01-26,DEV_00189,33.34
2024-01-19,DEV_00146,18.67
2024-01-16,DEV_00070,9.25
2024-01-02,DEV_00125,15.31
2024-01-17,DEV_00089,10.56
2024-01-07,DEV_00099,10.49
2024-01-03,DEV_00193,19.75
2024-01-09,DEV_00165,109.08
2024-01-04,DEV_00110,120.92
2024-01-18,DEV_00194,9.64
2024-01-30,DEV_00003,20.72
2024-01-08,DEV_00147,12.6
2024-01-01,DEV_00049,22.03
2024-01-12,DEV_00021,10.4
2024-01-17,DEV_00196,2.11
2024-01-11,DEV_00086,17.56
2024-01-05,DEV_00069,15.91
2024-01-07,DEV_00120,22.91
2024-01-28,DEV_00041,30.67
2024-01-07,DEV_00180,15.61
2024-01-12,DEV_00010,10.65
2024-01-23,DEV_00049,37.44
2024-01-11,DEV_00082,20.7
2024-01-12,DEV_00050,49.62
2024-01-27,DEV_00060,8.04
2024-01-11,DEV_00162,41.45
2024-01-05,DEV_00084,9.97
2024-01-22,DEV_00003,18.69
2024-01-19,DEV_00117,16.83
2024-01-13,DEV_00120,8.19
2024-01-13,DEV_00166,24.81
2024-01-01,DEV_00177,20.86
2024-01-13,DEV_00184,41.15
2024-01-10,DEV_00097,14.52
2024-01-27,DEV_00149,35.46
2024-01-08,DEV_00089,20.41
2024-01-25,DEV_00052,42.01
2024-01-07,DEV_00175,18.74
2024-01-02,DEV_00144,58.14
2024-01-03,DEV_00133,110.3
2024-01-28,DEV_00173,20.62
2024-01-19,DEV_00012,42.04
2024-01-15,DEV_00056,6
2024-01-15,DEV_00167,28.56
2024-01-02,DEV_00180,28.45
2024-01-06,DEV_00172,24.42
2024-01-07,DEV_00082,37.18
2024-01-06,DEV_00111,22.13
2024-01-14,DEV_00046,9.49
2024-01-03,DEV_00197,58.19
2024-01-17,DEV_00178,24.04
2024-01-31,DEV_00128,54.91
2024-01-20,DEV_00067,8.94
2024-01-17,DEV_00102,70.03
2024-01-15,DEV_00060,21.74
2024-01-24,DEV_00144,55.65
2024-01-27,DEV_00156,24.59
2024-01-18,DEV_00055,10.96
2024-01-03,DEV_00025,1.33
2024-01-04,DEV_00071,14.59
2024-01-13,DEV_00098,68.7
2024-01-10,DEV_00026,16.88
2024-01-01,DEV_00187,14.04
2024-01-18,DEV_00152,41.42
2024-01-09,DEV_00140,30.94
2024-01-02,DEV_00046,29.67
2024-01-05,DEV_00051,20.91
2024-01-09,DEV_00010,16
2024-01-15,DEV_00085,13.69
2024-01-09,DEV_00167,62.5
2024-01-07,DEV_00160,25.22
2024-01-19,DEV_00011,77.63
2024-01-27,DEV_00078,64.45
2024-01-23,DEV_00114,26.1
2024-01-03,DEV_00027,11.08
2024-01-21,DEV_00109,6.96
2024-01-28,DEV_00146,15.82
2024-01-10,DEV_00121,49.1
2024-01-15,DEV_00038,12.98
2024-01-24,DEV_00160,33.86
2024-01-14,DEV_00153,29.27
2024-01-22,DEV_00076,28.43
2024-01-19,DEV_00112,19.99
2024-01-01,DEV_00012,45.08
2024-01-06,DEV_00135,41.99
2024-01-05,DEV_00042,45.76
2024-01-03,DEV_00181,10.69
2024-01-14,DEV_00192,25.55
2024-01-06,DEV_00158,15.24
2024-01-21,DEV_00107,1.61
2024-01-23,DEV_00018,26.71
2024-01-27,DEV_00128,14.52
2024-01-27,DEV_00155,80.79
2024-01-06,DEV_00089,17.76
2024-01-01,DEV_00034,8.48
2024-01-06,DEV_00098,9.5
2024-01-19,DEV_00124,5.48
2024-01-23,DEV_00172,28.84
2024-01-28,DEV_00001,21.52
2024-01-04,DEV_00057,28.28
2024-01-23,DEV_00026,15.74
2024-01-07,DEV_00076,18.64
2024-01-15,DEV_00116,23.4
2024-01-22,DEV_00002,34.08
2024-01-25,DEV_00082,19.46
2024-01-24,DEV_00138,19.22
2024-01-08,DEV_00041,23.65
2024-01-03,DEV_00153,37.24
2024-01-22,DEV_00035,3.9
2024-01-23,DEV_00118,23.29
2024-01-31,DEV_00186,17.4
2024-01-05,DEV_00066,18.47
2024-01-18,DEV_00141,15.98
2024-01-24,DEV_00090,17.99
2024-01-25,DEV_00058,19.35
2024-01-18,DEV_00126,8.08
2024-01-16,DEV_00092,40.08
2024-01-19,DEV_00014,11.97
2024-01-23,DEV_00152,47.1
2024-01-06,DEV_00075,27.01
2024-01-21,DEV_00172,18.5
2024-01-06,DEV_00083,11.41
2024-01-11,DEV_00080,13.68
2024-01-10,DEV_00171,7.64
2024-01-27,DEV_00105,14.78
2024-01-10,DEV_00183,8.64
2024-01-23,DEV_00031,13.86
2024-01-20,DEV_00003,14.67
2024-01-22,DEV_00155,11.48
2024-01-05,DEV_00179,21.11
2024-01-14,DEV_00039,16.5
2024-01-06,DEV_00019,6.07
2024-01-22,DEV_00042,44.1
2024-01-04,DEV_00042,43.02
2024-01-09,DEV_00157,24.29
2024-01-31,DEV_00114,63.74
2024-01-18,DEV_00044,31.57
2024-01-01,DEV_00121,17.64
2024-01-05,DEV_00133,11.29
2024-01-17,DEV_00158,20.93
2024-01-27,DEV_00057,21.55
2024-01-24,DEV_00034,100.1
2024-01-01,DEV_00169,28.79
2024-01-07,DEV_00044,36.15
2024-01-21,DEV_00198,6.97
2024-01-06,DEV_00120,25.65
2024-01-06,DEV_00137,9.87
2024-01-27,DEV_00027,104.61
2024-01-08,DEV_00173,12.63
2024-01-30,DEV_00176,17.43
2024-01-30,DEV_00043,224.17
2024-01-21,DEV_00155,16.74
2024-01-11,DEV_00065,35.17
2024-01-01,DEV_00018,23.48
2024-01-27,DEV_00174,23.69
2024-01-18,DEV_00092,12.25
2024-01-02,DEV_00037,13.51
2024-01-05,DEV_00126,78.45
2024-01-22,DEV_00039,24.31
2024-01-02,DEV_00063,46.97
2024-01-13,DEV_00163,25.44
2024-01-27,DEV_00003,64.52
2024-01-13,DEV_00048,29.6
2024-01-27,DEV_00173,45.05
2024-01-21,DEV_00004,42.9
2024-01-10,DEV_00112,17.69
2024-01-26,DEV_00156,16.97
2024-01-30,DEV_00193,44.66
2024-01-05,DEV_00160,13.81
2024-01-17,DEV_00027,127.71
2024-01-09,DEV_00188,2.81
2024-01-25,DEV_00187,9.78
2024-01-07,DEV_00077,4.37
2024-01-04,DEV_00021,43.9
2024-01-11,DEV_00006,61.06
2024-01-30,DEV_00067,8.66
2024-01-17,DEV_00073,13.79
2024-01-27,DEV_00086,48.02
2024-01-10,DEV_00185,31.91
2024-01-25,DEV_00150,8.15
2024-01-28,DEV_00121,37.78
2024-01-22,DEV_00157,19.09
2024-01-21,DEV_00162,8.99
2024-01-08,DEV_00002,16.53
2024-01-10,DEV_00167,66.74
2024-01-20,DEV_00124,20.32
2024-01-13,DEV_00039,21.04
2024-01-14,DEV_00073,10.05
2024-01-26,DEV_00004,36.22
2024-01-04,DEV_00176,13.3
2024-01-31,DEV_00055,8.09
2024-01-28,DEV_00016,30.85
2024-01-06,DEV_00029,7.79
2024-01-31,DEV_00144,13.03
2024-01-26,DEV_00032,52.55
2024-01-07,DEV_00197,28.43
2024-01-04,DEV_00107,7.28
2024-01-25,DEV_00075,7.27
2024-01-15,DEV_00095,23.07
2024-01-01,DEV_00190,35.52
2024-01-28,DEV_00145,11.23
2024-01-21,DEV_00137,16.15
2024-01-21,DEV_00123,5.15
2024-01-19,DEV_00159,13.1
2024-01-27,DEV_00135,9.36
2024-01-19,DEV_00018,49.6
2024-01-26,DEV_00154,66.98
2024-01-06,DEV_00003,25.66
2024-01-17,DEV_00186,22.59
2024-01-28,DEV_00074,18.75
2024-01-24,DEV_00094,16.73
2024-01-11,DEV_00026,19.03
2024-01-10,DEV_00050,16.28
2024-01-01,DEV_00056,44.28
2024-01-14,DEV_00087,44.42
2024-01-24,DEV_00013,13.98
2024-01-18,DEV_00110,5.78
2024-01-15,DEV_00164,20.88
2024-01-10,DEV_00154,31.53
2024-01-27,DEV_00131,9.22
2024-01-20,DEV_00166,82.75
2024-01-23,DEV_00020,6.32
2024-01-07,DEV_00148,15.21
2024-01-21,DEV_00144,4.07
2024-01-02,DEV_00181,22.97
2024-01-02,DEV_00073,64.59
2024-01-08,DEV_00031,19.92
2024-01-25,DEV_00058,5.86
2024-01-14,DEV_00015,134.33
2024-01-08,DEV_00047,18.03
2024-01-31,DEV_00097,4.6
2024-01-15,DEV_00149,28.59
2024-01-27,DEV_00113,16.19
2024-01-29,DEV_00081,21.03
2024-01-23,DEV_00026,10.74
2024-01-06,DEV_00161,15.69
2024-01-06,DEV_00166,8.5
2024-01-04,DEV_00021,19.24
2024-01-15,DEV_00175,12.26
2024-01-07,DEV_00159,46.44
2024-01-29,DEV_00100,9.07
2024-01-12,DEV_00086,6.72
2024-01-07,DEV_00031,31.3
2024-01-21,DEV_00025,18.87
2024-01-06,DEV_00091,20.81
2024-01-27,DEV_00174,16.12
2024-01-13,DEV_00187,31.07
2024-01-25,DEV_00135,111.78
2024-01-31,DEV_00104,18.38
2024-01-05,DEV_00192,6.61
2024-01-19,DEV_00106,5.45
2024-01-10,DEV_00109,25.53
2024-01-10,DEV_00057,17.48
2024-01-11,DEV_00070,13.2
2024-01-31,DEV_00111,6.5
2024-01-28,DEV_00140,39.12
2024-01-17,DEV_00093,32.72
2024-01-31,DEV_00081,8.97
2024-01-10,DEV_00120,40.66
2024-01-15,DEV_00189,29.84
2024-01-19,DEV_00098,10.69
2024-01-03,DEV_00066,20.74
2024-01-07,DEV_00136,7.25
2024-01-14,DEV_00037,15.61
2024-01-30,DEV_00026,83.73
2024-01-14,DEV_00021,41.91
2024-01-11,DEV_00142,11.05
2024-01-20,DEV_00093,23.51
2024-01-30,DEV_00167,52.39
2024-01-18,DEV_00066,28.13
2024-01-29,DEV_00149,52.68
2024-01-07,DEV_00027,15.52
2024-01-05,DEV_00035,89.78
2024-01-12,DEV_00073,47.04
2024-01-18,DEV_00084,18.73
2024-01-27,DEV_00198,46.12
2024-01-06,DEV_00005,37.95
2024-01-29,DEV_00046,20.5
2024-01-05,DEV_00159,11.45
2024-01-01,DEV_00097,29.56
2024-01-22,DEV_00116,23.97
2024-01-04,DEV_00168,6.95
2024-01-22,DEV_00118,11.6
2024-01-10,DEV_00097,11.08
2024-01-02,DEV_00005,12.42
2024-01-29,DEV_00078,28.36
2024-01-14,DEV_00074,43.73
2024-01-27,DEV_00097,51.89
2024-01-22,DEV_00025,6.71
2024-01-17,DEV_00173,22.27
2024-01-15,DEV_00144,29.73
2024-01-18,DEV_00051,4.68
2024-01-23,DEV_00153,51.66
2024-01-16,DEV_00049,91.52
2024-01-31,DEV_00073,6.47
2024-01-14,DEV_00128,55.49
2024-01-31,DEV_00132,13.69
2024-01-11,DEV_00182,28.18
2024-01-29,DEV_00100,70.11
2024-01-13,DEV_00127,9.61
2024-01-15,DEV_00167,11.11
2024-01-03,DEV_00101,28.41
2024-01-24,DEV_00009,27.55
2024-01-24,DEV_00027,40.29
2024-01-08,DEV_00050,17.52
2024-01-15,DEV_00112,17.22
2024-01-30,DEV_00171,15.61
2024-01-22,DEV_00088,28.99
2024-01-10,DEV_00096,43.69
2024-01-25,DEV_00170,36.19
2024-01-08,DEV_00108,16.62
2024-01-18,DEV_00154,10.32
2024-01-19,DEV_00101,9.95
2024-01-19,DEV_00059,3.98
2024-01-21,DEV_00132,27.06
2024-01-04,DEV_00013,8.93
2024-01-24,DEV_00030,17.35
2024-01-25,DEV_00187,29.69
2024-01-18,DEV_00175,18.12
2024-01-29,DEV_00194,9.72
2024-01-10,DEV_00092,12.09
2024-01-14,DEV_00138,38.22
2024-01-14,DEV_00059,37.22
2024-01-12,DEV_00067,53.13
2024-01-10,DEV_00011,60.8
2024-01-21,DEV_00163,10.91
2024-01-13,DEV_00025,58.42
2024-01-22,DEV_00148,7.27
2024-01-24,DEV_00085,42.33
2024-01-12,DEV_00004,7.05
2024-01-18,DEV_00075,97.29
2024-01-20,DEV_00185,6.99
2024-01-01,DEV_00159,14.73
2024-01-18,DEV_00032,8.76
2024-01-09,DEV_00103,22.88
2024-01-02,DEV_00013,55.97
2024-01-27,DEV_00139,13.69
2024-01-26,DEV_00136,47.37
2024-01-29,DEV_00115,12.6
2024-01-13,DEV_00100,5.22
2024-01-17,DEV_00172,5.38
2024-01-04,DEV_00142,23.48
2024-01-30,DEV_00102,13.43
2024-01-08,DEV_00162,33.96
2024-01-24,DEV_00006,104.56
2024-01-22,DEV_00047,15.38
2024-01-31,DEV_00167,17.55
2024-01-10,DEV_00099,12.64
2024-01-02,DEV_00133,21.3
2024-01-24,DEV_00076,48.98
2024-01-07,DEV_00074,97.27
2024-01-17,DEV_00128,27.27
2024-01-11,DEV_00143,21.63
2024-01-24,DEV_00160,19.59
2024-01-07,DEV_00043,9.44
2024-01-19,DEV_00093,61.48
2024-01-11,DEV_00161,36.14
2024-01-22,DEV_00052,22.83
2024-01-03,DEV_00089,8.62
2024-01-01,DEV_00168,15
2024-01-07,DEV_00137,15.79
2024-01-14,DEV_00073,29.93
2024-01-04,DEV_00017,22.67
2024-01-23,DEV_00033,20.36
2024-01-03,DEV_00143,49.19
2024-01-01,DEV_00013,38.1
2024-01-27,DEV_00196,15.33
2024-01-07,DEV_00131,15.21
2024-01-20,DEV_00019,13.55
2024-01-21,DEV_00152,31.53
2024-01-22,DEV_00195,32.94
2024-01-06,DEV_00169,17.93
2024-01-10,DEV_00184,65.43
2024-01-05,DEV_00150,9.16
2024-01-13,DEV_00138,6.21
2024-01-15,DEV_00079,7.01
2024-01-17,DEV_00175,8.91
2024-01-15,DEV_00182,77.07
2024-01-05,DEV_00135,29.84
2024-01-22,DEV_00041,22.33
2024-01-10,DEV_00140,13.9
2024-01-10,DEV_00127,6.19
2024-01-28,DEV_00182,9.35
2024-01-01,DEV_00008,59.25
2024-01-07,DEV_00039,20.3
2024-01-17,DEV_00022,41.25
2024-01-12,DEV_00141,6.81
2024-01-01,DEV_00063,8.99
2024-01-15,DEV_00090,15.12
2024-01-25,DEV_00035,16.89
2024-01-09,DEV_00162,7.09
2024-01-09,DEV_00130,5.51
2024-01-14,DEV_00064,24.7
2024-01-23,DEV_00132,41.47
2024-01-06,DEV_00017,11.67
2024-01-18,DEV_00132,51.48
2024-01-23,DEV_00084,5.44
2024-01-22,DEV_00081,32.6
2024-01-21,DEV_00101,46.67
2024-01-08,DEV_00071,32.24
2024-01-21,DEV_00087,34.44
2024-01-27,DEV_00151,34.92
2024-01-03,DEV_00086,15.5
2024-01-31,DEV_00185,19.47
2024-01-11,DEV_00002,8.98
2024-01-08,DEV_00029,14.61
2024-01-09,DEV_00130,15.35
2024-01-14,DEV_00059,29.61
2024-01-10,DEV_00069,8.66
2024-01-29,DEV_00189,18.77
2024-01-26,DEV_00197,26.16
2024-01-11,DEV_00170,19.84
2024-01-30,DEV_00101,29.66
2024-01-26,DEV_00099,60.93
2024-01-30,DEV_00184,12.65
2024-01-16,DEV_00054,20.56
2024-01-12,DEV_00018,66.86
2024-01-31,DEV_00157,31.72
2024-01-07,DEV_00052,90.98
2024-01-03,DEV_00116,14.56
2024-01-15,DEV_00070,84.9
2024-01-21,DEV_00198,15.62
2024-01-03,DEV_00011,35.25
2024-01-14,DEV_00172,21.59
2024-01-28,DEV_00036,14.92
2024-01-02,DEV_00169,46.93
2024-01-18,DEV_00046,11.77
2024-01-22,DEV_00124,12.99
2024-01-05,DEV_00159,9.21
2024-01-25,DEV_00093,50.63
2024-01-03,DEV_00189,9.96
2024-01-23,DEV_00047,4.34
2024-01-20,DEV_00187,54.53
2024-01-06,DEV_00132,12.49
2024-01-25,DEV_00059,18.54
2024-01-19,DEV_00041,17.43
2024-01-20,DEV_00006,30.46
2024-01-11,DEV_00048,5.11
2024-01-08,DEV_00006,42.87
2024-01-11,DEV_00177,33.22
2024-01-03,DEV_00075,18.86
2024-01-21,DEV_00131,14.51
2024-01-25,DEV_00175,25.58
2024-01-31,DEV_00032,25.49
2024-01-27,DEV_00108,32.82
2024-01-05,DEV_00192,15.34
2024-01-01,DEV_00135,20.38
2024-01-20,DEV_00132,15.59
2024-01-14,DEV_00072,32.17
2024-01-18,DEV_00034,47.51
2024-01-18,DEV_00035,19.13
2024-01-08,DEV_00165,18.34
2024-01-08,DEV_00128,4.23
2024-01-11,DEV_00189,12.52
2024-01-29,DEV_00161,31.66
2024-01-18,DEV_00141,12.02
2024-01-18,DEV_00139,47.72
2024-01-12,DEV_00143,15.63
2024-01-06,DEV_00112,14.61
2024-01-10,DEV_00032,71.12
2024-01-09,DEV_00008,32.09
2024-01-07,DEV_00161,19.26
2024-01-02,DEV_00132,54.08
2024-01-25,DEV_00133,60.32
2024-01-22,DEV_00077,80.06
2024-01-03,DEV_00142,18.6
2024-01-09,DEV_00129,9.56
2024-01-10,DEV_00146,38.72
2024-01-21,DEV_00123,30.98
2024-01-13,DEV_00015,6.38
2024-01-05,DEV_00005,23.56
2024-01-14,DEV_00160,43.95
2024-01-31,DEV_00187,9.4
2024-01-24,DEV_00067,8.38
2024-01-22,DEV_00155,18.09
2024-01-10,DEV_00156,13.6
2024-01-03,DEV_00058,11.62
2024-01-01,DEV_00163,16.59
2024-01-18,DEV_00043,38.14
2024-01-11,DEV_00092,15.11
2024-01-08,DEV_00035,25.59
2024-01-29,DEV_00056,17.08
2024-01-16,DEV_00175,6.18
2024-01-06,DEV_00044,79.26
2024-01-02,DEV_00145,78.46
2024-01-30,DEV_00169,7.69
2024-01-22,DEV_00036,14.54
2024-01-19,DEV_00027,8.35
2024-01-20,DEV_00198,4.65
2024-01-27,DEV_00087,12.16
2024-01-29,DEV_00188,34.4
2024-01-10,DEV_00156,12.42
2024-01-03,DEV_00151,16.47
2024-01-18,DEV_00116,119.68
2024-01-24,DEV_00078,35.4
2024-01-29,DEV_00142,39.08
2024-01-25,DEV_00072,19.34
2024-01-15,DEV_00063,25.74
2024-01-29,DEV_00003,11.16
2024-01-24,DEV_00124,15.17
2024-01-25,DEV_00019,56.41
2024-01-11,DEV_00164,16.98
2024-01-17,DEV_00194,43.43
2024-01-17,DEV_00098,13.69
2024-01-18,DEV_00068,11.81
2024-01-21,DEV_00073,6.15
2024-01-05,DEV_00114,7.39
2024-01-01,DEV_00115,35.26
2024-01-09,DEV_00172,48.44
2024-01-18,DEV_00104,3.51
2024-01-13,DEV_00084,53.93
2024-01-30,DEV_00165,29.31
2024-01-31,DEV_00047,12.06
2024-01-31,DEV_00141,10.37
2024-01-05,DEV_00138,16.44
2024-01-03,DEV_00079,55.57
2024-01-07,DEV_00039,10.84
2024-01-10,DEV_00125,21.5
2024-01-09,DEV_00111,27.34
2024-01-30,DEV_00003,76.99
2024-01-09,DEV_00142,19.28
2024-01-31,DEV_00183,19.38
2024-01-09,DEV_00165,199.86
2024-01-25,DEV_00021,18.73
2024-01-06,DEV_00127,10.11
2024-01-12,DEV_00146,34.25
2024-01-07,DEV_00002,41.35
2024-01-01,DEV_00172,6.38
2024-01-03,DEV_00199,4.07
2024-01-05,DEV_00134,37.85
2024-01-16,DEV_00021,24.36
2024-01-15,DEV_00194,44.75
2024-01-30,DEV_00118,7.87
2024-01-14,DEV_00062,7.54
2024-01-17,DEV_00121,6.55
2024-01-07,DEV_00181,23.19
2024-01-13,DEV_00073,8.51
2024-01-19,DEV_00101,8.75
2024-01-23,DEV_00062,23.95
2024-01-06,DEV_00078,15.19
2024-01-31,DEV_00177,4.22
2024-01-25,DEV_00110,9.18
2024-01-03,DEV_00105,31.8
2024-01-22,DEV_00195,13.66
2024-01-09,DEV_00130,49.3
2024-01-02,DEV_00134,17.42
2024-01-10,DEV_00009,40.63
2024-01-08,DEV_00040,40.8
2024-01-13,DEV_00022,3.73
2024-01-22,DEV_00034,37.67
2024-01-30,DEV_00149,15.12
2024-01-03,DEV_00143,30.92
2024-01-03,DEV_00020,99.57
2024-01-24,DEV_00178,71.59
2024-01-08,DEV_00001,23.5
2024-01-01,DEV_00036,23.73
2024-01-27,DEV_00153,6.65
2024-01-05,DEV_00183,8.62
2024-01-22,DEV_00150,18.11
2024-01-16,DEV_00036,5.98
2024-01-28,DEV_00055,13.49
2024-01-02,DEV_00032,7.36
2024-01-30,DEV_00109,49.18
2024-01-12,DEV_00064,44.25
2024-01-10,DEV_00086,18.31
2024-01-20,DEV_00062,10.09
2024-01-25,DEV_00198,8.67
2024-01-16,DEV_00193,38.6
2024-01-23,DEV_00200,89.77
2024-01-02,DEV_00091,25.26
2024-01-13,DEV_00123,11.57
2024-01-21,DEV_00178,3.01
2024-01-26,DEV_00064,29.02
2024-01-03,DEV_00173,7.4
2024-01-28,DEV_00185,9.57
2024-01-14,DEV_00042,10.55
2024-01-29,DEV_00156,11.51
2024-01-08,DEV_00157,32.36
2024-01-28,DEV_00132,22.15
2024-01-18,DEV_00067,42.33
2024-01-20,DEV_00195,4.58
2024-01-12,DEV_00145,33.16
2024-01-10,DEV_00114,36.91
2024-01-03,DEV_00161,6.53
2024-01-25,DEV_00182,27.16
2024-01-02,DEV_00051,33.98
2024-01-01,DEV_00159,35.01
2024-01-31,DEV_00178,20.93
2024-01-12,DEV_00164,18.03
2024-01-24,DEV_00039,13.27
2024-01-02,DEV_00047,19.26
2024-01-29,DEV_00162,90.64
2024-01-16,DEV_00034,41.72
2024-01-25,DEV_00134,33.31
2024-01-18,DEV_00145,6.21
2024-01-10,DEV_00099,6.57
2024-01-15,DEV_00140,11.13
2024-01-11,DEV_00130,58.09
2024-01-07,DEV_00081,14.71
2024-01-02,DEV_00167,12.4
2024-01-05,DEV_00069,23.5
2024-01-04,DEV_00132,9.73
2024-01-31,DEV_00196,12.97
2024-01-09,DEV_00153,39.25
2024-01-27,DEV_00049,91.32
2024-01-29,DEV_00004,45.53
2024-01-31,DEV_00106,4.25
2024-01-05,DEV_00127,13.62
2024-01-29,DEV_00159,46.72
2024-01-09,DEV_00142,5.56
2024-01-28,DEV_00181,15.68
2024-01-17,DEV_00177,28.11
2024-01-06,DEV_00118,11.13
2024-01-06,DEV_00014,8.02
2024-01-29,DEV_00156,22.81
2024-01-11,DEV_00054,23.93
2024-01-28,DEV_00002,7.2
2024-01-03,DEV_00006,11.01
2024-01-23,DEV_00047,6.97
2024-01-01,DEV_00091,38.58
2024-01-31,DEV_00174,15.26
2024-01-26,DEV_00157,65.92
2024-01-18,DEV_00067,24.13
2024-01-27,DEV_00007,70.13
2024-01-21,DEV_00034,23.87
2024-01-03,DEV_00087,29.07
2024-01-12,DEV_00035,14.38
2024-01-11,DEV_00011,35.87
2024-01-24,DEV_00107,7.94
2024-01-01,DEV_00125,41.29
2024-01-31,DEV_00180,4.82
2024-01-12,DEV_00084,18.59
2024-01-26,DEV_00148,28.39
2024-01-16,DEV_00134,22.07
2024-01-06,DEV_00192,12.68
2024-01-20,DEV_00007,9.31
2024-01-27,DEV_00054,21.14
2024-01-29,DEV_00181,20.91
2024-01-30,DEV_00071,14.76
2024-01-10,DEV_00197,15.11
2024-01-14,DEV_00162,9.2
2024-01-27,DEV_00162,10.38
2024-01-26,DEV_00179,8.95
2024-01-19,DEV_00012,10.3
2024-01-20,DEV_00121,5.88
2024-01-26,DEV_00020,42.48
2024-01-05,DEV_00067,11.18
2024-01-06,DEV_00054,18.35
2024-01-11,DEV_00190,5.55
2024-01-16,DEV_00137,17.92
2024-01-01,DEV_00013,42.25
2024-01-29,DEV_00045,41.04
2024-01-20,DEV_00138,30.21
2024-01-12,DEV_00053,11.97
2024-01-23,DEV_00104,8.9
2024-01-02,DEV_00181,4.72
2024-01-14,DEV_00173,8.83
2024-01-26,DEV_00197,5.06
2024-01-08,DEV_00044,28.31
2024-01-06,DEV_00114,71.27
2024-01-06,DEV_00004,26.51
2024-01-09,DEV_00066,11.06
2024-01-08,DEV_00074,21.85
2024-01-04,DEV_00050,33.55
2024-01-18,DEV_00014,26.59
2024-01-06,DEV_00179,15.86
2024-01-11,DEV_00176,33.07
2024-01-05,DEV_00167,9.38
2024-01-07,DEV_00012,11.19
2024-01-09,DEV_00133,9.97
2024-01-21,DEV_00043,44.21
2024-01-24,DEV_00180,8.97
2024-01-27,DEV_00018,143.98
2024-01-15,DEV_00153,19.65
2024-01-17,DEV_00012,56.6
2024-01-14,DEV_00137,40.08
2024-01-17,DEV_00024,48.65
2024-01-01,DEV_00024,18.55
2024-01-07,DEV_00147,33.12
2024-01-05,DEV_00160,62.25
2024-01-05,DEV_00083,31.86
2024-01-03,DEV_00130,13.61
2024-01-01,DEV_00040,21.65
2024-01-14,DEV_00085,17.95
2024-01-22,DEV_00047,49.61
2024-01-09,DEV_00059,46.86
2024-01-02,DEV_00196,20.83
2024-01-19,DEV_00189,11.21
2024-01-04,DEV_00036,21.55
2024-01-10,DEV_00161,6.97
2024-01-14,DEV_00122,29.64
2024-01-14,DEV_00020,17.47
2024-01-08,DEV_00054,66.75
2024-01-05,DEV_00091,9.3
2024-01-25,DEV_00102,34.38
2024-01-28,DEV_00196,17.52
2024-01-07,DEV_00010,4.99
2024-01-28,DEV_00105,3.85
2024-01-09,DEV_00195,49.98
2024-01-22,DEV_00071,26.81
2024-01-27,DEV_00034,77.74
2024-01-18,DEV_00180,19.38
2024-01-14,DEV_00186,10.65
2024-01-31,DEV_00031,8.64
2024-01-18,DEV_00089,46.15
2024-01-20,DEV_00011,3.14
2024-01-29,DEV_00200,7.29
2024-01-23,DEV_00082,5.14
2024-01-14,DEV_00151,69.75
2024-01-10,DEV_00033,21.66
2024-01-19,DEV_00075,9.56
2024-01-05,DEV_00004,9.36
2024-01-11,DEV_00097,14.93
2024-01-13,DEV_00142,12.38
2024-01-15,DEV_00186,22.65
2024-01-31,DEV_00172,16.78
2024-01-25,DEV_00133,27.19
2024-01-09,DEV_00037,3.7
2024-01-14,DEV_00122,24.8
2024-01-10,DEV_00180,26.89
2024-01-16,DEV_00139,11.83
2024-01-07,DEV_00080,26.4
2024-01-20,DEV_00121,6.82
2024-01-31,DEV_00118,23.31
2024-01-31,DEV_00119,18.24
2024-01-22,DEV_00200,31.94
2024-01-07,DEV_00176,2.46
2024-01-28,DEV_00100,32.63
2024-01-11,DEV_00049,29.87
2024-01-17,DEV_00172,179.52
2024-01-16,DEV_00157,12.55
2024-01-05,DEV_00148,29.63
2024-01-02,DEV_00075,46.4
2024-01-07,DEV_00105,34.41
2024-01-16,DEV_00157,35.64
2024-01-26,DEV_00005,14.42
2024-01-21,DEV_00026,33.76
2024-01-16,DEV_00044,27.01
2024-01-15,DEV_00039,5.59
2024-01-11,DEV_00061,54.25
2024-01-11,DEV_00038,7.54
2024-01-30,DEV_00155,17.52
2024-01-29,DEV_00049,15.16
2024-01-29,DEV_00189,31.43
2024-01-31,DEV_00079,43.63
2024-01-01,DEV_00146,68.67
2024-01-16,DEV_00115,11.82
2024-01-13,DEV_00107,14.91
2024-01-12,DEV_00156,7.63
2024-01-13,DEV_00195,8.05
2024-01-29,DEV_00172,24.51
2024-01-09,DEV_00020,17.83
2024-01-29,DEV_00176,20.29
2024-01-15,DEV_00035,16.79
2024-01-24,DEV_00115,12.79
2024-01-25,DEV_00130,14.41
2024-01-17,DEV_00057,5.37
2024-01-05,DEV_00006,32.75
2024-01-17,DEV_00170,23.78
2024-01-12,DEV_00096,32.62
2024-01-04,DEV_00102,47.9
2024-01-24,DEV_00135,10.37
2024-01-09,DEV_00093,12.11
2024-01-07,DEV_00121,11.06
2024-01-16,DEV_00091,25.9
2024-01-28,DEV_00089,7.5
2024-01-25,DEV_00034,12.27
2024-01-15,DEV_00086,10.19
2024-01-11,DEV_00005,15.28
2024-01-15,DEV_00168,69.39
2024-01-23,DEV_00143,34.85
2024-01-12,DEV_00120,12.86
2024-01-28,DEV_00145,47.09
2024-01-05,DEV_00089,3.68
2024-01-11,DEV_00138,6.81
2024-01-02,DEV_00046,9.81
2024-01-16,DEV_00185,21.24
2024-01-03,DEV_00079,9.6
2024-01-28,DEV_00060,16.02
2024-01-01,DEV_00010,12.14
2024-01-15,DEV_00140,11.86
2024-01-25,DEV_00194,37.96
2024-01-12,DEV_00134,26.71
2024-01-13,DEV_00097,28.11
2024-01-02,DEV_00157,26.32
2024-01-30,DEV_00048,16.15
2024-01-02,DEV_00164,14.97
2024-01-13,DEV_00174,4.14
2024-01-04,DEV_00173,34.15
2024-01-20,DEV_00118,19.65
2024-01-07,DEV_00098,60.53
2024-01-12,DEV_00157,30.46
2024-01-08,DEV_00101,82.65
2024-01-07,DEV_00028,65.38
2024-01-30,DEV_00066,21.69
2024-01-30,DEV_00021,22.71
2024-01-24,DEV_00079,24.73
2024-01-18,DEV_00120,30.34
2024-01-02,DEV_00048,59.99
2024-01-06,DEV_00081,26.78
2024-01-14,DEV_00080,17.98
2024-01-17,DEV_00181,106.3
2024-01-07,DEV_00119,32.78
2024-01-26,DEV_00087,5.34
2024-01-08,DEV_00010,20.13
2024-01-27,DEV_00172,13.28
2024-01-21,DEV_00126,30.14
2024-01-04,DEV_00091,31.38
2024-01-02,DEV_00154,16.07
2024-01-19,DEV_00196,11.4
2024-01-19,DEV_00161,10.15
2024-01-20,DEV_00147,10.22
2024-01-25,DEV_00006,13.16
2024-01-24,DEV_00100,9.49
2024-01-04,DEV_00006,10.57
2024-01-22,DEV_00182,17.06
2024-01-10,DEV_00004,22.22
2024-01-19,DEV_00066,117.27
2024-01-02,DEV_00132,41.94
2024-01-15,DEV_00149,3.86
2024-01-13,DEV_00059,23.38
2024-01-29,DEV_00035,13.05
2024-01-02,DEV_00132,17.27
2024-01-09,DEV_00186,10.71
2024-01-26,DEV_00173,21.21
2024-01-23,DEV_00193,21.44
2024-01-06,DEV_00005,6.82
2024-01-19,DEV_00054,53.59
2024-01-28,DEV_00083,12.86
2024-01-30,DEV_00088,42.26
2024-01-15,DEV_00043,12.18
2024-01-13,DEV_00063,9.63
2024-01-01,DEV_00016,22.51
2024-01-14,DEV_00026,36.35
2024-01-24,DEV_00098,15.28
2024-01-08,DEV_00128,9.19
2024-01-20,DEV_00064,31.99
2024-01-26,DEV_00034,19.57
2024-01-29,DEV_00164,10.19
2024-01-31,DEV_00018,10.55
2024-01-20,DEV_00185,31.5
2024-01-12,DEV_00178,32.86
2024-01-17,DEV_00116,7.04
2024-01-23,DEV_00141,20.69
2024-01-10,DEV_00037,24.85
2024-01-14,DEV_00063,20.25
2024-01-13,DEV_00081,4.96
2024-01-31,DEV_00092,7.27
2024-01-04,DEV_00171,62.92
2024-01-22,DEV_00039,17
2024-01-20,DEV_00176,13.1
2024-01-10,DEV_00028,26.12
2024-01-24,DEV_00044,8.26
2024-01-23,DEV_00132,34.96
2024-01-15,DEV_00055,23.31
2024-01-11,DEV_00197,13.57
2024-01-13,DEV_00010,27.83
2024-01-21,DEV_00095,35.16
2024-01-13,DEV_00039,122.85
2024-01-12,DEV_00001,79.02
2024-01-09,DEV_00083,29.12
2024-01-13,DEV_00103,18.9
2024-01-01,DEV_00179,66.75
2024-01-21,DEV_00024,5.04
2024-01-15,DEV_00122,17.88
2024-01-30,DEV_00179,5.23
2024-01-19,DEV_00028,17.21
2024-01-01,DEV_00002,16.87
2024-01-16,DEV_00181,5.51
2024-01-04,DEV_00049,37.38
2024-01-08,DEV_00048,22.73
2024-01-27,DEV_00077,8.49
2024-01-20,DEV_00022,69.38
2024-01-07,DEV_00117,24.26
2024-01-20,DEV_00115,21.37
2024-01-12,DEV_00059,9.2
2024-01-15,DEV_00029,16.69
2024-01-12,DEV_00010,10
2024-01-03,DEV_00096,24.23
2024-01-30,DEV_00200,24.7
2024-01-27,DEV_00063,14.82
2024-01-09,DEV_00046,3.84
2024-01-07,DEV_00010,22.45
2024-01-30,DEV_00028,17.04
2024-01-05,DEV_00054,35.55
2024-01-05,DEV_00058,14.56
2024-01-12,DEV_00164,14.84
2024-01-19,DEV_00092,15.3
2024-01-27,DEV_00098,10.33
2024-01-25,DEV_00092,12.3
2024-01-01,DEV_00023,112.29
2024-01-12,DEV_00154,75.41
2024-01-09,DEV_00164,11.5
2024-01-22,DEV_00055,6
2024-01-19,DEV_00023,15.43
2024-01-10,DEV_00025,23.72
2024-01-19,DEV_00028,28.27
2024-01-27,DEV_00104,11.32
2024-01-10,DEV_00059,28.76
2024-01-07,DEV_00015,6.88
2024-01-17,DEV_00164,28.15
2024-01-01,DEV_00135,49.65
2024-01-22,DEV_00138,59.18
2024-01-27,DEV_00030,41.42
2024-01-03,DEV_00073,12.2
2024-01-07,DEV_00117,19.45
2024-01-01,DEV_00121,9.27
2024-01-10,DEV_00103,7.24
2024-01-02,DEV_00070,59.05
2024-01-22,DEV_00163,8.57
2024-01-10,DEV_00114,67.47
2024-01-02,DEV_00130,35.55
2024-01-13,DEV_00056,17.69
2024-01-17,DEV_00076,70.03
2024-01-05,DEV_00124,104.2
2024-01-06,DEV_00152,13.03
2024-01-28,DEV_00091,31.14
2024-01-14,DEV_00003,2.45
2024-01-18,DEV_00047,47.52
2024-01-25,DEV_00192,30.16
2024-01-08,DEV_00067,18.64
2024-01-12,DEV_00021,49.69
2024-01-13,DEV_00083,14.59
2024-01-11,DEV_00043,11.34
2024-01-21,DEV_00047,18.61
2024-01-30,DEV_00026,34.15
2024-01-25,DEV_00106,79.71
2024-01-05,DEV_00106,23.94
2024-01-12,DEV_00081,11.38
2024-01-02,DEV_00019,20.2
2024-01-18,DEV_00109,13.36
2024-01-08,DEV_00182,16.08
2024-01-11,DEV_00110,50.14
2024-01-11,DEV_00096,39.52
2024-01-29,DEV_00047,23.43
2024-01-28,DEV_00161,11.13
2024-01-17,DEV_00096,24.3
2024-01-09,DEV_00120,12.29
2024-01-12,DEV_00111,21.5
2024-01-20,DEV_00118,27.26
2024-01-19,DEV_00114,16.73
2024-01-31,DEV_00176,62.11
2024-01-11,DEV_00162,9.45
2024-01-19,DEV_00091,20.44
2024-01-25,DEV_00059,9.76
2024-01-06,DEV_00162,14.47
2024-01-25,DEV_00068,22.88
2024-01-07,DEV_00116,68.4
2024-01-03,DEV_00056,10.16
2024-01-14,DEV_00151,28.64
2024-01-25,DEV_00164,11.17
2024-01-09,DEV_00122,117.87
2024-01-20,DEV_00076,10.03
2024-01-17,DEV_00039,33.2
2024-01-30,DEV_00170,23.78
2024-01-30,DEV_00071,30.52
2024-01-20,DEV_00139,6.42
2024-01-23,DEV_00017,18.32
2024-01-02,DEV_00015,10.42
2024-01-26,DEV_00138,10.84
2024-01-24,DEV_00025,13.22
2024-01-14,DEV_00104,10.05
2024-01-19,DEV_00051,29.11
2024-01-04,DEV_00081,20.74
2024-01-28,DEV_00176,27.54
2024-01-27,DEV_00179,11.47
2024-01-26,DEV_00010,15.56
2024-01-30,DEV_00156,22.81
2024-01-24,DEV_00053,3.63
2024-01-14,DEV_00127,47.3
2024-01-03,DEV_00023,30.53
2024-01-06,DEV_00147,29.86
2024-01-01,DEV_00176,12.16
2024-01-22,DEV_00056,22.83
2024-01-05,DEV_00118,16.76
2024-01-07,DEV_00176,56.81
2024-01-15,DEV_00113,12.47
2024-01-03,DEV_00123,21.05
2024-01-08,DEV_00028,18.77
2024-01-26,DEV_00180,6.24
2024-01-04,DEV_00170,7.35
2024-01-09,DEV_00101,17.57
2024-01-07,DEV_00005,3.76
2024-01-16,DEV_00106,30.61
2024-01-26,DEV_00196,2.99
2024-01-21,DEV_00001,5.72
2024-01-22,DEV_00068,61.78
2024-01-22,DEV_00008,10.15
2024-01-21,DEV_00022,17.23
2024-01-20,DEV_00024,58.5
2024-01-25,DEV_00056,33.01
2024-01-24,DEV_00173,5.63
2024-01-30,DEV_00005,10.78
2024-01-24,DEV_00143,47.1
2024-01-08,DEV_00198,45.78
2024-01-26,DEV_00008,16.12
2024-01-28,DEV_00139,6.28
2024-01-29,DEV_00059,66.91
2024-01-08,DEV_00025,24.57
2024-01-07,DEV_00067,5.69
2024-01-19,DEV_00022,5.45
2024-01-31,DEV_00185,22.31
2024-01-27,DEV_00107,10.03
2024-01-04,DEV_00181,34.72
2024-01-01,DEV_00130,33.53
2024-01-08,DEV_00091,20.77
2024-01-20,DEV_00039,30.7
2024-01-04,DEV_00111,51.35
2024-01-25,DEV_00198,33.04
2024-01-15,DEV_00137,11.77
2024-01-31,DEV_00136,18.24
2024-01-09,DEV_00128,19.15
2024-01-20,DEV_00049,39.68
2024-01-13,DEV_00087,23.33
2024-01-13,DEV_00001,2.7
2024-01-27,DEV_00143,11.01
2024-01-19,DEV_00152,11.9
2024-01-10,DEV_00029,15.7
2024-01-05,DEV_00062,16.74
2024-01-14,DEV_00183,7.79
2024-01-13,DEV_00157,29.44
2024-01-23,DEV_00057,21.68
2024-01-01,DEV_00068,6.53
2024-01-17,DEV_00056,29.21
2024-01-06,DEV_00185,13.25
2024-01-15,DEV_00019,6.74
2024-01-24,DEV_00128,21.36
2024-01-30,DEV_00110,11.78
2024-01-17,DEV_00025,11.15
2024-01-06,DEV_00022,11.8
2024-01-10,DEV_00018,20.08
2024-01-09,DEV_00103,3.98
2024-01-25,DEV_00021,18.04
2024-01-25,DEV_00074,10.96
2024-01-21,DEV_00143,5.99
2024-01-05,DEV_00120,39.31
2024-01-17,DEV_00090,18.92
2024-01-05,DEV_00078,89.72
2024-01-22,DEV_00131,2.58
2024-01-04,DEV_00194,8.93
2024-01-31,DEV_00133,8.38
2024-01-30,DEV_00040,12.79
2024-01-18,DEV_00125,41.12
2024-01-16,DEV_00194,21.8
2024-01-27,DEV_00092,37.59
2024-01-04,DEV_00066,28.45
2024-01-29,DEV_00113,13.77
2024-01-26,DEV_00186,15.31
2024-01-16,DEV_00101,56.96
2024-01-12,DEV_00007,25.28
2024-01-16,DEV_00148,7.7
2024-01-23,DEV_00032,54.31
2024-01-06,DEV_00112,11.22
2024-01-19,DEV_00101,60.14
2024-01-20,DEV_00037,30.08
2024-01-01,DEV_00163,6.47
2024-01-30,DEV_00069,31.81
2024-01-27,DEV_00132,38.82
2024-01-28,DEV_00032,16.06
2024-01-12,DEV_00192,146.54
2024-01-01,DEV_00028,13.08
2024-01-11,DEV_00113,80.14
2024-01-23,DEV_00095,13.05
2024-01-20,DEV_00184,14.21
2024-01-25,DEV_00062,30.81
2024-01-19,DEV_00038,11.63
2024-01-10,DEV_00173,4.77
2024-01-21,DEV_00029,9.45
2024-01-08,DEV_00144,15.94
2024-01-21,DEV_00138,11.31
2024-01-01,DEV_00034,14.39
2024-01-04,DEV_00001,6.39
2024-01-12,DEV_00101,12.6
2024-01-28,DEV_00195,46.38
2024-01-15,DEV_00002,20.61
2024-01-13,DEV_00038,43.19
2024-01-11,DEV_00117,11.93
2024-01-27,DEV_00124,20.5
2024-01-18,DEV_00065,71.58
2024-01-27,DEV_00192,5.95
2024-01-21,DEV_00129,40.25
2024-01-04,DEV_00160,14.49
2024-01-23,DEV_00032,36.94
2024-01-23,DEV_00158,35.57
2024-01-23,DEV_00087,14.74
2024-01-12,DEV_00130,69.84
2024-01-06,DEV_00161,19.94
2024-01-31,DEV_00046,21.38
2024-01-30,DEV_00051,10.03
2024-01-28,DEV_00127,16.6
2024-01-29,DEV_00107,32.41
2024-01-04,DEV_00081,13.09
2024-01-21,DEV_00035,1.87
2024-01-16,DEV_00116,54.75
2024-01-12,DEV_00193,32.19
2024-01-13,DEV_00009,53.64
2024-01-27,DEV_00148,18.43
2024-01-22,DEV_00183,4.84
2024-01-21,DEV_00009,28.55
2024-01-20,DEV_00077,24.29
2024-01-08,DEV_00139,16.26
2024-01-08,DEV_00170,42.8
2024-01-22,DEV_00026,61.28
2024-01-08,DEV_00010,37.62
2024-01-10,DEV_00118,26.78
2024-01-14,DEV_00014,7.23
2024-01-11,DEV_00080,12.49
2024-01-11,DEV_00109,9.66
2024-01-04,DEV_00012,19.86
2024-01-05,DEV_00009,47.88
2024-01-20,DEV_00030,37.96
2024-01-04,DEV_00195,8.78
2024-01-05,DEV_00189,19.39
2024-01-11,DEV_00078,67.15
2024-01-22,DEV_00021,46.1
2024-01-20,DEV_00192,11.6
2024-01-09,DEV_00164,24.48
2024-01-25,DEV_00075,34.83
2024-01-24,DEV_00027,20.47
2024-01-25,DEV_00031,24.38
2024-01-11,DEV_00185,19.63
2024-01-14,DEV_00030,10.8
2024-01-01,DEV_00077,27.73
2024-01-27,DEV_00198,35.11
2024-01-09,DEV_00068,43.8
2024-01-04,DEV_00099,16.15
2024-01-04,DEV_00088,15.16
2024-01-20,DEV_00179,4.24
2024-01-21,DEV_00054,6.96
2024-01-22,DEV_00131,56.2
2024-01-25,DEV_00182,48.73
2024-01-30,DEV_00176,18.25
2024-01-16,DEV_00047,10.78
2024-01-16,DEV_00176,9.5
2024-01-25,DEV_00037,82.66
2024-01-08,DEV_00029,14.57
2024-01-15,DEV_00096,22.49
2024-01-17,DEV_00049,24.28
2024-01-20,DEV_00170,44
2024-01-16,DEV_00184,15.88
2024-01-12,DEV_00072,18.71
2024-01-17,DEV_00061,47.59
2024-01-15,DEV_00186,8.53
2024-01-13,DEV_00030,30.81
2024-01-05,DEV_00029,16.12
2024-01-22,DEV_00118,9
2024-01-12,DEV_00013,19.02
2024-01-09,DEV_00155,12.27
2024-01-18,DEV_00022,70.24
2024-01-02,DEV_00026,9.82
2024-01-23,DEV_00128,40.94
2024-01-08,DEV_00034,13.69
2024-01-21,DEV_00192,5.11
2024-01-17,DEV_00171,44.58
2024-01-09,DEV_00125,6.11
2024-01-09,DEV_00189,9.51
2024-01-12,DEV_00171,19.35
2024-01-14,DEV_00005,7.32
2024-01-05,DEV_00173,21.26
2024-01-21,DEV_00175,47.76
2024-01-02,DEV_00083,6.87
2024-01-09,DEV_00183,36.59
2024-01-06,DEV_00087,16.16
2024-01-04,DEV_00188,15.6
2024-01-19,DEV_00013,62.1
2024-01-12,DEV_00150,28.36
2024-01-22,DEV_00007,20.2
2024-01-20,DEV_00036,23.25
2024-01-28,DEV_00092,23.3
2024-01-10,DEV_00123,8.25
2024-01-18,DEV_00097,14.45
2024-01-12,DEV_00075,48.77
2024-01-05,DEV_00127,6.13
2024-01-24,DEV_00186,31.83
2024-01-16,DEV_00046,40.08
2024-01-21,DEV_00107,4.08
2024-01-29,DEV_00037,51.09
2024-01-14,DEV_00093,9.84
2024-01-07,DEV_00171,51.68
2024-01-02,DEV_00188,10.28
2024-01-21,DEV_00069,14.46
2024-01-05,DEV_00151,24.07
2024-01-18,DEV_00047,79.55
2024-01-03,DEV_00079,19.98
2024-01-28,DEV_00010,21
2024-01-07,DEV_00011,21.49
2024-01-17,DEV_00090,9.26
2024-01-09,DEV_00035,20.4
2024-01-28,DEV_00050,50.98
2024-01-25,DEV_00195,24.37
2024-01-02,DEV_00198,4.24
2024-01-22,DEV_00012,24.52
2024-01-23,DEV_00044,15.79
2024-01-15,DEV_00106,20.99
2024-01-12,DEV_00144,13.41
2024-01-10,DEV_00166,19.85
2024-01-26,DEV_00161,10.63
2024-01-15,DEV_00051,34.08
2024-01-22,DEV_00150,38.4
2024-01-05,DEV_00198,10.19
2024-01-26,DEV_00032,13.99
2024-01-29,DEV_00105,12.68
2024-01-02,DEV_00174,15.94
2024-01-15,DEV_00068,25.24
2024-01-12,DEV_00025,75.61
2024-01-17,DEV_00192,9.75
2024-01-18,DEV_00030,18.6
2024-01-01,DEV_00021,118.76
2024-01-02,DEV_00057,40.69
2024-01-03,DEV_00129,4.46
2024-01-10,DEV_00070,37
2024-01-29,DEV_00154,16.54
2024-01-18,DEV_00053,15.97
2024-01-19,DEV_00181,22.14
2024-01-03,DEV_00196,10.02
2024-01-03,DEV_00002,19.13
2024-01-06,DEV_00194,8.06
2024-01-28,DEV_00103,12.33
2024-01-07,DEV_00177,9.62
2024-01-11,DEV_00128,32.93
2024-01-14,DEV_00183,2.53
2024-01-21,DEV_00092,56.18
2024-01-28,DEV_00158,4.26
2024-01-25,DEV_00123,7.66
2024-01-05,DEV_00179,17.8
2024-01-15,DEV_00117,106.48
2024-01-14,DEV_00187,8.03
2024-01-06,DEV_00030,39.33
2024-01-12,DEV_00086,7.16
2024-01-04,DEV_00035,12.26
2024-01-20,DEV_00093,13.07
2024-01-26,DEV_00001,25.9
2024-01-31,DEV_00183,26.62
2024-01-27,DEV_00112,30.24
2024-01-11,DEV_00040,9.14
2024-01-10,DEV_00146,99.36
2024-01-11,DEV_00150,27.14
2024-01-28,DEV_00102,48.75
2024-01-07,DEV_00171,17.91
2024-01-07,DEV_00018,18.89
2024-01-06,DEV_00008,22.72
2024-01-03,DEV_00009,12.05
2024-01-10,DEV_00117,71.88
2024-01-19,DEV_00028,12.42
2024-01-14,DEV_00063,11.56
2024-01-23,DEV_00162,26.05
2024-01-08,DEV_00125,27.49
2024-01-13,DEV_00084,6.49
2024-01-20,DEV_00036,38
2024-01-29,DEV_00029,23.45
2024-01-26,DEV_00001,16.38
2024-01-04,DEV_00074,15.33
2024-01-04,DEV_00066,18.49
2024-01-24,DEV_00026,49.38
2024-01-01,DEV_00190,152.87
2024-01-07,DEV_00068,13.05
2024-01-24,DEV_00183,20.57
2024-01-27,DEV_00140,27.31
2024-01-29,DEV_00125,38.32
2024-01-22,DEV_00179,71.32
2024-01-19,DEV_00169,32.26
2024-01-31,DEV_00129,126.72
2024-01-31,DEV_00151,25.35
2024-01-13,DEV_00190,21.66
2024-01-01,DEV_00109,5.19
2024-01-03,DEV_00107,57
2024-01-14,DEV_00196,15.72
2024-01-02,DEV_00182,12.26
2024-01-15,DEV_00074,22.4
2024-01-30,DEV_00073,3.4
2024-01-15,DEV_00171,43.87
2024-01-25,DEV_00140,48.92
2024-01-11,DEV_00107,167.46
2024-01-06,DEV_00165,47.96
2024-01-16,DEV_00143,9.11
2024-01-31,DEV_00063,8.07
2024-01-16,DEV_00069,32.96
2024-01-05,DEV_00079,210.06
2024-01-09,DEV_00044,14.72
2024-01-27,DEV_00018,36.66
2024-01-03,DEV_00170,3.05
2024-01-03,DEV_00127,7.67
2024-01-19,DEV_00143,29.65
2024-01-24,DEV_00046,36.88
2024-01-31,DEV_00193,11.73
2024-01-29,DEV_00060,16.09
2024-01-13,DEV_00115,337.14
2024-01-02,DEV_00028,15.85
2024-01-21,DEV_00032,21.11
2024-01-11,DEV_00079,29.54
2024-01-26,DEV_00009,26.46
2024-01-24,DEV_00045,3.41
2024-01-26,DEV_00067,57.64
2024-01-10,DEV_00105,6.45
2024-01-16,DEV_00089,60.73
2024-01-27,DEV_00151,3.67
2024-01-08,DEV_00069,14.95
2024-01-19,DEV_00154,38.82
2024-01-14,DEV_00020,7.31
2024-01-24,DEV_00128,23.52
2024-01-12,DEV_00164,7.29
2024-01-11,DEV_00191,21.7
2024-01-18,DEV_00009,26.05
2024-01-17,DEV_00192,8.67
2024-01-24,DEV_00176,8
2024-01-28,DEV_00144,66.19
2024-01-08,DEV_00052,17.77
2024-01-17,DEV_00200,21.55
2024-01-03,DEV_00098,56.12
2024-01-29,DEV_00142,9.56
2024-01-21,DEV_00086,12.71
2024-01-15,DEV_00184,33.71
2024-01-22,DEV_00013,10.02
2024-01-01,DEV_00083,10.16
2024-01-09,DEV_00188,55.34
2024-01-04,DEV_00093,4.78
2024-01-03,DEV_00171,24.76
2024-01-25,DEV_00026,77.01
2024-01-20,DEV_00005,16.16
2024-01-07,DEV_00144,14.8
2024-01-08,DEV_00021,65.22
2024-01-18,DEV_00148,20.87
2024-01-31,DEV_00019,7.59
2024-01-02,DEV_00029,18.91
2024-01-27,DEV_00138,33.04
2024-01-12,DEV_00167,32.99
2024-01-24,DEV_00048,16.95
2024-01-23,DEV_00060,9.68
2024-01-30,DEV_00080,61.7
2024-01-24,DEV_00019,50.28
2024-01-23,DEV_00123,10.32
2024-01-21,DEV_00135,12.5
2024-01-24,DEV_00031,59.77
2024-01-22,DEV_00133,24.31
2024-01-17,DEV_00143,5.63
2024-01-27,DEV_00013,4.13
2024-01-27,DEV_00035,17.36
2024-01-01,DEV_00083,18.19
2024-01-21,DEV_00049,25.74
2024-01-02,DEV_00035,18.97
2024-01-15,DEV_00111,14.46
2024-01-26,DEV_00163,12.77
2024-01-25,DEV_00121,26.75
2024-01-11,DEV_00075,25.7
2024-01-25,DEV_00065,24.15
2024-01-15,DEV_00181,60.47
2024-01-26,DEV_00014,50.1
2024-01-25,DEV_00061,27.78
2024-01-15,DEV_00001,19.45
2024-01-22,DEV_00072,13.83
2024-01-20,DEV_00023,22.13
2024-01-07,DEV_00075,28.62
2024-01-09,DEV_00172,11.11
2024-01-09,DEV_00070,19.61
2024-01-25,DEV_00158,16.69
2024-01-16,DEV_00016,5.92
2024-01-21,DEV_00119,28.56
2024-01-12,DEV_00064,44.04
2024-01-12,DEV_00070,30.83
2024-01-05,DEV_00065,13.56
2024-01-19,DEV_00089,12.54
2024-01-31,DEV_00165,13.5
2024-01-14,DEV_00126,17.99
2024-01-09,DEV_00033,124.38
2024-01-02,DEV_00004,28.06
2024-01-29,DEV_00052,37.29
2024-01-30,DEV_00021,16.36
2024-01-21,DEV_00133,34.44
2024-01-07,DEV_00198,26.33
2024-01-18,DEV_00116,13.56
2024-01-09,DEV_00135,20.36
2024-01-10,DEV_00152,5.3
2024-01-07,DEV_00115,12.53
2024-01-14,DEV_00105,15.69
2024-01-09,DEV_00132,9.99
2024-01-20,DEV_00184,6.75
2024-01-01,DEV_00121,13.48
2024-01-02,DEV_00001,14.66
2024-01-30,DEV_00024,10.41
2024-01-06,DEV_00198,2.39
2024-01-17,DEV_00146,13.01
2024-01-11,DEV_00139,43.45
2024-01-01,DEV_00167,15.52
2024-01-29,DEV_00165,14.22
2024-01-03,DEV_00044,41.06
2024-01-26,DEV_00069,5.36
2024-01-10,DEV_00122,17.5
2024-01-02,DEV_00200,12.92
2024-01-26,DEV_00034,25
2024-01-19,DEV_00081,18.56
2024-01-14,DEV_00170,22.69
2024-01-09,DEV_00041,29.07
2024-01-22,DEV_00010,15.88
2024-01-03,DEV_00076,10.87
2024-01-15,DEV_00098,25.43
2024-01-03,DEV_00157,4.01
2024-01-22,DEV_00070,11.25
2024-01-01,DEV_00041,62.55
2024-01-13,DEV_00053,8.57
2024-01-05,DEV_00088,6.93
2024-01-29,DEV_00064,18.61
2024-01-16,DEV_00093,10.91
2024-01-17,DEV_00160,15.58
2024-01-20,DEV_00126,16.14
2024-01-31,DEV_00115,29.89
2024-01-30,DEV_00010,10.1
2024-01-30,DEV_00107,10.68
2024-01-26,DEV_00184,48.37
2024-01-28,DEV_00031,13.68
2024-01-16,DEV_00161,22.72
2024-01-01,DEV_00035,5.55
2024-01-28,DEV_00115,21.61
2024-01-24,DEV_00050,35.11
2024-01-19,DEV_00009,38.42
2024-01-25,DEV_00152,21.57
2024-01-16,DEV_00153,36.98
2024-01-02,DEV_00081,59.5
2024-01-06,DEV_00082,9.57
2024-01-15,DEV_00016,28.52
2024-01-13,DEV_00107,66.95
2024-01-29,DEV_00107,43.44
2024-01-01,DEV_00132,37.4
2024-01-09,DEV_00029,17.66
2024-01-05,DEV_00113,37.48
2024-01-10,DEV_00085,46.46
2024-01-08,DEV_00076,20.85
2024-01-27,DEV_00060,21.42
2024-01-16,DEV_00105,54.38
2024-01-12,DEV_00144,23.01
2024-01-22,DEV_00177,39.37
2024-01-04,DEV_00105,47.97
2024-01-30,DEV_00119,56.15
2024-01-17,DEV_00067,33.09
2024-01-30,DEV_00054,13.41
2024-01-16,DEV_00165,44.27
2024-01-07,DEV_00097,12.81
2024-01-15,DEV_00001,32.77
2024-01-20,DEV_00009,16.69
2024-01-20,DEV_00079,47.28
2024-01-17,DEV_00151,12.4
2024-01-05,DEV_00093,15
2024-01-21,DEV_00044,31.87
2024-01-22,DEV_00024,3.7
2024-01-29,DEV_00097,5.86
2024-01-03,DEV_00158,48.3
2024-01-14,DEV_00184,15.99
2024-01-28,DEV_00107,78.29
2024-01-21,DEV_00036,26.89
2024-01-01,DEV_00058,48.79
2024-01-25,DEV_00014,34.01
2024-01-21,DEV_00086,6.43
2024-01-02,DEV_00057,10.76
2024-01-10,DEV_00199,13.16
2024-01-20,DEV_00007,7
2024-01-22,DEV_00029,8.03
2024-01-30,DEV_00020,7.56
2024-01-07,DEV_00133,27.74
2024-01-11,DEV_00024,11.59
2024-01-19,DEV_00136,16.99
2024-01-19,DEV_00145,19.88
2024-01-05,DEV_00155,63.32
2024-01-24,DEV_00088,32.83
2024-01-27,DEV_00182,15.59
2024-01-08,DEV_00152,17
2024-01-02,DEV_00141,22.13
2024-01-20,DEV_00001,22.28
2024-01-25,DEV_00081,14.63
2024-01-19,DEV_00180,26.55
2024-01-20,DEV_00046,6.9
2024-01-24,DEV_00012,18.76
2024-01-17,DEV_00099,19.56
2024-01-10,DEV_00001,8.19
2024-01-11,DEV_00016,8.03
2024-01-01,DEV_00174,46.29
2024-01-31,DEV_00035,15.45
2024-01-31,DEV_00005,20.47
2024-01-30,DEV_00009,18.4
2024-01-04,DEV_00166,24.14
2024-01-07,DEV_00014,18.86
2024-01-13,DEV_00180,9.65
2024-01-19,DEV_00018,76.92
2024-01-20,DEV_00127,45.86
2024-01-10,DEV_00061,19.38
2024-01-14,DEV_00024,23.36
2024-01-24,DEV_00156,6.78
2024-01-25,DEV_00073,13.4
2024-01-14,DEV_00160,9.7
2024-01-29,DEV_00114,34.55
2024-01-09,DEV_00047,24.83
2024-01-28,DEV_00047,43.32
2024-01-01,DEV_00127,39.3
2024-01-28,DEV_00094,16.37
2024-01-17,DEV_00056,19.88
2024-01-15,DEV_00125,10.4
2024-01-07,DEV_00200,44.33
2024-01-02,DEV_00077,100.23
2024-01-04,DEV_00031,14.81
2024-01-22,DEV_00097,13.03
2024-01-28,DEV_00089,31.54
2024-01-18,DEV_00103,24.72
2024-01-29,DEV_00151,4.12
2024-01-25,DEV_00031,18.18
2024-01-08,DEV_00013,11.09
2024-01-28,DEV_00179,110.75
2024-01-06,DEV_00032,33.95
2024-01-22,DEV_00149,20.26
2024-01-21,DEV_00054,16.09
2024-01-20,DEV_00070,11.07
2024-01-02,DEV_00107,45.87
2024-01-23,DEV_00022,15.93
2024-01-21,DEV_00001,4.89
2024-01-24,DEV_00089,8.25
2024-01-03,DEV_00179,8.72
2024-01-11,DEV_00057,21.26
2024-01-02,DEV_00140,49.21
2024-01-30,DEV_00153,25.47
2024-01-21,DEV_00042,22.87
2024-01-08,DEV_00004,8.18
2024-01-09,DEV_00094,59.88
2024-01-23,DEV_00033,35.62
2024-01-16,DEV_00068,15.96
2024-01-01,DEV_00023,24.93
2024-01-30,DEV_00189,5.56
2024-01-19,DEV_00106,17.18
2024-01-03,DEV_00058,60.91
2024-01-12,DEV_00142,12.79
2024-01-16,DEV_00167,21.56
2024-01-07,DEV_00006,156.4
2024-01-25,DEV_00117,17.83
2024-01-05,DEV_00034,57.97
2024-01-04,DEV_00198,8.09
2024-01-13,DEV_00043,11.94
2024-01-24,DEV_00032,40.98
2024-01-01,DEV_00119,5.16
2024-01-26,DEV_00119,10.86
2024-01-15,DEV_00056,27.04
2024-01-13,DEV_00132,6.66
2024-01-21,DEV_00048,22.45
2024-01-01,DEV_00036,6.53
2024-01-20,DEV_00169,22.43
2024-01-29,DEV_00158,21.87
2024-01-07,DEV_00065,19.75
2024-01-20,DEV_00041,18.62
2024-01-31,DEV_00057,15.74
2024-01-09,DEV_00054,73.37
2024-01-24,DEV_00098,5.3
2024-01-10,DEV_00085,9.72
2024-01-28,DEV_00135,30.56
2024-01-30,DEV_00082,71.35
2024-01-04,DEV_00155,36.49
2024-01-13,DEV_00141,32.27
2024-01-29,DEV_00044,15.37
2024-01-19,DEV_00123,50.75
2024-01-28,DEV_00033,18
2024-01-17,DEV_00171,32.34
2024-01-06,DEV_00084,21.4
2024-01-08,DEV_00105,14.52
2024-01-27,DEV_00124,19.79
2024-01-21,DEV_00181,39.82
2024-01-15,DEV_00191,11.21
2024-01-17,DEV_00085,34.81
2024-01-18,DEV_00076,7.96
2024-01-02,DEV_00160,6.74
2024-01-16,DEV_00071,16.27
2024-01-05,DEV_00105,24.72
2024-01-12,DEV_00144,33.62
2024-01-19,DEV_00035,7.54
2024-01-14,DEV_00109,5.8
2024-01-13,DEV_00037,27.81
2024-01-16,DEV_00194,28.28
2024-01-22,DEV_00026,6.3
2024-01-07,DEV_00083,21.67
2024-01-07,DEV_00155,18.88
2024-01-03,DEV_00200,38.27
2024-01-03,DEV_00158,12.99
2024-01-31,DEV_00115,35.84
2024-01-25,DEV_00014,7.44
2024-01-07,DEV_00060,34.36
2024-01-07,DEV_00055,53.18
2024-01-14,DEV_00069,51.07
2024-01-11,DEV_00163,43.62
2024-01-26,DEV_00008,8.53
2024-01-23,DEV_00094,8.55
2024-01-21,DEV_00072,21.77
2024-01-17,DEV_00006,8.57
2024-01-28,DEV_00039,28.48
2024-01-26,DEV_00123,20.08
2024-01-18,DEV_00149,2.81
2024-01-24,DEV_00125,32.57
2024-01-12,DEV_00056,17.17
2024-01-06,DEV_00118,41.66
2024-01-09,DEV_00145,32.4
2024-01-16,DEV_00123,17.99
2024-01-18,DEV_00178,23.86
2024-01-23,DEV_00172,17.79
2024-01-05,DEV_00101,11.11
2024-01-02,DEV_00119,8.59
2024-01-28,DEV_00014,78.74
2024-01-08,DEV_00072,13.73
2024-01-12,DEV_00054,8.46
2024-01-05,DEV_00084,20.37
2024-01-18,DEV_00071,16.08
2024-01-28,DEV_00197,45.28
2024-01-02,DEV_00141,20.69
2024-01-31,DEV_00053,9.87
2024-01-30,DEV_00071,26.33
2024-01-23,DEV_00039,30.16
2024-01-09,DEV_00114,42.46
2024-01-21,DEV_00139,15.61
2024-01-05,DEV_00143,36.63
2024-01-06,DEV_00093,19.03
2024-01-27,DEV_00047,7.06
2024-01-29,DEV_00137,62.28
2024-01-11,DEV_00038,4.88
2024-01-05,DEV_00134,84.57
2024-01-27,DEV_00185,21.33
2024-01-07,DEV_00168,28.43
2024-01-13,DEV_00116,23.52
2024-01-10,DEV_00161,4.57
2024-01-18,DEV_00148,24.2
2024-01-14,DEV_00035,8.91
2024-01-30,DEV_00092,24.96
2024-01-21,DEV_00036,20.49
2024-01-19,DEV_00154,40.08
2024-01-07,DEV_00086,17.82
2024-01-13,DEV_00188,21.49
2024-01-16,DEV_00061,17.6
2024-01-21,DEV_00102,34.52
2024-01-29,DEV_00042,59.9
2024-01-05,DEV_00030,28.57
2024-01-03,DEV_00170,45.21
2024-01-15,DEV_00107,8.73
2024-01-07,DEV_00047,4.28
2024-01-28,DEV_00084,32.53
2024-01-22,DEV_00138,12.04
2024-01-07,DEV_00198,22.25
2024-01-08,DEV_00067,3.33
2024-01-27,DEV_00136,43.04
2024-01-16,DEV_00092,12.76
2024-01-10,DEV_00158,30.44
2024-01-29,DEV_00086,33.91
2024-01-11,DEV_00013,26.95
2024-01-02,DEV_00123,5.41
2024-01-20,DEV_00123,39.31
2024-01-09,DEV_00008,14.62
2024-01-09,DEV_00077,16.78
2024-01-11,DEV_00045,14.28
2024-01-03,DEV_00024,38.67
2024-01-23,DEV_00122,52.77
2024-01-26,DEV_00179,13.57
2024-01-15,DEV_00186,10.86
2024-01-30,DEV_00013,29.8
2024-01-10,DEV_00153,46.83
2024-01-06,DEV_00059,197.49
2024-01-25,DEV_00159,32.57
2024-01-13,DEV_00082,4.03
2024-01-20,DEV_00054,14.67
2024-01-14,DEV_00125,12.39
2024-01-18,DEV_00199,14.84
2024-01-06,DEV_00091,64.26
2024-01-12,DEV_00058,32.46
2024-01-08,DEV_00093,25.2
2024-01-27,DEV_00036,19.18
2024-01-29,DEV_00160,5.63
2024-01-26,DEV_00116,21.16
2024-01-21,DEV_00160,15.73
2024-01-19,DEV_00021,6.57
2024-01-08,DEV_00099,37.39
2024-01-12,DEV_00161,36.07
2024-01-03,DEV_00152,4.75
2024-01-03,DEV_00188,16.91
2024-01-08,DEV_00161,46.36
2024-01-04,DEV_00016,19.4
2024-01-20,DEV_00023,26.07
2024-01-08,DEV_00100,28.2
2024-01-17,DEV_00096,21.83
2024-01-08,DEV_00144,7.82
2024-01-14,DEV_00038,14.42
2024-01-31,DEV_00113,103.38
2024-01-22,DEV_00147,17.22
2024-01-18,DEV_00176,22.86
2024-01-04,DEV_00121,18.41
2024-01-08,DEV_00100,23.64
2024-01-14,DEV_00177,78.81
2024-01-06,DEV_00128,102.52
2024-01-28,DEV_00110,15.63
2024-01-06,DEV_00168,18.64
2024-01-16,DEV_00118,31.68
2024-01-30,DEV_00177,6.45
2024-01-09,DEV_00084,24.76
2024-01-30,DEV_00109,30.5
2024-01-08,DEV_00055,6.05
2024-01-31,DEV_00121,6.55
2024-01-10,DEV_00040,15.43
2024-01-23,DEV_00110,14.97
2024-01-22,DEV_00022,48.87
2024-01-24,DEV_00189,2.08
2024-01-30,DEV_00029,89.71
2024-01-11,DEV_00191,20.21
2024-01-27,DEV_00042,28.85
2024-01-14,DEV_00043,5.76
2024-01-12,DEV_00185,33.55
2024-01-28,DEV_00164,34.24
2024-01-11,DEV_00194,106.12
2024-01-28,DEV_00143,14.13
2024-01-07,DEV_00195,7.08
2024-01-07,DEV_00006,22.12
2024-01-30,DEV_00101,14.06
2024-01-13,DEV_00075,8.68
2024-01-10,DEV_00174,20.42
2024-01-25,DEV_00098,26.19
2024-01-28,DEV_00021,34.77
2024-01-04,DEV_00143,40.56
2024-01-30,DEV_00174,11.51
2024-01-27,DEV_00163,9.54
2024-01-26,DEV_00133,16.35
2024-01-15,DEV_00154,58.68
2024-01-23,DEV_00144,5.69
2024-01-04,DEV_00073,64.04
2024-01-07,DEV_00013,94.34
2024-01-01,DEV_00189,32.24
2024-01-09,DEV_00033,22
2024-01-23,DEV_00128,18.24
2024-01-24,DEV_00001,16.22
2024-01-06,DEV_00118,38.62
2024-01-26,DEV_00014,4.75
2024-01-30,DEV_00021,7.88
2024-01-26,DEV_00063,6.38
2024-01-24,DEV_00057,26.5
2024-01-12,DEV_00101,30.02
2024-01-13,DEV_00145,34.26
2024-01-02,DEV_00026,45.6
2024-01-20,DEV_00045,4.61
2024-01-16,DEV_00042,22.98
2024-01-26,DEV_00007,15.77
2024-01-17,DEV_00165,21.99
2024-01-24,DEV_00041,13.2
2024-01-20,DEV_00142,36.38
2024-01-26,DEV_00150,125.44
2024-01-17,DEV_00057,11.43
2024-01-19,DEV_00193,21.35
2024-01-29,DEV_00172,18.76
2024-01-23,DEV_00091,33.16
2024-01-20,DEV_00159,19.69
2024-01-24,DEV_00135,10.12
2024-01-01,DEV_00155,22.51
2024-01-22,DEV_00120,21.52
2024-01-26,DEV_00122,25.8
2024-01-16,DEV_00033,6.78
2024-01-31,DEV_00035,22.14
2024-01-30,DEV_00174,60.25
2024-01-02,DEV_00180,10.9
2024-01-08,DEV_00135,14.61
2024-01-13,DEV_00027,9.77
2024-01-15,DEV_00168,13.54
2024-01-31,DEV_00081,18.12
2024-01-01,DEV_00166,24.37
2024-01-10,DEV_00080,20.75
2024-01-22,DEV_00174,48.97
2024-01-26,DEV_00038,7.87
2024-01-03,DEV_00169,20.61
2024-01-03,DEV_00029,16.25
2024-01-22,DEV_00094,4.47
2024-01-20,DEV_00064,53
2024-01-18,DEV_00177,27.8
2024-01-22,DEV_00122,25
2024-01-13,DEV_00073,10.54
2024-01-17,DEV_00074,23.49
2024-01-31,DEV_00083,23.95
2024-01-17,DEV_00096,34.46
2024-01-25,DEV_00114,32.57
2024-01-19,DEV_00015,46.29
2024-01-25,DEV_00150,14.78
2024-01-22,DEV_00150,23.95
2024-01-14,DEV_00086,106.01
2024-01-27,DEV_00111,33.42
2024-01-21,DEV_00196,74.28
2024-01-09,DEV_00107,39.03
2024-01-14,DEV_00022,17.56
2024-01-02,DEV_00194,9.01
2024-01-18,DEV_00135,42.37
2024-01-19,DEV_00174,10.02
2024-01-21,DEV_00175,4.77
2024-01-26,DEV_00157,63.97
2024-01-28,DEV_00136,10.5
2024-01-30,DEV_00113,16.51
2024-01-16,DEV_00014,63.9
2024-01-15,DEV_00105,42.96
2024-01-27,DEV_00174,18.86
2024-01-28,DEV_00194,7.61
2024-01-23,DEV_00041,22.6
2024-01-17,DEV_00061,41.33
2024-01-17,DEV_00180,15.84
2024-01-18,DEV_00152,6.28
2024-01-17,DEV_00049,26.8
2024-01-12,DEV_00045,23.34
2024-01-22,DEV_00189,16.67
2024-01-02,DEV_00179,6.55
2024-01-06,DEV_00011,28.4
2024-01-06,DEV_00151,98.24
2024-01-06,DEV_00192,24.69
2024-01-12,DEV_00087,18.06
2024-01-25,DEV_00039,27.76
2024-01-05,DEV_00040,8.17
2024-01-10,DEV_00164,27.16
2024-01-30,DEV_00003,14.34
2024-01-15,DEV_00072,86.02
2024-01-28,DEV_00003,14.55
2024-01-06,DEV_00085,22.98
2024-01-10,DEV_00015,6.31
2024-01-26,DEV_00126,59.02
2024-01-21,DEV_00153,37.63
2024-01-10,DEV_00020,14.09
2024-01-30,DEV_00152,9.84
2024-01-08,DEV_00101,14.62
2024-01-01,DEV_00140,367.84
2024-01-25,DEV_00082,8.22
2024-01-26,DEV_00184,37.61
2024-01-11,DEV_00094,22.12
2024-01-23,DEV_00175,42.69
2024-01-12,DEV_00153,102.95
2024-01-16,DEV_00165,36.36
2024-01-05,DEV_00017,9.54
2024-01-14,DEV_00010,12.71
2024-01-01,DEV_00090,31.73
2024-01-15,DEV_00181,47.78
2024-01-27,DEV_00023,11.84
2024-01-20,DEV_00122,11.92
2024-01-02,DEV_00097,21.62
2024-01-13,DEV_00123,22.03
2024-01-25,DEV_00076,15.33
2024-01-02,DEV_00187,20.55
2024-01-04,DEV_00149,15.26
2024-01-17,DEV_00098,32.32
2024-01-03,DEV_00163,21.39
2024-01-25,DEV_00119,34.41
2024-01-03,DEV_00038,29.65
2024-01-31,DEV_00083,44.41
2024-01-18,DEV_00054,15
2024-01-27,DEV_00191,5.91
2024-01-03,DEV_00090,25.17
2024-01-15,DEV_00098,20.22
2024-01-14,DEV_00120,10.55
2024-01-30,DEV_00042,45.45
2024-01-15,DEV_00148,4.6
2024-01-17,DEV_00011,5.11
2024-01-27,DEV_00081,13.87
2024-01-16,DEV_00011,24.26
2024-01-07,DEV_00027,15.06
2024-01-09,DEV_00006,9.91
2024-01-09,DEV_00023,15.02
2024-01-02,DEV_00166,13.05
2024-01-14,DEV_00068,27.12
2024-01-14,DEV_00189,34.96
2024-01-19,DEV_00200,7.97
2024-01-11,DEV_00052,4.79
2024-01-26,DEV_00118,58.56
2024-01-08,DEV_00121,10.16
2024-01-17,DEV_00115,8.31
2024-01-12,DEV_00138,9.91
2024-01-05,DEV_00096,33.71
2024-01-04,DEV_00027,40.54
2024-01-19,DEV_00077,6.53
2024-01-02,DEV_00167,12.73
2024-01-18,DEV_00170,13.41
2024-01-16,DEV_00015,7.03
2024-01-14,DEV_00119,44.07
2024-01-26,DEV_00106,5.47
2024-01-12,DEV_00157,13.86
2024-01-12,DEV_00187,25.12
2024-01-01,DEV_00080,21.31
2024-01-17,DEV_00009,26.38
2024-01-02,DEV_00074,29.8
2024-01-22,DEV_00116,21.96
2024-01-29,DEV_00105,34.43
2024-01-02,DEV_00185,14.35
2024-01-25,DEV_00161,22.77
2024-01-17,DEV_00196,12.74
2024-01-15,DEV_00064,6.88
2024-01-03,DEV_00086,19.77
2024-01-24,DEV_00141,13.38
2024-01-09,DEV_00178,15.97
2024-01-05,DEV_00142,7.93
2024-01-12,DEV_00172,27.45
2024-01-20,DEV_00061,16.24
2024-01-17,DEV_00165,20.35
2024-01-16,DEV_00169,12.46
2024-01-14,DEV_00192,19.8
2024-01-24,DEV_00132,18.8
2024-01-22,DEV_00093,30.04
2024-01-20,DEV_00031,78.69
2024-01-28,DEV_00112,10.35
2024-01-01,DEV_00033,5.22
2024-01-23,DEV_00072,65.43
2024-01-31,DEV_00196,10.15
2024-01-20,DEV_00045,14.05
2024-01-30,DEV_00116,6.75
2024-01-25,DEV_00026,11.65
2024-01-16,DEV_00161,3.47
2024-01-06,DEV_00048,18.59
2024-01-21,DEV_00055,7.46
2024-01-14,DEV_00156,20.83
2024-01-25,DEV_00084,23.14
2024-01-01,DEV_00031,7.2
2024-01-26,DEV_00136,12.87
2024-01-15,DEV_00190,14.62
2024-01-31,DEV_00007,17.15
2024-01-14,DEV_00058,34.03
2024-01-24,DEV_00108,6.87
2024-01-06,DEV_00171,7.63
2024-01-20,DEV_00117,55.3
2024-01-01,DEV_00111,22.96
2024-01-06,DEV_00198,46.89
2024-01-12,DEV_00130,40.97
2024-01-06,DEV_00046,12.48
2024-01-04,DEV_00185,29.31
2024-01-06,DEV_00132,2.4
2024-01-12,DEV_00100,65.03
2024-01-12,DEV_00036,10.62
2024-01-13,DEV_00068,2.71
2024-01-01,DEV_00095,23.99
2024-01-08,DEV_00052,12.66
2024-01-25,DEV_00098,38.3
2024-01-18,DEV_00095,7.21
2024-01-26,DEV_00157,16.17
2024-01-08,DEV_00060,7.52
2024-01-28,DEV_00048,15.21
2024-01-24,DEV_00193,12.41
2024-01-04,DEV_00008,8.93
2024-01-08,DEV_00155,15.9
2024-01-06,DEV_00022,60.7
2024-01-07,DEV_00181,14.47
2024-01-29,DEV_00038,18.96
2024-01-03,DEV_00023,5.44
2024-01-24,DEV_00139,25.69
2024-01-10,DEV_00057,101.98
2024-01-12,DEV_00165,20.09
2024-01-18,DEV_00031,11.52
2024-01-28,DEV_00112,11.5
2024-01-15,DEV_00087,18.97
2024-01-20,DEV_00143,12.48
2024-01-24,DEV_00157,62.5
2024-01-20,DEV_00148,48.75
2024-01-09,DEV_00154,55.41
2024-01-20,DEV_00009,11.43
2024-01-12,DEV_00158,15.79
2024-01-10,DEV_00035,12.08
2024-01-22,DEV_00019,37.08
2024-01-11,DEV_00013,21.2
2024-01-20,DEV_00131,18.34
2024-01-09,DEV_00168,22.11
2024-01-07,DEV_00040,22.85
2024-01-01,DEV_00146,90.8
2024-01-20,DEV_00186,24.68
2024-01-18,DEV_00066,21.4
2024-01-08,DEV_00098,18.69
2024-01-28,DEV_00082,29.58
2024-01-06,DEV_00156,11.11
2024-01-24,DEV_00199,40.67
2024-01-14,DEV_00135,11.49
2024-01-05,DEV_00064,15.32
2024-01-05,DEV_00148,17.85
2024-01-02,DEV_00058,8.56
2024-01-12,DEV_00015,15.11
2024-01-10,DEV_00036,9.62
2024-01-22,DEV_00068,15.57
2024-01-02,DEV_00196,18.88
2024-01-30,DEV_00108,9.82
2024-01-19,DEV_00184,25.77
2024-01-17,DEV_00064,20.94
2024-01-31,DEV_00168,16.18
2024-01-12,DEV_00143,57.55
2024-01-28,DEV_00005,102.75
2024-01-18,DEV_00116,11.31
2024-01-28,DEV_00119,5.17
2024-01-20,DEV_00191,9.44
2024-01-22,DEV_00081,27.39
2024-01-08,DEV_00073,14.85
2024-01-14,DEV_00009,35.84
2024-01-16,DEV_00125,12.14
2024-01-14,DEV_00055,26.92
2024-01-16,DEV_00106,10.55
2024-01-26,DEV_00104,17.27
2024-01-24,DEV_00079,15.78
2024-01-29,DEV_00197,7.41
2024-01-14,DEV_00114,8.03
2024-01-22,DEV_00053,106.43
2024-01-12,DEV_00140,26.09
2024-01-29,DEV_00100,49.19
2024-01-05,DEV_00185,16.82
2024-01-02,DEV_00169,32.26
2024-01-05,DEV_00190,8.36
2024-01-22,DEV_00068,72.54
2024-01-28,DEV_00054,34.26
2024-01-23,DEV_00187,38.34
2024-01-14,DEV_00019,58.76
2024-01-02,DEV_00124,30.25
2024-01-03,DEV_00197,10.46
2024-01-17,DEV_00020,6.5
2024-01-01,DEV_00194,29.39
2024-01-03,DEV_00120,28.4
2024-01-13,DEV_00109,97.31
2024-01-29,DEV_00034,4.01
2024-01-18,DEV_00087,25.4
2024-01-19,DEV_00200,18.19
2024-01-28,DEV_00170,51.95
2024-01-17,DEV_00086,57.93
2024-01-11,DEV_00178,13.72
2024-01-13,DEV_00103,77.41
2024-01-05,DEV_00136,18.07
2024-01-15,DEV_00198,15.54
2024-01-09,DEV_00019,21.49
2024-01-08,DEV_00134,68.87
2024-01-02,DEV_00061,27.71
2024-01-17,DEV_00036,35.67
2024-01-30,DEV_00134,62.72
2024-01-24,DEV_00077,39.76
2024-01-10,DEV_00012,7.28
2024-01-07,DEV_00159,39.38
2024-01-18,DEV_00148,45.43
2024-01-21,DEV_00124,42.72
2024-01-08,DEV_00035,19.72
2024-01-12,DEV_00041,37.4
2024-01-23,DEV_00073,34.7
2024-01-30,DEV_00166,117.21
2024-01-18,DEV_00158,8.85
2024-01-28,DEV_00189,3.07
2024-01-22,DEV_00056,12.97
2024-01-04,DEV_00119,159.26
2024-01-09,DEV_00061,8.18
2024-01-27,DEV_00197,18.48
2024-01-03,DEV_00011,5.46
2024-01-07,DEV_00131,3.55
2024-01-14,DEV_00052,30.85
2024-01-25,DEV_00001,27.63
2024-01-30,DEV_00071,8.91
2024-01-12,DEV_00097,20.57
2024-01-10,DEV_00187,13.97
2024-01-20,DEV_00166,13.82
2024-01-13,DEV_00141,5.85
2024-01-30,DEV_00076,16.86
2024-01-29,DEV_00114,124.69
2024-01-06,DEV_00176,37.61
2024-01-31,DEV_00094,13.21
2024-01-17,DEV_00175,18.79
2024-01-11,DEV_00186,88.11
2024-01-03,DEV_00042,60.05
2024-01-23,DEV_00054,15.02
2024-01-05,DEV_00168,21.3
2024-01-27,DEV_00051,12.83
2024-01-05,DEV_00031,18.39
2024-01-13,DEV_00037,17.99
2024-01-11,DEV_00194,8.95
2024-01-28,DEV_00101,16.73
2024-01-16,DEV_00079,46.89
2024-01-14,DEV_00085,43.72
2024-01-16,DEV_00135,7.02
2024-01-11,DEV_00117,10.06
2024-01-30,DEV_00128,15.63
2024-01-08,DEV_00167,48.03
2024-01-08,DEV_00024,15.11
2024-01-13,DEV_00087,39.37
2024-01-23,DEV_00039,12.86
2024-01-28,DEV_00125,76.41
2024-01-26,DEV_00164,2.16
2024-01-10,DEV_00044,8.28
2024-01-16,DEV_00125,25.63
2024-01-27,DEV_00172,14.07
2024-01-25,DEV_00185,20.25
2024-01-16,DEV_00001,6.54
2024-01-03,DEV_00126,8.77
2024-01-03,DEV_00033,28.01
2024-01-21,DEV_00120,9.25
2024-01-05,DEV_00012,17.52
2024-01-29,DEV_00165,18.09
2024-01-31,DEV_00036,17.61
2024-01-02,DEV_00009,21.3
2024-01-31,DEV_00133,43.45
2024-01-23,DEV_00004,23.14
2024-01-21,DEV_00057,34.54
2024-01-10,DEV_00163,8.07
2024-01-20,DEV_00086,28.77
2024-01-19,DEV_00056,26.76
2024-01-09,DEV_00154,11.97
2024-01-14,DEV_00180,20.26
2024-01-18,DEV_00115,20.68
2024-01-01,DEV_00093,6.8
2024-01-14,DEV_00197,6.72
2024-01-05,DEV_00191,44.59
2024-01-02,DEV_00007,33.02
2024-01-09,DEV_00144,10.85
2024-01-17,DEV_00099,20.29
2024-01-07,DEV_00038,78.26
2024-01-26,DEV_00055,24.65
2024-01-29,DEV_00114,3.39
2024-01-01,DEV_00086,35.52
2024-01-30,DEV_00136,12.7
2024-01-21,DEV_00187,36.19
2024-01-26,DEV_00098,18.57
2024-01-21,DEV_00119,22.06
2024-01-29,DEV_00127,12.48
2024-01-25,DEV_00152,17.8
2024-01-11,DEV_00035,165.15
2024-01-02,DEV_00117,12.5
2024-01-16,DEV_00111,28.06
2024-01-21,DEV_00104,15.51
2024-01-27,DEV_00039,10.36
2024-01-24,DEV_00098,115.61
2024-01-06,DEV_00040,15.75
2024-01-20,DEV_00050,3.6
2024-01-30,DEV_00158,24.19
2024-01-07,DEV_00160,95.41
2024-01-02,DEV_00175,8.76
2024-01-01,DEV_00046,18.89
2024-01-29,DEV_00178,25.31
2024-01-17,DEV_00002,39.13
2024-01-28,DEV_00117,12.6
2024-01-25,DEV_00074,32.53
2024-01-15,DEV_00037,35.36
2024-01-07,DEV_00039,26.77
2024-01-04,DEV_00035,22.03
2024-01-26,DEV_00071,8.07
2024-01-27,DEV_00092,9.72
2024-01-18,DEV_00146,30.26
2024-01-15,DEV_00118,6.5
2024-01-29,DEV_00189,15.05
2024-01-23,DEV_00039,32.11
2024-01-16,DEV_00073,5.61
2024-01-17,DEV_00018,49.34
2024-01-06,DEV_00182,13.14
2024-01-04,DEV_00181,8.73
2024-01-27,DEV_00185,26.98
2024-01-30,DEV_00032,5.73
2024-01-19,DEV_00123,60.84
2024-01-07,DEV_00112,5.08
2024-01-03,DEV_00084,36.94
2024-01-09,DEV_00044,66.99
2024-01-10,DEV_00081,9
2024-01-08,DEV_00174,34.13
2024-01-08,DEV_00008,33.81
2024-01-25,DEV_00157,22.69
2024-01-16,DEV_00056,10.36
2024-01-06,DEV_00111,31.67
2024-01-21,DEV_00026,16.87
2024-01-06,DEV_00033,13.05
2024-01-19,DEV_00187,26.08
2024-01-27,DEV_00109,5.83
2024-01-29,DEV_00048,42.56
2024-01-05,DEV_00194,70.32
2024-01-21,DEV_00104,33.24
2024-01-27,DEV_00058,13.85
2024-01-19,DEV_00131,12.16
2024-01-24,DEV_00087,50.86
2024-01-16,DEV_00047,119.59
2024-01-29,DEV_00066,7.88
2024-01-14,DEV_00002,39.67
2024-01-28,DEV_00013,24.46
2024-01-07,DEV_00097,126.62
2024-01-20,DEV_00158,76.98
2024-01-10,DEV_00031,9.59
2024-01-16,DEV_00062,20.5
2024-01-20,DEV_00104,16.64
2024-01-26,DEV_00156,10.75
2024-01-06,DEV_00001,6.6
2024-01-17,DEV_00033,23.5
2024-01-16,DEV_00062,18.4
2024-01-07,DEV_00053,40.39
2024-01-27,DEV_00196,17.67
2024-01-30,DEV_00098,19.07
2024-01-21,DEV_00094,19.55
2024-01-18,DEV_00086,40.76
2024-01-10,DEV_00063,21.63
2024-01-23,DEV_00156,18.73
2024-01-31,DEV_00116,20.63
2024-01-24,DEV_00150,27.75
2024-01-12,DEV_00033,20.14
2024-01-21,DEV_00124,11.65
2024-01-21,DEV_00087,94.76
2024-01-31,DEV_00021,17.98
2024-01-04,DEV_00053,47.11
2024-01-21,DEV_00189,8.7
2024-01-07,DEV_00023,14.25
2024-01-03,DEV_00157,49.35
2024-01-20,DEV_00150,35.19
2024-01-07,DEV_00012,71.01
2024-01-14,DEV_00184,24.45
2024-01-10,DEV_00184,18
2024-01-03,DEV_00191,23.06
2024-01-02,DEV_00069,4.79
2024-01-02,DEV_00057,72.33
2024-01-15,DEV_00174,3.02
2024-01-24,DEV_00164,24.89
2024-01-18,DEV_00083,17.38
2024-01-18,DEV_00074,21.83
2024-01-17,DEV_00191,22.03
2024-01-26,DEV_00024,12.98
2024-01-24,DEV_00113,17.62
2024-01-09,DEV_00086,6.36
2024-01-26,DEV_00185,12.64
2024-01-24,DEV_00086,21.16
2024-01-13,DEV_00054,14.67
2024-01-09,DEV_00061,22.77
2024-01-28,DEV_00124,19.72
2024-01-18,DEV_00171,7.58
2024-01-08,DEV_00143,101.51
2024-01-14,DEV_00196,11.81
2024-01-26,DEV_00035,16.74
2024-01-13,DEV_00155,6.46
2024-01-16,DEV_00080,13.62
2024-01-04,DEV_00132,128.93
2024-01-09,DEV_00194,25.77
2024-01-01,DEV_00119,26.2
2024-01-01,DEV_00010,12.41
2024-01-07,DEV_00098,17.26
2024-01-01,DEV_00162,54.58
2024-01-28,DEV_00049,46.82
2024-01-09,DEV_00096,21.34
2024-01-06,DEV_00200,12.23
2024-01-21,DEV_00131,6.06
2024-01-08,DEV_00195,112.94
2024-01-10,DEV_00031,43.6
2024-01-27,DEV_00075,12.19
2024-01-13,DEV_00196,24.55
2024-01-09,DEV_00112,55.18
2024-01-11,DEV_00190,19.33
2024-01-05,DEV_00030,39.02
2024-01-05,DEV_00089,28.13
2024-01-04,DEV_00185,6.17
2024-01-07,DEV_00091,12.29
2024-01-17,DEV_00161,20.59
2024-01-22,DEV_00036,31.86
2024-01-20,DEV_00019,12.75
2024-01-22,DEV_00191,53.04
2024-01-20,DEV_00017,22.9
2024-01-14,DEV_00090,10.75
2024-01-19,DEV_00107,5.37
2024-01-09,DEV_00125,19.85
2024-01-25,DEV_00044,26.93
2024-01-16,DEV_00138,18.33
2024-01-02,DEV_00092,26.72
2024-01-15,DEV_00031,32.35
2024-01-24,DEV_00067,20.96
2024-01-13,DEV_00130,12.31
2024-01-05,DEV_00052,63.26
2024-01-09,DEV_00197,12.6
2024-01-03,DEV_00016,24.45
2024-01-24,DEV_00148,26.97
2024-01-07,DEV_00017,31.55
2024-01-07,DEV_00158,9.17
2024-01-13,DEV_00142,4.2
2024-01-24,DEV_00175,103.3
2024-01-17,DEV_00068,38.82
2024-01-05,DEV_00186,61.04
2024-01-20,DEV_00050,28.1
2024-01-19,DEV_00107,9.43
2024-01-03,DEV_00057,7.28
2024-01-20,DEV_00131,12.12
2024-01-15,DEV_00105,48.8
2024-01-28,DEV_00073,49.04
2024-01-22,DEV_00075,28.98
2024-01-28,DEV_00087,48.71
2024-01-19,DEV_00137,39.22
2024-01-24,DEV_00156,65.69
2024-01-28,DEV_00099,23.2
2024-01-19,DEV_00192,68.29
2024-01-25,DEV_00113,10.06
2024-01-26,DEV_00058,9.53
2024-01-31,DEV_00062,59.19
2024-01-13,DEV_00149,17.8
2024-01-31,DEV_00139,25.63
2024-01-28,DEV_00157,24.64
2024-01-01,DEV_00141,14.29
2024-01-21,DEV_00090,17.11
2024-01-22,DEV_00169,17.23
2024-01-29,DEV_00061,4.84
2024-01-19,DEV_00085,25.83
2024-01-28,DEV_00126,30.2
2024-01-01,DEV_00143,36.7
2024-01-23,DEV_00170,16.83
2024-01-18,DEV_00035,9.57
2024-01-02,DEV_00135,29.75
2024-01-16,DEV_00111,32.36
2024-01-29,DEV_00067,71.22
2024-01-03,DEV_00060,17.07
2024-01-17,DEV_00107,36.76
2024-01-26,DEV_00152,62.17
2024-01-15,DEV_00177,11.16
2024-01-26,DEV_00048,56.14
2024-01-04,DEV_00181,30.55
2024-01-08,DEV_00097,12.25
2024-01-14,DEV_00118,12.19
2024-01-13,DEV_00112,26.72
2024-01-12,DEV_00200,28.3
2024-01-10,DEV_00128,5.7
2024-01-11,DEV_00121,42.07
2024-01-16,DEV_00027,5.98
2024-01-12,DEV_00020,19.73
2024-01-05,DEV_00179,35.51
2024-01-19,DEV_00126,16.54
2024-01-06,DEV_00141,10.16
2024-01-18,DEV_00172,22.5
2024-01-09,DEV_00034,8.67
2024-01-01,DEV_00034,16.88
2024-01-17,DEV_00028,9.9
2024-01-26,DEV_00148,49.63
2024-01-23,DEV_00087,8.9
2024-01-08,DEV_00191,14.8
2024-01-25,DEV_00002,21.37
2024-01-02,DEV_00001,48.75
2024-01-30,DEV_00168,45.56
2024-01-12,DEV_00179,22.59
2024-01-06,DEV_00017,20.37
2024-01-08,DEV_00146,22.97
2024-01-07,DEV_00053,19.93
2024-01-25,DEV_00134,13.14
2024-01-22,DEV_00156,58.43
2024-01-04,DEV_00018,32.45
2024-01-24,DEV_00194,53.18
2024-01-24,DEV_00157,8.46
2024-01-14,DEV_00064,23.89
2024-01-22,DEV_00169,69.65
2024-01-12,DEV_00118,86.67
2024-01-13,DEV_00175,4.71
2024-01-25,DEV_00075,16.53
2024-01-02,DEV_00188,7.34
2024-01-02,DEV_00049,92.71
2024-01-17,DEV_00085,6.61
2024-01-15,DEV_00193,35.33
2024-01-21,DEV_00191,21.27
2024-01-05,DEV_00026,107.99
2024-01-08,DEV_00142,24.96
2024-01-10,DEV_00042,35.03
2024-01-14,DEV_00023,5.17
2024-01-01,DEV_00179,22.87
2024-01-19,DEV_00025,20.93
2024-01-14,DEV_00135,9.38
2024-01-13,DEV_00012,15.52
2024-01-08,DEV_00148,9.98
2024-01-07,DEV_00109,24.06
2024-01-28,DEV_00155,33.24
2024-01-04,DEV_00062,15.42
2024-01-23,DEV_00078,28.89
2024-01-10,DEV_00135,14.08
2024-01-05,DEV_00036,23.98
2024-01-14,DEV_00147,54.24
2024-01-13,DEV_00038,33.63
2024-01-10,DEV_00193,27.17
2024-01-07,DEV_00196,19.36
2024-01-10,DEV_00159,12.43
2024-01-18,DEV_00145,7.07
2024-01-31,DEV_00159,123.02
2024-01-16,DEV_00181,79.45
2024-01-30,DEV_00035,11.52
2024-01-28,DEV_00049,29.47
2024-01-07,DEV_00148,4.52
2024-01-12,DEV_00055,20.58
2024-01-23,DEV_00104,2.54
2024-01-02,DEV_00130,32.42
2024-01-06,DEV_00021,24.9
2024-01-27,DEV_00114,14.53
2024-01-25,DEV_00033,45.65
2024-01-22,DEV_00047,10.74
2024-01-13,DEV_00010,58.36
2024-01-05,DEV_00018,159.6
2024-01-13,DEV_00004,31.81
2024-01-13,DEV_00167,21.26
2024-01-26,DEV_00181,21.3
2024-01-26,DEV_00147,21.67
2024-01-18,DEV_00076,19.98
2024-01-15,DEV_00127,24.81
2024-01-04,DEV_00024,49.61
2024-01-14,DEV_00124,19.23
2024-01-09,DEV_00197,10.04
2024-01-08,DEV_00161,48.62
2024-01-28,DEV_00080,21.36
2024-01-07,DEV_00149,12.23
2024-01-21,DEV_00084,24.72
2024-01-25,DEV_00060,15.24
2024-01-29,DEV_00147,39.19
2024-01-08,DEV_00156,85.59
2024-01-21,DEV_00162,17.65
2024-01-05,DEV_00026,27.81
2024-01-22,DEV_00145,27.33
2024-01-17,DEV_00123,41.25
2024-01-26,DEV_00033,14.61
2024-01-02,DEV_00065,6.46
2024-01-01,DEV_00123,23.78
2024-01-08,DEV_00137,14.87
2024-01-30,DEV_00135,9.68
2024-01-15,DEV_00137,73.31
2024-01-23,DEV_00131,25.25
2024-01-22,DEV_00130,21.43
2024-01-22,DEV_00158,6.32
2024-01-16,DEV_00142,41.07
2024-01-05,DEV_00003,12.64
2024-01-09,DEV_00200,18.41
2024-01-12,DEV_00197,202.8
2024-01-25,DEV_00132,32.05
2024-01-02,DEV_00122,76.31
2024-01-12,DEV_00141,42.76
2024-01-02,DEV_00110,32.67
2024-01-05,DEV_00036,14.82
2024-01-23,DEV_00001,18.76
2024-01-14,DEV_00073,80.44
2024-01-27,DEV_00034,10.19
2024-01-08,DEV_00087,12.17
2024-01-17,DEV_00123,20.46
2024-01-01,DEV_00025,6.49
2024-01-09,DEV_00132,37.81
2024-01-12,DEV_00013,27.41
2024-01-14,DEV_00071,22.68
2024-01-10,DEV_00107,44.7
2024-01-15,DEV_00110,37.3
2024-01-11,DEV_00142,12.93
2024-01-19,DEV_00178,31.52
2024-01-03,DEV_00020,61.21
2024-01-21,DEV_00102,43.22
2024-01-26,DEV_00170,30.88
2024-01-06,DEV_00115,19.51
2024-01-20,DEV_00021,7.59
2024-01-22,DEV_00023,22.85
2024-01-25,DEV_00007,114.95
2024-01-31,DEV_00166,39.75
2024-01-08,DEV_00046,23.16
2024-01-13,DEV_00104,8.6
2024-01-14,DEV_00035,10.3
2024-01-05,DEV_00097,11.53
2024-01-09,DEV_00195,18.3
2024-01-22,DEV_00161,10.94
2024-01-29,DEV_00036,21.3
2024-01-31,DEV_00042,28.86
2024-01-13,DEV_00016,10.51
2024-01-22,DEV_00007,19.38
2024-01-04,DEV_00093,5.9
2024-01-23,DEV_00174,27.56
2024-01-20,DEV_00084,12.94
2024-01-29,DEV_00105,9.23
2024-01-01,DEV_00114,5.56
2024-01-16,DEV_00137,13.42
2024-01-17,DEV_00043,28.16
2024-01-12,DEV_00058,39.3
2024-01-13,DEV_00150,19.88
2024-01-03,DEV_00148,20.27
2024-01-05,DEV_00111,18.35
2024-01-11,DEV_00058,18.82
2024-01-21,DEV_00130,29.87
2024-01-06,DEV_00038,16.31
2024-01-27,DEV_00112,20.07
2024-01-15,DEV_00169,29.06
2024-01-09,DEV_00053,13.32
2024-01-11,DEV_00126,3.04
2024-01-08,DEV_00018,53.99
2024-01-12,DEV_00150,85.36
2024-01-03,DEV_00170,4.51
2024-01-05,DEV_00064,8.34
2024-01-07,DEV_00072,47.5
2024-01-04,DEV_00186,37.21
2024-01-26,DEV_00168,13.69
2024-01-08,DEV_00123,40.81
2024-01-20,DEV_00186,17.7
2024-01-11,DEV_00068,11.35
2024-01-24,DEV_00031,23.7
2024-01-22,DEV_00114,36.8
2024-01-05,DEV_00049,151.73
2024-01-02,DEV_00068,32.83
2024-01-21,DEV_00155,16.1
2024-01-29,DEV_00125,23.31
2024-01-10,DEV_00109,31.43
2024-01-07,DEV_00076,23.81
2024-01-04,DEV_00112,18.51
2024-01-08,DEV_00038,41.58
2024-01-07,DEV_00151,83.56
2024-01-28,DEV_00002,44.06
2024-01-11,DEV_00055,45.39
2024-01-30,DEV_00170,51.3
2024-01-09,DEV_00021,27.21
2024-01-23,DEV_00200,49.46
2024-01-10,DEV_00160,15.87
2024-01-08,DEV_00095,42.72
2024-01-06,DEV_00197,39.44
2024-01-21,DEV_00187,12.05
2024-01-07,DEV_00018,23.17
2024-01-29,DEV_00107,88.02
2024-01-22,DEV_00030,38.47
2024-01-25,DEV_00034,34.43
2024-01-19,DEV_00047,57.84
2024-01-05,DEV_00105,52
2024-01-28,DEV_00127,6.79
2024-01-04,DEV_00093,57.02
2024-01-07,DEV_00071,9.86
2024-01-01,DEV_00047,26.7
2024-01-21,DEV_00095,35.62
2024-01-22,DEV_00101,14.46
2024-01-25,DEV_00101,22.13
2024-01-15,DEV_00014,52.97
2024-01-18,DEV_00055,70.96
2024-01-19,DEV_00024,14.24
2024-01-27,DEV_00161,16.03
2024-01-15,DEV_00056,34.68
2024-01-20,DEV_00085,49.06
2024-01-08,DEV_00139,20
2024-01-26,DEV_00023,22.28
2024-01-14,DEV_00106,55.94
2024-01-03,DEV_00026,21.6
2024-01-31,DEV_00030,16.96
2024-01-06,DEV_00181,9.78
2024-01-28,DEV_00067,31.02
2024-01-05,DEV_00182,17.4
2024-01-06,DEV_00099,6.95
2024-01-20,DEV_00089,10.89
2024-01-22,DEV_00007,6.72
2024-01-28,DEV_00032,19.55
2024-01-01,DEV_00198,25.42
2024-01-12,DEV_00042,22.49
2024-01-24,DEV_00149,36.2
2024-01-05,DEV_00087,18.72
2024-01-13,DEV_00179,16.05
2024-01-28,DEV_00133,21.24
2024-01-28,DEV_00055,27.01
2024-01-04,DEV_00035,36.69
2024-01-25,DEV_00042,16.46
2024-01-18,DEV_00071,19.61
2024-01-31,DEV_00045,4.57
2024-01-19,DEV_00037,77.31
2024-01-26,DEV_00117,8.88
2024-01-11,DEV_00040,5.09
2024-01-12,DEV_00047,30.58
2024-01-21,DEV_00154,18.23
2024-01-08,DEV_00043,11.72
2024-01-22,DEV_00130,23.79
2024-01-20,DEV_00088,11.02
2024-01-31,DEV_00153,20.4
2024-01-17,DEV_00029,7.81
2024-01-24,DEV_00124,36.21
2024-01-05,DEV_00199,11.37
2024-01-14,DEV_00101,19.75
2024-01-28,DEV_00104,42.18
2024-01-09,DEV_00036,8.18
2024-01-24,DEV_00157,11.58
2024-01-03,DEV_00155,34.79
2024-01-15,DEV_00193,17.23
2024-01-13,DEV_00012,24.64
2024-01-23,DEV_00108,19.3
2024-01-04,DEV_00074,5.63
2024-01-05,DEV_00120,37.78
2024-01-15,DEV_00015,6.23
2024-01-14,DEV_00017,39.18
2024-01-12,DEV_00036,26.68
2024-01-12,DEV_00020,113.07
2024-01-16,DEV_00020,21.41
2024-01-19,DEV_00175,20.73
2024-01-25,DEV_00181,7.22
2024-01-24,DEV_00166,11.52
2024-01-14,DEV_00194,25.32
2024-01-29,DEV_00115,21.12
2024-01-28,DEV_00011,48.27
2024-01-04,DEV_00076,17.08
2024-01-07,DEV_00108,63.86
2024-01-29,DEV_00160,5.31
2024-01-29,DEV_00086,47.53
2024-01-26,DEV_00176,14.63
2024-01-29,DEV_00154,23.14
2024-01-04,DEV_00187,6.24
2024-01-09,DEV_00078,19.26
2024-01-21,DEV_00143,19.05
2024-01-22,DEV_00099,50.69
2024-01-20,DEV_00011,31.41
2024-01-26,DEV_00124,13.67
2024-01-20,DEV_00149,13.24
2024-01-30,DEV_00156,17.72
2024-01-05,DEV_00144,92.27
2024-01-25,DEV_00131,21.99
2024-01-29,DEV_00198,27.23
2024-01-01,DEV_00151,23.87
2024-01-15,DEV_00149,57.83
2024-01-14,DEV_00051,30.12
2024-01-01,DEV_00079,32.18
2024-01-12,DEV_00187,11.93
2024-01-12,DEV_00060,79.46
2024-01-05,DEV_00054,14.79
2024-01-17,DEV_00198,43.96
2024-01-06,DEV_00141,29.45
2024-01-17,DEV_00200,12.13
2024-01-12,DEV_00198,8.93
2024-01-26,DEV_00058,15.38
2024-01-20,DEV_00189,19.37
2024-01-07,DEV_00179,20.74
2024-01-22,DEV_00073,23.77
2024-01-08,DEV_00097,15.85
2024-01-26,DEV_00190,9.41
2024-01-05,DEV_00121,61.89
2024-01-04,DEV_00146,25.23
2024-01-29,DEV_00154,19.9
2024-01-24,DEV_00045,31.92
2024-01-03,DEV_00124,15.44
2024-01-28,DEV_00019,59.96
2024-01-28,DEV_00029,17.03
2024-01-13,DEV_00128,7.97
2024-01-24,DEV_00155,8.5
2024-01-06,DEV_00095,26.31
2024-01-28,DEV_00121,5.51
2024-01-23,DEV_00122,14.4
2024-01-23,DEV_00141,68.13
2024-01-26,DEV_00053,16.55
2024-01-31,DEV_00017,22
2024-01-01,DEV_00159,19.6
2024-01-27,DEV_00051,25.53
2024-01-17,DEV_00072,8.22
2024-01-14,DEV_00120,20.66
2024-01-27,DEV_00056,16.38
2024-01-21,DEV_00030,34.36
2024-01-30,DEV_00180,32.34
2024-01-22,DEV_00115,14.29
2024-01-17,DEV_00149,32.8
2024-01-13,DEV_00111,34.31
2024-01-03,DEV_00023,6.86
2024-01-30,DEV_00028,28.25
2024-01-07,DEV_00117,16.42
2024-01-15,DEV_00193,11.24
2024-01-15,DEV_00064,55.69
2024-01-15,DEV_00045,18.87
2024-01-21,DEV_00023,26.21
2024-01-23,DEV_00046,6.23
2024-01-25,DEV_00024,11.43
2024-01-14,DEV_00105,17.15
2024-01-08,DEV_00022,24
2024-01-05,DEV_00150,23.43
2024-01-07,DEV_00020,12.39
2024-01-07,DEV_00192,37.08
2024-01-19,DEV_00104,25.31
2024-01-28,DEV_00039,26.78
2024-01-18,DEV_00012,2.73
2024-01-19,DEV_00064,19.12
2024-01-30,DEV_00005,13.86
2024-01-11,DEV_00189,17.27
2024-01-23,DEV_00129,14.7
2024-01-23,DEV_00148,6.01
2024-01-26,DEV_00152,52.68
2024-01-20,DEV_00170,12.59
2024-01-18,DEV_00013,15.51
2024-01-18,DEV_00177,16.86
2024-01-23,DEV_00103,6.96
2024-01-06,DEV_00096,21.99
2024-01-03,DEV_00175,19.51
2024-01-28,DEV_00092,11.59
2024-01-21,DEV_00049,12.47
2024-01-22,DEV_00028,16.41
2024-01-02,DEV_00078,6.53
2024-01-09,DEV_00072,31.83
2024-01-08,DEV_00124,42.55
2024-01-31,DEV_00114,47.42
2024-01-15,DEV_00121,28.79
2024-01-22,DEV_00021,23.08
2024-01-06,DEV_00142,23.18
2024-01-02,DEV_00128,11.89
2024-01-18,DEV_00116,12.09
2024-01-16,DEV_00125,11.11
2024-01-06,DEV_00185,41.59
2024-01-02,DEV_00141,13.06
2024-01-02,DEV_00181,57.43
2024-01-20,DEV_00133,25.05
2024-01-17,DEV_00200,70.47
2024-01-19,DEV_00153,21.64
2024-01-22,DEV_00156,2.14
2024-01-09,DEV_00115,6.11
2024-01-14,DEV_00086,14.89
2024-01-03,DEV_00018,15.77
2024-01-08,DEV_00075,21.63
2024-01-27,DEV_00156,26.35
2024-01-15,DEV_00145,21.46
2024-01-31,DEV_00048,78.58
2024-01-05,DEV_00136,11.44
2024-01-01,DEV_00039,7.07
2024-01-18,DEV_00156,14.73
2024-01-12,DEV_00009,4.55
2024-01-25,DEV_00083,28.22
2024-01-02,DEV_00148,17.09
2024-01-05,DEV_00085,15.92
2024-01-17,DEV_00141,10.31
2024-01-24,DEV_00150,21.38
2024-01-16,DEV_00107,13.11
2024-01-04,DEV_00026,23.11
2024-01-02,DEV_00153,33.88
2024-01-22,DEV_00028,10.77
2024-01-18,DEV_00074,40.3
2024-01-07,DEV_00097,17.06
2024-01-02,DEV_00145,43.46
2024-01-12,DEV_00039,19.97
2024-01-09,DEV_00180,3.68
2024-01-11,DEV_00027,26.48
2024-01-31,DEV_00198,33.13
2024-01-04,DEV_00062,9.03
2024-01-16,DEV_00016,14.75
2024-01-13,DEV_00087,53.1
2024-01-25,DEV_00077,72.86
2024-01-22,DEV_00165,48.22
2024-01-17,DEV_00087,27.77
2024-01-05,DEV_00054,22.57
2024-01-17,DEV_00173,21.68
2024-01-03,DEV_00154,14.37
2024-01-02,DEV_00173,8.38
2024-01-09,DEV_00098,48.82
2024-01-05,DEV_00157,8.7
2024-01-12,DEV_00151,14.44
2024-01-06,DEV_00010,31.71
2024-01-17,DEV_00099,23.85
2024-01-08,DEV_00071,20.34
2024-01-29,DEV_00051,47.36
2024-01-19,DEV_00027,57.25
2024-01-06,DEV_00107,7.84
2024-01-12,DEV_00158,21.71
2024-01-22,DEV_00101,13.25
2024-01-05,DEV_00044,68.76
2024-01-06,DEV_00139,48.76
2024-01-11,DEV_00163,37.3
2024-01-14,DEV_00091,14.59
2024-01-30,DEV_00032,4.39
2024-01-08,DEV_00062,3.55
2024-01-10,DEV_00091,76.47
2024-01-05,DEV_00192,19.93
2024-01-11,DEV_00058,16.43
2024-01-28,DEV_00083,11.34
2024-01-15,DEV_00093,8.59
2024-01-29,DEV_00143,185.75
2024-01-05,DEV_00036,28.62
2024-01-09,DEV_00100,40.44
2024-01-11,DEV_00008,10.35
2024-01-10,DEV_00182,40.15
2024-01-03,DEV_00117,7.61
2024-01-01,DEV_00084,14.09
2024-01-01,DEV_00150,5.91
2024-01-09,DEV_00135,8.83
2024-01-16,DEV_00098,41.56
2024-01-26,DEV_00160,10.68
2024-01-26,DEV_00107,19.45
2024-01-27,DEV_00143,18.73
2024-01-24,DEV_00155,31.73
2024-01-10,DEV_00007,19.78
2024-01-08,DEV_00167,45.06
2024-01-07,DEV_00078,61.21
2024-01-11,DEV_00160,28.45
2024-01-27,DEV_00051,23.61
2024-01-24,DEV_00100,18
2024-01-29,DEV_00145,16.82
2024-01-11,DEV_00115,37.18
2024-01-15,DEV_00196,37.27
2024-01-19,DEV_00142,5.57
2024-01-09,DEV_00080,4.98
2024-01-06,DEV_00090,15.17
2024-01-11,DEV_00035,23.38
2024-01-29,DEV_00168,114.91
2024-01-10,DEV_00077,22.28
2024-01-21,DEV_00021,50.86
2024-01-22,DEV_00135,36.6
2024-01-16,DEV_00006,17.34
2024-01-19,DEV_00119,29.04
2024-01-24,DEV_00138,53.18
2024-01-19,DEV_00157,7.85
2024-01-21,DEV_00149,25.51
2024-01-02,DEV_00017,24.88
2024-01-18,DEV_00030,37.66
2024-01-16,DEV_00109,2.65
2024-01-26,DEV_00179,5.32
2024-01-17,DEV_00165,57.65
2024-01-18,DEV_00056,22.84
2024-01-22,DEV_00033,30.62
2024-01-19,DEV_00020,8.22
2024-01-28,DEV_00141,10.18
2024-01-01,DEV_00198,34.63
2024-01-10,DEV_00105,23.84
2024-01-19,DEV_00014,10.14
2024-01-31,DEV_00183,12.68
2024-01-18,DEV_00056,13.21
2024-01-11,DEV_00129,43.96
2024-01-20,DEV_00195,77.04
2024-01-29,DEV_00165,21.51
2024-01-08,DEV_00047,7.26
2024-01-27,DEV_00180,23.21
2024-01-19,DEV_00180,9.84
2024-01-06,DEV_00154,47.78
2024-01-05,DEV_00171,4.48
2024-01-27,DEV_00054,19.63
2024-01-31,DEV_00132,37.97
2024-01-16,DEV_00020,12.61
2024-01-27,DEV_00072,12.45
2024-01-26,DEV_00137,17.2
2024-01-23,DEV_00079,24.65
2024-01-07,DEV_00085,15.37
2024-01-11,DEV_00097,8.35
2024-01-09,DEV_00068,7.02
2024-01-28,DEV_00014,13.69
2024-01-09,DEV_00004,2.6
2024-01-11,DEV_00142,35.02
2024-01-21,DEV_00034,20.12
2024-01-30,DEV_00035,24.31
2024-01-17,DEV_00107,90.89
2024-01-28,DEV_00082,23.35
2024-01-07,DEV_00115,46.42
2024-01-02,DEV_00004,21.4
2024-01-21,DEV_00164,8.29
2024-01-08,DEV_00191,16.25
2024-01-05,DEV_00130,18.28
2024-01-07,DEV_00151,33.73
2024-01-21,DEV_00022,10.96
2024-01-04,DEV_00188,8.19
2024-01-28,DEV_00109,7.3
2024-01-29,DEV_00112,51.66
2024-01-21,DEV_00003,19.98
2024-01-27,DEV_00073,54.62
2024-01-10,DEV_00023,23.9
2024-01-28,DEV_00157,2.53
2024-01-03,DEV_00029,30.84
2024-01-14,DEV_00101,5.43
2024-01-10,DEV_00010,30.59
2024-01-26,DEV_00028,7.24
2024-01-28,DEV_00065,6.92
2024-01-28,DEV_00041,12.17
2024-01-11,DEV_00123,4.52
2024-01-30,DEV_00165,5.81
2024-01-17,DEV_00142,5.01
2024-01-27,DEV_00156,48.82
2024-01-28,DEV_00145,56.73
2024-01-24,DEV_00035,11.42
2024-01-11,DEV_00185,26.34
2024-01-20,DEV_00031,9.27
2024-01-20,DEV_00081,20.63
2024-01-18,DEV_00111,4.68
2024-01-29,DEV_00131,15.43
2024-01-19,DEV_00142,8.88
2024-01-27,DEV_00051,8.57
2024-01-17,DEV_00197,38.84
2024-01-25,DEV_00001,10.19
2024-01-03,DEV_00064,5.53
2024-01-08,DEV_00143,5.8
2024-01-28,DEV_00148,3.99
2024-01-08,DEV_00122,9.81
2024-01-01,DEV_00144,32.09
2024-01-28,DEV_00029,31.38
2024-01-23,DEV_00161,23.17
2024-01-27,DEV_00064,15.41
2024-01-21,DEV_00065,29.54
2024-01-04,DEV_00140,8.24
2024-01-22,DEV_00057,5.99
2024-01-17,DEV_00154,24.47
2024-01-03,DEV_00036,13.39
2024-01-01,DEV_00044,64.92
2024-01-27,DEV_00131,53.98
2024-01-27,DEV_00107,43.5
2024-01-29,DEV_00161,17.96
2024-01-22,DEV_00031,15.2
2024-01-27,DEV_00174,11.49
2024-01-26,DEV_00038,30.31
2024-01-15,DEV_00148,14.83
2024-01-31,DEV_00053,17.16
2024-01-30,DEV_00029,13.83
2024-01-18,DEV_00149,7.95
2024-01-30,DEV_00108,3.14
2024-01-09,DEV_00143,5.74
2024-01-13,DEV_00079,252.27
2024-01-30,DEV_00042,22.9
2024-01-04,DEV_00151,35.19
2024-01-25,DEV_00008,36.85
2024-01-14,DEV_00137,18.91
2024-01-15,DEV_00143,38.83
2024-01-20,DEV_00123,14.31
2024-01-01,DEV_00013,19.17
2024-01-29,DEV_00177,36.27
2024-01-13,DEV_00176,37.69
2024-01-06,DEV_00012,15.94
2024-01-13,DEV_00140,17.73
2024-01-21,DEV_00093,7.69
2024-01-15,DEV_00045,11.95
2024-01-31,DEV_00014,50.35
2024-01-10,DEV_00108,11.13
2024-01-19,DEV_00029,4.9
2024-01-25,DEV_00017,12.5
2024-01-05,DEV_00155,8.11
2024-01-17,DEV_00123,36.26
2024-01-09,DEV_00097,3.47
2024-01-31,DEV_00055,23.06
2024-01-08,DEV_00168,13.01
2024-01-23,DEV_00015,30
2024-01-25,DEV_00029,22.93
2024-01-13,DEV_00063,3.33
2024-01-06,DEV_00022,13.04
2024-01-14,DEV_00066,6.15
2024-01-17,DEV_00193,34.84
2024-01-12,DEV_00019,28.93
2024-01-11,DEV_00146,29.48
2024-01-19,DEV_00042,16.79
2024-01-09,DEV_00032,6.81
2024-01-17,DEV_00099,22.98
2024-01-13,DEV_00174,60.96
2024-01-09,DEV_00117,11.36
2024-01-23,DEV_00063,8.71
2024-01-29,DEV_00125,13.42
2024-01-11,DEV_00160,14.07
2024-01-17,DEV_00129,10.63
2024-01-29,DEV_00035,141.98
2024-01-09,DEV_00144,27.92
2024-01-11,DEV_00013,36.34
2024-01-24,DEV_00116,12.54
2024-01-09,DEV_00038,7.77
2024-01-02,DEV_00036,35.92
2024-01-04,DEV_00059,51.24
2024-01-19,DEV_00012,50.14
2024-01-18,DEV_00138,22.21
2024-01-26,DEV_00112,16.72
2024-01-11,DEV_00063,22.89
2024-01-25,DEV_00105,6.47
2024-01-26,DEV_00178,14.18
2024-01-01,DEV_00058,39.33
2024-01-21,DEV_00180,10.19
2024-01-25,DEV_00177,6.37
2024-01-05,DEV_00017,15.73
2024-01-23,DEV_00004,43.09
2024-01-04,DEV_00098,7.25
2024-01-30,DEV_00044,133.72
2024-01-20,DEV_00152,21.86
2024-01-21,DEV_00106,12.43
2024-01-30,DEV_00125,15.66
2024-01-20,DEV_00168,6.8
2024-01-12,DEV_00052,19.34
2024-01-17,DEV_00035,5.72
2024-01-07,DEV_00013,3.74
2024-01-29,DEV_00100,43.91
2024-01-16,DEV_00017,14.54
2024-01-09,DEV_00030,20.38
2024-01-28,DEV_00135,7.23
2024-01-07,DEV_00004,25.81
2024-01-26,DEV_00067,12.08
2024-01-20,DEV_00106,10.73
2024-01-25,DEV_00046,42.35
2024-01-05,DEV_00178,22.57
2024-01-04,DEV_00099,35.72
2024-01-16,DEV_00085,10.27
2024-01-03,DEV_00187,50.97
2024-01-19,DEV_00041,29.5
2024-01-23,DEV_00021,41.63
2024-01-02,DEV_00039,9.31
2024-01-18,DEV_00001,61.46
2024-01-12,DEV_00132,35.55
2024-01-21,DEV_00017,37.61
2024-01-06,DEV_00159,24.37
2024-01-16,DEV_00001,11.7
2024-01-09,DEV_00041,8.64
2024-01-15,DEV_00004,33.61
2024-01-21,DEV_00084,5.58
2024-01-07,DEV_00179,32.66
2024-01-01,DEV_00095,15.92
2024-01-04,DEV_00034,5.44
2024-01-09,DEV_00003,75.29
2024-01-01,DEV_00063,26.75
2024-01-22,DEV_00091,25.85
2024-01-23,DEV_00098,11.14
2024-01-25,DEV_00138,9.98
2024-01-01,DEV_00098,5.41
2024-01-08,DEV_00133,98.77
2024-01-17,DEV_00152,29.57
2024-01-10,DEV_00008,17.88
2024-01-16,DEV_00077,8.34
2024-01-27,DEV_00125,81.29
2024-01-12,DEV_00091,46.21
2024-01-28,DEV_00029,74.79
2024-01-18,DEV_00019,18.68
2024-01-14,DEV_00066,29.07
2024-01-23,DEV_00160,12.15
2024-01-26,DEV_00089,7.55
2024-01-18,DEV_00029,6.87
2024-01-30,DEV_00109,34.43
2024-01-10,DEV_00029,12.26
2024-01-11,DEV_00055,10.51
2024-01-01,DEV_00026,10.23
2024-01-30,DEV_00166,32.77
2024-01-18,DEV_00061,32.8
2024-01-15,DEV_00055,12.16
2024-01-02,DEV_00178,13.62
2024-01-08,DEV_00095,128.4
2024-01-01,DEV_00044,57.68
2024-01-03,DEV_00022,36.64
2024-01-15,DEV_00164,36.4
2024-01-09,DEV_00192,32.66
2024-01-11,DEV_00093,13.29
2024-01-27,DEV_00159,18.66
2024-01-22,DEV_00053,10.04
2024-01-19,DEV_00043,10.25
2024-01-06,DEV_00166,23.51
2024-01-06,DEV_00185,42.8
2024-01-15,DEV_00073,25.4
2024-01-19,DEV_00057,13.75
2024-01-20,DEV_00137,4.06
2024-01-18,DEV_00048,77.16
2024-01-10,DEV_00182,12.47
2024-01-24,DEV_00175,32.63
2024-01-03,DEV_00098,43.44
2024-01-21,DEV_00166,68.38
2024-01-23,DEV_00032,27.89
2024-01-27,DEV_00137,7.82
2024-01-13,DEV_00064,7.53
2024-01-08,DEV_00079,13.2
2024-01-18,DEV_00168,15.19
2024-01-01,DEV_00097,16.73
2024-01-28,DEV_00103,10.5
2024-01-09,DEV_00181,4.9
2024-01-30,DEV_00107,39.52
2024-01-25,DEV_00071,21.98
2024-01-29,DEV_00159,6.48
2024-01-15,DEV_00030,53.41
2024-01-06,DEV_00019,7.59
2024-01-13,DEV_00094,18.17
2024-01-17,DEV_00104,31.77
2024-01-18,DEV_00073,28.1
2024-01-07,DEV_00142,16.2
2024-01-01,DEV_00061,28.25
2024-01-01,DEV_00101,26.54
2024-01-17,DEV_00089,8.65
2024-01-13,DEV_00142,21.08
2024-01-16,DEV_00164,19.8
2024-01-15,DEV_00003,16.89
2024-01-03,DEV_00121,21.74
2024-01-28,DEV_00099,14.63
2024-01-31,DEV_00018,44.69
2024-01-01,DEV_00134,15.53
2024-01-21,DEV_00001,28.35
2024-01-27,DEV_00118,23.93
2024-01-04,DEV_00166,3.89
2024-01-11,DEV_00080,35.92
2024-01-01,DEV_00076,51.03
2024-01-15,DEV_00156,28.26
2024-01-30,DEV_00101,15.28
2024-01-09,DEV_00018,25.07
2024-01-07,DEV_00198,9.79
2024-01-17,DEV_00079,11.12
2024-01-02,DEV_00179,14.14
2024-01-03,DEV_00062,9.19
2024-01-08,DEV_00049,9.89
2024-01-25,DEV_00037,24.58
2024-01-11,DEV_00033,8.77
2024-01-12,DEV_00072,6.43
2024-01-31,DEV_00121,19.52
2024-01-03,DEV_00069,14.97
2024-01-15,DEV_00004,17.61
2024-01-10,DEV_00159,46.85
2024-01-17,DEV_00096,8.85
2024-01-16,DEV_00059,45.65
2024-01-17,DEV_00034,7.86
2024-01-21,DEV_00065,11.5
2024-01-03,DEV_00072,12.15
2024-01-14,DEV_00036,11.61
2024-01-02,DEV_00198,3.87
2024-01-19,DEV_00145,32.7
2024-01-29,DEV_00124,41.03
2024-01-16,DEV_00186,15.26
2024-01-02,DEV_00107,40.15
2024-01-09,DEV_00014,4.58
2024-01-19,DEV_00133,48.93
2024-01-13,DEV_00102,82.34
2024-01-27,DEV_00020,61.07
2024-01-19,DEV_00008,17.88
2024-01-25,DEV_00024,26.21
2024-01-08,DEV_00075,13.32
2024-01-10,DEV_00068,40.69
2024-01-25,DEV_00088,9.09
2024-01-05,DEV_00094,25.62
2024-01-14,DEV_00003,6.63
2024-01-19,DEV_00088,16.02
2024-01-16,DEV_00107,27.47
2024-01-23,DEV_00190,34.76
2024-01-11,DEV_00189,7.62
2024-01-03,DEV_00071,18.35
2024-01-09,DEV_00177,21.3
2024-01-19,DEV_00055,6.73
2024-01-27,DEV_00069,14.11
2024-01-16,DEV_00161,33.1
2024-01-11,DEV_00163,39.96
2024-01-30,DEV_00085,44.5
2024-01-20,DEV_00132,30.5
2024-01-16,DEV_00050,14.72
2024-01-29,DEV_00017,19.19
2024-01-18,DEV_00051,55.15
2024-01-10,DEV_00047,20.21
2024-01-27,DEV_00113,23.6
2024-01-16,DEV_00109,35.16
2024-01-09,DEV_00117,29.03
2024-01-30,DEV_00013,19.96
2024-01-07,DEV_00148,21.71
2024-01-10,DEV_00156,10.03
2024-01-27,DEV_00034,94.54
2024-01-02,DEV_00163,75.34
2024-01-26,DEV_00091,18.49
2024-01-21,DEV_00109,8.94
2024-01-31,DEV_00182,19.39
2024-01-09,DEV_00061,91.14
2024-01-02,DEV_00137,33.06
2024-01-02,DEV_00164,33.26
2024-01-09,DEV_00003,17.41
2024-01-12,DEV_00043,5.68
2024-01-20,DEV_00133,25.64
2024-01-06,DEV_00017,16.04
2024-01-05,DEV_00179,20.08
2024-01-30,DEV_00010,27.82
2024-01-14,DEV_00164,42.42
2024-01-28,DEV_00089,24.99
2024-01-02,DEV_00018,28.84
2024-01-14,DEV_00090,3.82
2024-01-06,DEV_00168,68.98
2024-01-18,DEV_00106,28.5
2024-01-19,DEV_00163,14.99
2024-01-24,DEV_00140,7.76
2024-01-15,DEV_00157,16.37
2024-01-05,DEV_00006,15.66
2024-01-07,DEV_00102,10.91
2024-01-09,DEV_00081,13.84
2024-01-03,DEV_00196,16.3
2024-01-07,DEV_00097,24
2024-01-26,DEV_00154,26.91
2024-01-23,DEV_00091,16.77
2024-01-31,DEV_00034,29.57
2024-01-23,DEV_00114,27.92
2024-01-13,DEV_00113,24.83
2024-01-17,DEV_00001,32.03
2024-01-27,DEV_00149,3.36
2024-01-02,DEV_00115,54.02
2024-01-06,DEV_00163,9
2024-01-08,DEV_00116,5.92
2024-01-23,DEV_00096,18.05
2024-01-16,DEV_00061,5.38
2024-01-31,DEV_00066,17.01
2024-01-17,DEV_00195,62.72
2024-01-05,DEV_00139,3.07
2024-01-08,DEV_00050,5.35
2024-01-11,DEV_00007,1.98
2024-01-21,DEV_00094,87.27
2024-01-04,DEV_00135,12.95
2024-01-21,DEV_00189,28.17
2024-01-03,DEV_00160,31.1
2024-01-05,DEV_00013,39.83
2024-01-31,DEV_00166,9.02
2024-01-31,DEV_00061,6.73
2024-01-14,DEV_00083,9.28
2024-01-19,DEV_00047,55.47
2024-01-15,DEV_00083,5.88
2024-01-07,DEV_00037,17.82
2024-01-18,DEV_00111,16.8
2024-01-21,DEV_00104,45.86
2024-01-06,DEV_00174,20.84
2024-01-25,DEV_00178,10.31
2024-01-23,DEV_00101,17.05
2024-01-10,DEV_00004,16.71
2024-01-11,DEV_00051,15.92
2024-01-02,DEV_00122,11.96
2024-01-20,DEV_00016,65.99
2024-01-06,DEV_00084,10.63
2024-01-17,DEV_00161,12.29
2024-01-06,DEV_00142,9.42
2024-01-08,DEV_00120,46.13
2024-01-22,DEV_00151,19.44
2024-01-09,DEV_00015,31.04
2024-01-14,DEV_00069,33.63
2024-01-08,DEV_00108,40.54
2024-01-09,DEV_00141,5.75
2024-01-02,DEV_00178,112.51
2024-01-24,DEV_00166,8.27
2024-01-06,DEV_00008,16.6
2024-01-30,DEV_00089,8.81
2024-01-06,DEV_00169,44.63
2024-01-19,DEV_00110,24.65
2024-01-07,DEV_00087,12.14
2024-01-24,DEV_00001,22.33
2024-01-13,DEV_00114,8.71
2024-01-19,DEV_00112,6.48
2024-01-08,DEV_00125,19.59
2024-01-14,DEV_00042,17.87
2024-01-27,DEV_00122,23.38
2024-01-09,DEV_00057,43.59
2024-01-07,DEV_00169,69.26
2024-01-19,DEV_00044,13.71
2024-01-18,DEV_00081,18.09
2024-01-26,DEV_00062,27.76
2024-01-29,DEV_00049,25.66
2024-01-22,DEV_00165,28.58
2024-01-01,DEV_00148,13.51
2024-01-27,DEV_00047,32.41
2024-01-23,DEV_00044,16.52
2024-01-30,DEV_00155,24.25
2024-01-12,DEV_00098,22.74
2024-01-26,DEV_00046,30.84
2024-01-02,DEV_00014,35
2024-01-30,DEV_00079,17.08
2024-01-10,DEV_00077,48
2024-01-10,DEV_00136,17.77
2024-01-15,DEV_00193,35.36
2024-01-09,DEV_00198,9.91
2024-01-04,DEV_00107,17.31
2024-01-17,DEV_00089,74.49
2024-01-23,DEV_00161,20.08
2024-01-02,DEV_00082,6.96
2024-01-17,DEV_00188,5.69
2024-01-02,DEV_00011,205.55
2024-01-30,DEV_00136,9.76
2024-01-01,DEV_00102,36.89
2024-01-05,DEV_00073,29.49
2024-01-31,DEV_00166,13.4
2024-01-07,DEV_00035,41.51
2024-01-10,DEV_00039,5.29
2024-01-15,DEV_00159,58.42
2024-01-25,DEV_00166,12.36
2024-01-21,DEV_00092,24.15
2024-01-16,DEV_00069,9.73
2024-01-30,DEV_00154,31.15
2024-01-04,DEV_00021,14.11
2024-01-26,DEV_00096,12.85
2024-01-20,DEV_00151,20.85
2024-01-07,DEV_00189,7.08
2024-01-22,DEV_00091,15.88
2024-01-24,DEV_00169,31.49
2024-01-13,DEV_00139,18.9
2024-01-04,DEV_00163,43.46
2024-01-03,DEV_00146,14.74
2024-01-24,DEV_00121,25.64
2024-01-29,DEV_00108,17.92
2024-01-12,DEV_00001,12.87
2024-01-27,DEV_00101,8.11
2024-01-08,DEV_00111,52.95
2024-01-07,DEV_00161,9.77
2024-01-22,DEV_00181,34.59
2024-01-19,DEV_00107,14.1
2024-01-09,DEV_00113,22.29
2024-01-03,DEV_00024,26.69
2024-01-10,DEV_00164,43.99
2024-01-01,DEV_00105,9.73
2024-01-15,DEV_00079,41.5
2024-01-20,DEV_00023,47.08
2024-01-02,DEV_00179,9.02
2024-01-30,DEV_00169,6.33
2024-01-17,DEV_00197,22.3
2024-01-04,DEV_00180,49.36
2024-01-02,DEV_00166,58.01
2024-01-28,DEV_00190,10.7
2024-01-29,DEV_00001,26.53
2024-01-18,DEV_00048,16.03
2024-01-19,DEV_00159,21.45
2024-01-07,DEV_00107,37.62
2024-01-09,DEV_00039,72.58
2024-01-15,DEV_00078,42.13
2024-01-24,DEV_00018,12.54
2024-01-13,DEV_00095,8.76
2024-01-27,DEV_00112,57.47
2024-01-12,DEV_00148,27.39
2024-01-28,DEV_00163,43.86
2024-01-22,DEV_00181,48.43
2024-01-25,DEV_00124,22.24
2024-01-09,DEV_00093,14.04
2024-01-19,DEV_00040,6.86
2024-01-28,DEV_00049,133.65
2024-01-11,DEV_00172,10.24
2024-01-16,DEV_00158,5.32
2024-01-22,DEV_00019,32.91
2024-01-29,DEV_00101,9.91
2024-01-20,DEV_00165,20.2
2024-01-15,DEV_00081,15.33
2024-01-17,DEV_00045,58.42
2024-01-12,DEV_00132,28.54
2024-01-26,DEV_00158,12.92
2024-01-01,DEV_00011,12.98
2024-01-26,DEV_00079,1.62
2024-01-05,DEV_00081,13.31
2024-01-28,DEV_00164,15.31
2024-01-25,DEV_00198,17.67
2024-01-14,DEV_00006,9.64
2024-01-20,DEV_00145,53.33
2024-01-06,DEV_00014,44.54
2024-01-21,DEV_00062,57.29
2024-01-12,DEV_00153,51.96
2024-01-28,DEV_00165,45.43
2024-01-28,DEV_00080,68.14
2024-01-01,DEV_00036,54.46
2024-01-30,DEV_00176,23.74
2024-01-09,DEV_00007,7.37
2024-01-25,DEV_00009,19.75
2024-01-19,DEV_00037,18.19
2024-01-07,DEV_00016,10.86
2024-01-26,DEV_00072,44.96
2024-01-18,DEV_00188,17.43
2024-01-25,DEV_00050,24.04
2024-01-25,DEV_00132,30.46
2024-01-27,DEV_00101,65.26
2024-01-19,DEV_00170,28.23
2024-01-25,DEV_00072,9.42
2024-01-19,DEV_00009,36.79
2024-01-27,DEV_00053,20.05
2024-01-29,DEV_00085,29.01
2024-01-10,DEV_00174,46.89
2024-01-08,DEV_00016,26.08
2024-01-25,DEV_00074,15.86
2024-01-31,DEV_00090,35.61
2024-01-30,DEV_00050,54.32
2024-01-04,DEV_00083,6.89
2024-01-03,DEV_00131,47.76
2024-01-05,DEV_00142,29.8
2024-01-05,DEV_00148,6.3
2024-01-16,DEV_00163,38.51
2024-01-13,DEV_00048,7.56
2024-01-11,DEV_00183,28.27
2024-01-14,DEV_00115,32.11
2024-01-24,DEV_00082,38.3
2024-01-23,DEV_00079,12.62
2024-01-11,DEV_00199,3.86
2024-01-17,DEV_00120,89.79
2024-01-19,DEV_00072,53.36
2024-01-10,DEV_00106,16.84
2024-01-21,DEV_00095,7.96
2024-01-15,DEV_00049,27.66
2024-01-15,DEV_00195,12.14
2024-01-23,DEV_00065,39.32
2024-01-11,DEV_00200,45.98
2024-01-06,DEV_00176,83.11
2024-01-09,DEV_00014,14.42
2024-01-04,DEV_00135,309.62
2024-01-28,DEV_00139,41.57
2024-01-05,DEV_00161,21.89
2024-01-18,DEV_00094,152.78
2024-01-10,DEV_00123,58.31
2024-01-11,DEV_00102,46.37
2024-01-16,DEV_00176,9.3
2024-01-21,DEV_00060,8.53
2024-01-17,DEV_00123,24.16
2024-01-22,DEV_00143,15.19
2024-01-01,DEV_00164,5.62
2024-01-09,DEV_00069,14.91
2024-01-23,DEV_00014,26.92
2024-01-21,DEV_00130,21.32
2024-01-01,DEV_00042,21.45
2024-01-20,DEV_00165,36.03
2024-01-12,DEV_00063,40.01
2024-01-24,DEV_00015,5.24
2024-01-25,DEV_00100,14.78
2024-01-18,DEV_00035,11.51
2024-01-23,DEV_00125,7.81
2024-01-17,DEV_00024,17.39
2024-01-15,DEV_00124,37.81
2024-01-28,DEV_00115,12.21
2024-01-06,DEV_00082,27.65
2024-01-25,DEV_00046,35.4
2024-01-31,DEV_00035,42.78
2024-01-12,DEV_00150,20.22
2024-01-05,DEV_00075,23.63
2024-01-01,DEV_00080,7.57
2024-01-24,DEV_00133,17.27
2024-01-03,DEV_00115,54.73
2024-01-16,DEV_00125,23.92
2024-01-20,DEV_00157,18.2
2024-01-14,DEV_00141,6.24
2024-01-17,DEV_00103,8.87
2024-01-12,DEV_00050,49.96
2024-01-14,DEV_00035,15.2
2024-01-20,DEV_00150,36.63
2024-01-17,DEV_00138,21.32
2024-01-07,DEV_00196,4.44
2024-01-12,DEV_00009,28.45
2024-01-08,DEV_00162,6.49
2024-01-05,DEV_00088,20.73
2024-01-14,DEV_00196,18.08
2024-01-15,DEV_00119,18.61
2024-01-24,DEV_00109,12.22
2024-01-14,DEV_00091,13.9
2024-01-08,DEV_00052,14.21
2024-01-24,DEV_00132,19.3
2024-01-10,DEV_00141,17.15
2024-01-28,DEV_00135,9.6
2024-01-31,DEV_00165,17.54
2024-01-30,DEV_00152,8.87
2024-01-27,DEV_00082,48.04
2024-01-11,DEV_00150,36.79
2024-01-24,DEV_00156,92.54
2024-01-01,DEV_00159,18.17
2024-01-03,DEV_00172,33.62
2024-01-14,DEV_00131,8.9
2024-01-19,DEV_00142,14.52
2024-01-13,DEV_00048,20.55
2024-01-14,DEV_00024,45.4
2024-01-10,DEV_00105,21.27
2024-01-02,DEV_00102,7.98
2024-01-19,DEV_00056,18.1
2024-01-31,DEV_00014,17.48
2024-01-19,DEV_00117,41.42
2024-01-13,DEV_00050,31.33
2024-01-27,DEV_00005,46.18
2024-01-04,DEV_00152,68.13
2024-01-15,DEV_00097,89.34
2024-01-27,DEV_00022,53.81
2024-01-31,DEV_00025,20.24
2024-01-25,DEV_00042,8.99
2024-01-10,DEV_00188,17
2024-01-13,DEV_00102,66.27
2024-01-30,DEV_00133,2.99
2024-01-01,DEV_00090,6.58
2024-01-09,DEV_00064,61.87
2024-01-26,DEV_00081,11.29
2024-01-17,DEV_00021,51.22
2024-01-30,DEV_00026,3.46
2024-01-11,DEV_00053,39.24
2024-01-16,DEV_00135,26.53
2024-01-01,DEV_00065,10.14
2024-01-27,DEV_00199,37.18
2024-01-26,DEV_00199,6.43
2024-01-18,DEV_00008,28.95
2024-01-09,DEV_00012,26.33
2024-01-13,DEV_00054,23.37
2024-01-06,DEV_00048,27.6
2024-01-27,DEV_00087,13.6
2024-01-20,DEV_00192,13.34
2024-01-20,DEV_00074,60.47
2024-01-25,DEV_00035,73.39
2024-01-20,DEV_00027,10.47
2024-01-22,DEV_00092,13.67
2024-01-10,DEV_00034,6.13
2024-01-23,DEV_00092,34.75
2024-01-23,DEV_00149,24.74
2024-01-09,DEV_00152,9.26
2024-01-04,DEV_00153,32.23
2024-01-08,DEV_00027,18.5
2024-01-13,DEV_00113,167.47
2024-01-06,DEV_00089,21.44
2024-01-01,DEV_00145,7.05
2024-01-26,DEV_00074,17.45
2024-01-07,DEV_00109,15.71
2024-01-14,DEV_00075,17.93
2024-01-12,DEV_00089,27.1
2024-01-13,DEV_00098,25
2024-01-05,DEV_00049,4.88
2024-01-06,DEV_00009,12.65
2024-01-23,DEV_00193,5.63
2024-01-14,DEV_00043,3.13
2024-01-18,DEV_00171,27.74
2024-01-18,DEV_00119,19.35
2024-01-23,DEV_00038,12.59
2024-01-09,DEV_00027,7.53
2024-01-28,DEV_00063,33.1
2024-01-16,DEV_00009,16.13
2024-01-05,DEV_00185,16.93
2024-01-22,DEV_00188,4.76
2024-01-30,DEV_00003,46.58
2024-01-24,DEV_00104,16.16
2024-01-12,DEV_00194,24.5
2024-01-11,DEV_00057,14.62
2024-01-24,DEV_00062,9.06
2024-01-07,DEV_00084,19.92
2024-01-07,DEV_00120,50.78
2024-01-14,DEV_00093,56.5
2024-01-04,DEV_00129,20.44
2024-01-05,DEV_00125,3.41
2024-01-14,DEV_00139,21.66
2024-01-24,DEV_00079,26.43
2024-01-29,DEV_00069,4.88
2024-01-25,DEV_00011,45.66
2024-01-28,DEV_00009,8.93
2024-01-13,DEV_00061,22.3
2024-01-10,DEV_00141,14.58
2024-01-27,DEV_00149,18.82
2024-01-09,DEV_00032,6.52
2024-01-19,DEV_00068,22.87
2024-01-28,DEV_00145,49.01
2024-01-09,DEV_00091,55.96
2024-01-30,DEV_00042,29.27
2024-01-13,DEV_00176,17.56
2024-01-09,DEV_00138,33.18
2024-01-16,DEV_00114,30.22
2024-01-10,DEV_00115,44.85
2024-01-11,DEV_00028,50.6
2024-01-23,DEV_00076,47.35
2024-01-10,DEV_00181,44.71
2024-01-14,DEV_00020,3
2024-01-02,DEV_00046,39.12
2024-01-11,DEV_00105,93.83
2024-01-16,DEV_00068,13.25
2024-01-31,DEV_00064,19.14
2024-01-03,DEV_00058,15.31
2024-01-08,DEV_00071,23.67
2024-01-15,DEV_00072,46.03
2024-01-22,DEV_00143,12.3
2024-01-12,DEV_00032,104.56
2024-01-20,DEV_00157,17.72
2024-01-17,DEV_00068,11.73
2024-01-02,DEV_00080,25.72
2024-01-23,DEV_00062,7.12
2024-01-30,DEV_00115,10.11
2024-01-03,DEV_00172,17.41
2024-01-31,DEV_00123,9.17
2024-01-20,DEV_00034,30.28
2024-01-04,DEV_00038,4.98
2024-01-23,DEV_00183,52.04
2024-01-02,DEV_00088,137.72
2024-01-13,DEV_00153,12.81
2024-01-21,DEV_00198,10.68
2024-01-19,DEV_00053,19.03
2024-01-31,DEV_00187,17.29
2024-01-30,DEV_00067,28.39
2024-01-25,DEV_00058,38.79
2024-01-29,DEV_00036,127.15
2024-01-22,DEV_00132,12.62
2024-01-25,DEV_00094,10.75
2024-01-25,DEV_00187,25.16
2024-01-13,DEV_00184,6.14
2024-01-03,DEV_00060,14.54
2024-01-20,DEV_00074,9.9
2024-01-17,DEV_00069,6.84
2024-01-05,DEV_00019,10.44
2024-01-15,DEV_00185,36.5
2024-01-16,DEV_00146,36.59
2024-01-16,DEV_00144,35.88
2024-01-22,DEV_00108,15.94
2024-01-02,DEV_00190,15.09
2024-01-13,DEV_00112,6.81
2024-01-29,DEV_00091,18.66
2024-01-26,DEV_00152,8.18
2024-01-21,DEV_00050,11.1
2024-01-14,DEV_00115,11.81
2024-01-17,DEV_00151,17.79
2024-01-15,DEV_00179,12.02
2024-01-22,DEV_00043,29.81
2024-01-09,DEV_00050,20.13
2024-01-22,DEV_00061,23.94
2024-01-13,DEV_00040,16.79
2024-01-21,DEV_00059,15.05
2024-01-24,DEV_00173,13.16
2024-01-26,DEV_00161,8.1
2024-01-02,DEV_00039,13.05
2024-01-13,DEV_00169,5.02
2024-01-03,DEV_00058,9.9
2024-01-14,DEV_00063,16.79
2024-01-07,DEV_00128,13.02
2024-01-22,DEV_00097,30.62
2024-01-28,DEV_00087,1.07
2024-01-13,DEV_00152,4.05
2024-01-08,DEV_00078,71.69
2024-01-08,DEV_00116,11.14
2024-01-21,DEV_00010,21.4
2024-01-08,DEV_00007,143.96
2024-01-29,DEV_00200,23.32
2024-01-19,DEV_00110,2.55
2024-01-02,DEV_00084,20.82
2024-01-23,DEV_00007,42.78
2024-01-30,DEV_00089,26.09
2024-01-27,DEV_00179,25.36
2024-01-04,DEV_00063,26.85
2024-01-09,DEV_00013,25.04
2024-01-23,DEV_00182,15.04
2024-01-15,DEV_00089,17.83
2024-01-25,DEV_00193,17.01
2024-01-26,DEV_00183,4.99
2024-01-15,DEV_00070,28.97
2024-01-19,DEV_00047,11.96
2024-01-08,DEV_00039,37.19
2024-01-06,DEV_00120,13.25
2024-01-17,DEV_00053,12.31
2024-01-14,DEV_00109,25.39
2024-01-03,DEV_00139,21.49
2024-01-26,DEV_00168,8.87
2024-01-05,DEV_00026,5.76
2024-01-12,DEV_00139,13.03
2024-01-22,DEV_00013,17.21
2024-01-23,DEV_00193,8.98
2024-01-21,DEV_00151,6.27
2024-01-07,DEV_00038,17.16
2024-01-26,DEV_00085,16.85
2024-01-11,DEV_00186,10.44
2024-01-22,DEV_00100,25.46
2024-01-12,DEV_00193,11.52
2024-01-10,DEV_00125,10.72
2024-01-28,DEV_00179,19.08
2024-01-12,DEV_00175,11.26
2024-01-31,DEV_00127,26.67
2024-01-26,DEV_00040,6.92
2024-01-28,DEV_00169,36.62
2024-01-01,DEV_00112,34.35
2024-01-31,DEV_00134,13.4
2024-01-22,DEV_00044,28.16
2024-01-05,DEV_00104,7.03
2024-01-13,DEV_00044,22.3
2024-01-15,DEV_00172,18.37
2024-01-23,DEV_00182,30.85
2024-01-01,DEV_00172,19.06
2024-01-28,DEV_00031,11.87
2024-01-26,DEV_00118,15.01
2024-01-05,DEV_00109,16.95
2024-01-12,DEV_00171,7.37
2024-01-01,DEV_00014,18.92
2024-01-18,DEV_00069,8.02
2024-01-14,DEV_00120,23.14
2024-01-17,DEV_00104,58.96
2024-01-03,DEV_00091,37.89
2024-01-06,DEV_00114,152.81
2024-01-21,DEV_00103,27.78
2024-01-25,DEV_00152,26.46
2024-01-26,DEV_00164,13.12
2024-01-08,DEV_00096,34.39
2024-01-22,DEV_00085,12.63
2024-01-11,DEV_00051,70.05
2024-01-20,DEV_00137,28.06
2024-01-21,DEV_00087,7.8
2024-01-24,DEV_00172,7.51
2024-01-25,DEV_00110,31.99
2024-01-07,DEV_00139,15.68
2024-01-29,DEV_00005,115.57
2024-01-03,DEV_00190,11.29
2024-01-28,DEV_00137,37.5
2024-01-14,DEV_00036,7.73
2024-01-15,DEV_00112,35.11
2024-01-16,DEV_00122,26.62
2024-01-06,DEV_00083,15.83
2024-01-29,DEV_00027,18.51
2024-01-11,DEV_00086,91.42
2024-01-08,DEV_00192,85.37
2024-01-28,DEV_00007,10.73
2024-01-12,DEV_00119,17.97
2024-01-10,DEV_00109,55.94
2024-01-31,DEV_00199,36.78
2024-01-23,DEV_00094,11.27
2024-01-24,DEV_00154,19.91
2024-01-25,DEV_00173,27.02
2024-01-13,DEV_00059,44.39
2024-01-25,DEV_00009,7.37
2024-01-29,DEV_00019,23.07
2024-01-06,DEV_00163,24.05
2024-01-03,DEV_00143,12.93
2024-01-21,DEV_00150,7.29
2024-01-30,DEV_00106,14.39
2024-01-18,DEV_00088,21.58
2024-01-01,DEV_00149,19.05
2024-01-10,DEV_00118,13.22
2024-01-14,DEV_00173,11.04
2024-01-03,DEV_00081,15.88
2024-01-15,DEV_00037,41.3
2024-01-19,DEV_00015,94.53
2024-01-19,DEV_00023,19.26
2024-01-01,DEV_00096,15.34
2024-01-30,DEV_00039,96.85
2024-01-08,DEV_00018,5.4
2024-01-24,DEV_00047,64.11
2024-01-27,DEV_00077,12.69
2024-01-19,DEV_00095,18.34
2024-01-24,DEV_00163,20.19
2024-01-24,DEV_00092,25.85
2024-01-30,DEV_00034,25.94
2024-01-22,DEV_00026,9.28
2024-01-23,DEV_00177,55.98
2024-01-28,DEV_00136,10.61
2024-01-26,DEV_00147,7.93
2024-01-28,DEV_00150,8.38
2024-01-27,DEV_00030,22.2
2024-01-08,DEV_00066,9.15
2024-01-08,DEV_00167,11.64
2024-01-21,DEV_00081,53.29
2024-01-29,DEV_00069,11.7
2024-01-02,DEV_00199,16.96
2024-01-27,DEV_00148,29.48
2024-01-04,DEV_00144,21.99
2024-01-01,DEV_00152,9.15
2024-01-30,DEV_00073,21.16
2024-01-24,DEV_00100,25.9
2024-01-31,DEV_00013,31.08
2024-01-22,DEV_00111,13.78
2024-01-25,DEV_00052,15.49
2024-01-07,DEV_00106,38.92
2024-01-17,DEV_00136,32.7
2024-01-20,DEV_00169,2.87
2024-01-21,DEV_00198,23.59
2024-01-02,DEV_00117,56.26
2024-01-27,DEV_00062,14.35
2024-01-24,DEV_00128,13.18
2024-01-04,DEV_00149,32.32
2024-01-09,DEV_00027,16.01
2024-01-10,DEV_00196,5.98
2024-01-07,DEV_00038,13.48
2024-01-08,DEV_00042,17.23
2024-01-09,DEV_00081,114.6
2024-01-18,DEV_00068,21.33
2024-01-29,DEV_00159,15.26
2024-01-08,DEV_00034,18.4
2024-01-28,DEV_00128,14.84
2024-01-17,DEV_00162,86.11
2024-01-21,DEV_00070,34.13
2024-01-24,DEV_00090,7.65
2024-01-21,DEV_00105,13.71
2024-01-17,DEV_00064,10.39
2024-01-04,DEV_00091,29.03
2024-01-15,DEV_00010,11.38
2024-01-25,DEV_00004,69.57
2024-01-15,DEV_00193,42.08
2024-01-12,DEV_00061,8.6
2024-01-20,DEV_00027,28.74
2024-01-30,DEV_00078,2.35
2024-01-09,DEV_00078,10.51
2024-01-16,DEV_00128,5.41
2024-01-03,DEV_00186,15.53
2024-01-03,DEV_00025,5.12
2024-01-11,DEV_00177,10.79
2024-01-10,DEV_00048,45.98
2024-01-14,DEV_00112,3.09
2024-01-03,DEV_00024,27
2024-01-28,DEV_00195,8.2
2024-01-30,DEV_00071,41.49
2024-01-26,DEV_00098,6.96
2024-01-23,DEV_00008,17.54
2024-01-19,DEV_00072,3.46
2024-01-16,DEV_00167,39.1
2024-01-09,DEV_00006,3.32
2024-01-30,DEV_00132,12.5
2024-01-24,DEV_00061,65.21
2024-01-25,DEV_00135,7.61
2024-01-25,DEV_00035,52.26
2024-01-30,DEV_00156,57.98
2024-01-25,DEV_00057,43.17
2024-01-25,DEV_00104,69.88
2024-01-29,DEV_00154,111.68
2024-01-09,DEV_00197,41.21
2024-01-03,DEV_00026,7.49
2024-01-22,DEV_00027,9.23
2024-01-28,DEV_00187,17.81
2024-01-13,DEV_00159,32.86
2024-01-03,DEV_00043,103.48
2024-01-15,DEV_00054,20.94
2024-01-24,DEV_00143,11.2
2024-01-30,DEV_00068,27.92
2024-01-09,DEV_00021,51.39
2024-01-18,DEV_00124,9.03
2024-01-17,DEV_00149,24.33
2024-01-06,DEV_00043,24.84
2024-01-26,DEV_00072,60.75
2024-01-03,DEV_00121,5.45
2024-01-26,DEV_00139,14.65
2024-01-25,DEV_00187,14.28
2024-01-14,DEV_00080,32.72
2024-01-04,DEV_00107,33.91
2024-01-21,DEV_00007,7.46
2024-01-30,DEV_00172,28
2024-01-20,DEV_00063,17.6
2024-01-23,DEV_00161,6.89
2024-01-02,DEV_00006,6.54
2024-01-28,DEV_00046,29.98
2024-01-15,DEV_00042,6.4
2024-01-09,DEV_00197,10.68
2024-01-16,DEV_00018,19.06
2024-01-31,DEV_00101,19.84
2024-01-10,DEV_00196,106.47
2024-01-28,DEV_00151,40.61
2024-01-06,DEV_00175,22.43
2024-01-31,DEV_00055,12.89
2024-01-27,DEV_00073,48.03
2024-01-09,DEV_00077,112.22
2024-01-24,DEV_00168,9.22
2024-01-13,DEV_00038,34.16
2024-01-28,DEV_00162,58.53
2024-01-12,DEV_00162,24.45
2024-01-07,DEV_00035,34.01
2024-01-29,DEV_00014,87.77
2024-01-19,DEV_00097,49.74
2024-01-03,DEV_00139,12.52
2024-01-31,DEV_00133,4.84
2024-01-06,DEV_00025,60.93
2024-01-25,DEV_00036,21.66
2024-01-26,DEV_00150,20.99
2024-01-23,DEV_00093,6.47
2024-01-22,DEV_00197,41
2024-01-28,DEV_00135,18.82
2024-01-29,DEV_00084,8.56
2024-01-24,DEV_00061,7.05
2024-01-15,DEV_00035,26.96
2024-01-24,DEV_00098,29.36
2024-01-06,DEV_00010,10.62
2024-01-29,DEV_00007,5.31
2024-01-19,DEV_00095,9.28
2024-01-25,DEV_00030,16.04
2024-01-20,DEV_00046,6.5
2024-01-19,DEV_00004,20.02
2024-01-30,DEV_00116,4.26
2024-01-31,DEV_00181,26.8
2024-01-20,DEV_00001,34.47
2024-01-07,DEV_00098,34.08
2024-01-04,DEV_00099,50.05
2024-01-12,DEV_00188,54.64
2024-01-01,DEV_00071,21.63
2024-01-08,DEV_00173,26.64
2024-01-09,DEV_00188,14.26
2024-01-19,DEV_00048,14.48
2024-01-22,DEV_00152,7.93
2024-01-30,DEV_00053,18
2024-01-31,DEV_00038,21.16
2024-01-13,DEV_00173,52.07
2024-01-02,DEV_00017,56.86
2024-01-17,DEV_00148,40.66
2024-01-17,DEV_00028,4.12
2024-01-08,DEV_00155,25.22
2024-01-20,DEV_00062,10.19
2024-01-03,DEV_00180,23.42
2024-01-05,DEV_00063,24.57
2024-01-21,DEV_00002,11.51
2024-01-12,DEV_00152,4.26
2024-01-20,DEV_00197,20.47
2024-01-16,DEV_00101,56.65
2024-01-03,DEV_00037,13.89
2024-01-10,DEV_00104,20.73
2024-01-17,DEV_00029,32.02
2024-01-11,DEV_00064,9.52
2024-01-23,DEV_00062,26.17
2024-01-17,DEV_00141,13.74
2024-01-01,DEV_00073,22.41
2024-01-18,DEV_00159,11.42
2024-01-08,DEV_00089,27.75
2024-01-19,DEV_00142,13.88
2024-01-28,DEV_00054,15.7
2024-01-09,DEV_00102,14.3
2024-01-28,DEV_00196,9.35
2024-01-30,DEV_00161,8.18
2024-01-09,DEV_00143,32.07
2024-01-22,DEV_00052,46.08
2024-01-28,DEV_00165,54.13
2024-01-28,DEV_00153,31.82
2024-01-18,DEV_00121,36.56
2024-01-08,DEV_00108,22.56
2024-01-05,DEV_00067,17.4
2024-01-26,DEV_00021,38.28
2024-01-20,DEV_00127,7.17
2024-01-07,DEV_00166,24.31
2024-01-14,DEV_00044,19.86
2024-01-03,DEV_00034,346.75
2024-01-07,DEV_00161,6.56
2024-01-28,DEV_00107,5.48
2024-01-16,DEV_00137,17.25
2024-01-28,DEV_00180,22.34
2024-01-29,DEV_00002,13.82
2024-01-29,DEV_00112,18.8
2024-01-04,DEV_00136,50.34
2024-01-24,DEV_00082,56.78
2024-01-05,DEV_00105,9.21
2024-01-17,DEV_00025,5.86
2024-01-13,DEV_00011,29.6
2024-01-21,DEV_00014,53.88
2024-01-16,DEV_00059,47.1
2024-01-22,DEV_00193,62.4
2024-01-24,DEV_00176,22.21
2024-01-19,DEV_00086,29.73
2024-01-20,DEV_00017,5.71
2024-01-30,DEV_00080,18.84
2024-01-14,DEV_00024,20.4
2024-01-24,DEV_00148,29.38
2024-01-08,DEV_00087,8.19
2024-01-27,DEV_00064,48.49
2024-01-20,DEV_00049,5.53
2024-01-06,DEV_00121,13.89
2024-01-13,DEV_00063,32.4
2024-01-07,DEV_00176,60.18
2024-01-24,DEV_00030,24.06
2024-01-18,DEV_00069,6.14
2024-01-30,DEV_00130,42.77
2024-01-24,DEV_00045,8.18
2024-01-31,DEV_00149,152.34
2024-01-14,DEV_00166,31.91
2024-01-27,DEV_00125,17.99
2024-01-16,DEV_00012,29.43
2024-01-16,DEV_00187,58.31
2024-01-01,DEV_00029,38.81
2024-01-06,DEV_00177,14.94
2024-01-23,DEV_00177,78.75
2024-01-23,DEV_00065,8.93
2024-01-06,DEV_00017,17.41
2024-01-23,DEV_00098,17.39
2024-01-03,DEV_00118,13.11
2024-01-12,DEV_00105,11.1
2024-01-23,DEV_00094,21.88
2024-01-23,DEV_00139,17.89
2024-01-30,DEV_00071,9.93
2024-01-05,DEV_00151,59.77
2024-01-29,DEV_00161,21.03
2024-01-10,DEV_00153,17.26
2024-01-26,DEV_00009,6.46
2024-01-05,DEV_00091,24.23
2024-01-21,DEV_00039,5.91
2024-01-03,DEV_00117,27.06
2024-01-15,DEV_00092,52.89
2024-01-31,DEV_00164,9.43
2024-01-01,DEV_00019,26.84
2024-01-17,DEV_00084,7.5
2024-01-26,DEV_00141,13.43
2024-01-24,DEV_00049,6.82
2024-01-31,DEV_00106,16.21
2024-01-22,DEV_00082,39.33
2024-01-19,DEV_00102,26.88
2024-01-04,DEV_00040,50.79
2024-01-27,DEV_00138,29.27
2024-01-09,DEV_00040,12.89
2024-01-25,DEV_00150,13.32
2024-01-16,DEV_00023,56.92
2024-01-07,DEV_00155,37.32
2024-01-18,DEV_00021,14.47
2024-01-23,DEV_00047,7.13
2024-01-31,DEV_00131,14.32
2024-01-15,DEV_00096,84.18
2024-01-06,DEV_00118,20.57
2024-01-17,DEV_00002,24.47
2024-01-29,DEV_00014,41.56
2024-01-14,DEV_00174,20.43
2024-01-24,DEV_00141,2.3
2024-01-14,DEV_00146,139.17
2024-01-01,DEV_00149,18.84
2024-01-04,DEV_00044,29.51
2024-01-28,DEV_00035,11.33
2024-01-14,DEV_00123,4.82
2024-01-21,DEV_00103,10.71
2024-01-15,DEV_00073,14.82
2024-01-15,DEV_00125,87.19
2024-01-24,DEV_00143,45.01
2024-01-19,DEV_00168,36.96
2024-01-16,DEV_00048,19.03
2024-01-20,DEV_00197,7.26
2024-01-17,DEV_00050,18.22
2024-01-22,DEV_00120,7.34
2024-01-25,DEV_00137,19.95
2024-01-04,DEV_00174,18.35
2024-01-10,DEV_00094,30.68
2024-01-08,DEV_00194,5.31
2024-01-31,DEV_00137,4.36
2024-01-24,DEV_00175,17.91
2024-01-30,DEV_00028,18.85
2024-01-04,DEV_00150,13.46
2024-01-10,DEV_00085,18.1
2024-01-07,DEV_00178,3.06
2024-01-13,DEV_00080,16.28
2024-01-01,DEV_00173,9.19
2024-01-07,DEV_00162,47.73
2024-01-15,DEV_00094,18.79
2024-01-14,DEV_00196,15.5
2024-01-19,DEV_00107,36.15
2024-01-07,DEV_00116,14.72
2024-01-05,DEV_00188,34.76
2024-01-19,DEV_00158,58.45
2024-01-04,DEV_00158,13.09
2024-01-26,DEV_00186,21.28
2024-01-14,DEV_00168,26.67
2024-01-01,DEV_00091,105.62
2024-01-11,DEV_00093,29.69
2024-01-04,DEV_00054,17.55
2024-01-16,DEV_00154,6.92
2024-01-10,DEV_00190,21.23
2024-01-08,DEV_00010,9.54
2024-01-09,DEV_00167,4.81
2024-01-11,DEV_00137,6.82
2024-01-02,DEV_00121,15.12
2024-01-18,DEV_00019,92.09
2024-01-17,DEV_00119,22.02
2024-01-18,DEV_00056,12.58
2024-01-29,DEV_00046,74.86
2024-01-16,DEV_00135,11.43
2024-01-05,DEV_00081,12.63
2024-01-17,DEV_00026,37.96
2024-01-11,DEV_00177,22.94
2024-01-29,DEV_00167,40.99
2024-01-06,DEV_00093,7.37
2024-01-19,DEV_00075,29.49
2024-01-03,DEV_00095,31.27
2024-01-25,DEV_00154,8.43
2024-01-12,DEV_00097,17.7
2024-01-12,DEV_00146,79.97
2024-01-27,DEV_00078,24.45
2024-01-06,DEV_00062,13.75
2024-01-25,DEV_00137,6.57
2024-01-09,DEV_00180,19
2024-01-09,DEV_00144,18.12
2024-01-01,DEV_00151,29.61
2024-01-30,DEV_00069,154.63
2024-01-03,DEV_00107,29.98
2024-01-02,DEV_00016,46.89
2024-01-05,DEV_00189,44.11
2024-01-02,DEV_00101,18.4
2024-01-29,DEV_00107,41.01
2024-01-20,DEV_00062,20.84
2024-01-30,DEV_00174,3.61
2024-01-27,DEV_00025,17.66
2024-01-06,DEV_00181,11.97
2024-01-08,DEV_00046,12.4
2024-01-25,DEV_00140,10.08
2024-01-17,DEV_00018,3.75
2024-01-05,DEV_00056,12
2024-01-13,DEV_00065,15.21
2024-01-28,DEV_00005,11.92
2024-01-29,DEV_00077,13.61
2024-01-14,DEV_00105,41.11
2024-01-04,DEV_00037,46.72
2024-01-19,DEV_00152,43.15
2024-01-07,DEV_00110,21.29
2024-01-22,DEV_00020,53.63
2024-01-02,DEV_00165,25.56
2024-01-04,DEV_00075,33.46
2024-01-25,DEV_00140,16.26
2024-01-30,DEV_00108,81.81
2024-01-19,DEV_00002,10.76
2024-01-15,DEV_00002,20.04
2024-01-13,DEV_00053,14.46
2024-01-01,DEV_00121,17.03
2024-01-19,DEV_00118,38.21
2024-01-16,DEV_00109,15.87
2024-01-31,DEV_00067,7.89
2024-01-23,DEV_00017,4.64
2024-01-18,DEV_00087,78.89
2024-01-03,DEV_00191,36.48
2024-01-29,DEV_00170,23.21
2024-01-23,DEV_00195,56.69
2024-01-17,DEV_00064,37.28
2024-01-11,DEV_00142,33.27
2024-01-09,DEV_00114,9.01
2024-01-28,DEV_00172,22.01
2024-01-10,DEV_00101,57.38
2024-01-10,DEV_00155,3.07
2024-01-19,DEV_00108,11.12
2024-01-09,DEV_00182,38.11
2024-01-11,DEV_00010,56.65
2024-01-03,DEV_00001,15.97
2024-01-21,DEV_00093,42.34
2024-01-08,DEV_00150,4.7
2024-01-05,DEV_00108,34.55
2024-01-09,DEV_00092,20.49
2024-01-18,DEV_00026,20.88
2024-01-24,DEV_00135,57.67
2024-01-08,DEV_00036,24.35
2024-01-26,DEV_00085,49.75
2024-01-21,DEV_00107,62.2
2024-01-25,DEV_00094,21.14
2024-01-10,DEV_00028,10.16
2024-01-10,DEV_00124,31.2
2024-01-19,DEV_00118,5.74
2024-01-29,DEV_00132,14.5
2024-01-27,DEV_00030,68.08
2024-01-09,DEV_00098,38.33
2024-01-12,DEV_00033,11.81
2024-01-12,DEV_00083,122.73
2024-01-21,DEV_00023,8.77
2024-01-22,DEV_00186,20.95
2024-01-11,DEV_00034,6.84
2024-01-10,DEV_00035,4.58
2024-01-26,DEV_00067,25.38
2024-01-10,DEV_00119,14.57
2024-01-20,DEV_00040,19.9
2024-01-03,DEV_00018,6.94
2024-01-14,DEV_00174,6.07
2024-01-15,DEV_00134,21.66
2024-01-22,DEV_00062,10.76
2024-01-19,DEV_00091,27.21
2024-01-05,DEV_00114,17.35
2024-01-29,DEV_00022,31.97
2024-01-28,DEV_00186,14.2
2024-01-10,DEV_00170,23.84
2024-01-28,DEV_00077,22.76
2024-01-14,DEV_00014,17.18
2024-01-29,DEV_00021,75.14
2024-01-11,DEV_00101,54.25
2024-01-20,DEV_00065,16.63
2024-01-09,DEV_00084,20.88
2024-01-17,DEV_00039,35.97
2024-01-12,DEV_00046,22.45
2024-01-26,DEV_00099,74.26
2024-01-26,DEV_00136,11.98
2024-01-15,DEV_00189,42.83
2024-01-17,DEV_00164,7.95
2024-01-11,DEV_00199,27.19
2024-01-17,DEV_00166,37.19
2024-01-18,DEV_00052,3.4
2024-01-17,DEV_00024,14.43
2024-01-27,DEV_00057,23.73
2024-01-12,DEV_00106,33.25
2024-01-17,DEV_00163,14.03
2024-01-31,DEV_00040,4.22
2024-01-01,DEV_00048,13.26
2024-01-08,DEV_00032,11.08
2024-01-05,DEV_00105,25.35
2024-01-12,DEV_00084,31.1
2024-01-03,DEV_00030,7.71
2024-01-07,DEV_00173,8.07
2024-01-15,DEV_00134,3.39
2024-01-28,DEV_00149,12.02
2024-01-26,DEV_00031,31.46
2024-01-22,DEV_00001,117.12
2024-01-13,DEV_00135,40.83
2024-01-25,DEV_00174,13.83
2024-01-19,DEV_00182,4.43
2024-01-07,DEV_00172,12.64
2024-01-16,DEV_00141,19.57
2024-01-29,DEV_00165,5.38
2024-01-10,DEV_00089,10.71
2024-01-31,DEV_00076,19.6
2024-01-16,DEV_00007,28.44
2024-01-28,DEV_00079,5.99
2024-01-30,DEV_00160,17.35
2024-01-05,DEV_00039,32.01
2024-01-21,DEV_00066,46.81
2024-01-10,DEV_00063,23.23
2024-01-19,DEV_00012,24.79
2024-01-18,DEV_00029,25.9
2024-01-05,DEV_00036,6.44
2024-01-30,DEV_00172,15.24
2024-01-19,DEV_00014,73.08
2024-01-02,DEV_00023,10.29
2024-01-24,DEV_00045,14.81
2024-01-06,DEV_00180,27.24
2024-01-02,DEV_00157,6.05
2024-01-04,DEV_00086,17.24
2024-01-16,DEV_00051,4.69
2024-01-07,DEV_00014,37.02
2024-01-17,DEV_00127,36.77
2024-01-27,DEV_00008,19.62
2024-01-15,DEV_00191,93.37
2024-01-11,DEV_00063,65.01
2024-01-02,DEV_00184,5.58
2024-01-30,DEV_00023,24.17
2024-01-07,DEV_00024,12.33
2024-01-06,DEV_00084,10.18
2024-01-12,DEV_00039,25.34
2024-01-24,DEV_00082,26.8
2024-01-11,DEV_00115,10.67
2024-01-28,DEV_00024,18.8
2024-01-31,DEV_00036,5.47
2024-01-13,DEV_00178,11.91
2024-01-19,DEV_00059,35.41
2024-01-10,DEV_00136,19.48
2024-01-20,DEV_00147,15.13
2024-01-21,DEV_00016,8.07
2024-01-15,DEV_00097,14.14
2024-01-25,DEV_00073,27.56
2024-01-27,DEV_00057,31.94
2024-01-02,DEV_00039,4.56
2024-01-15,DEV_00089,38.66
2024-01-30,DEV_00097,62.94
2024-01-16,DEV_00174,4.36
2024-01-12,DEV_00083,4.19
2024-01-22,DEV_00177,20.09
2024-01-08,DEV_00151,51.28
2024-01-19,DEV_00062,34.45
2024-01-13,DEV_00131,33.92
2024-01-20,DEV_00022,17.76
2024-01-24,DEV_00085,18.92
2024-01-11,DEV_00134,6.01
2024-01-10,DEV_00153,24.14
2024-01-05,DEV_00147,15.43
2024-01-16,DEV_00142,23.34
2024-01-14,DEV_00004,21.33
2024-01-29,DEV_00198,15.18
2024-01-25,DEV_00095,51.73
2024-01-30,DEV_00030,24.13
2024-01-22,DEV_00081,208.63
2024-01-19,DEV_00193,19.33
2024-01-18,DEV_00029,39.68
2024-01-23,DEV_00022,28.66
2024-01-02,DEV_00116,35.63
2024-01-29,DEV_00001,24.24
2024-01-19,DEV_00135,55.02
2024-01-26,DEV_00089,35.26
2024-01-11,DEV_00154,7.1
2024-01-09,DEV_00020,42.59
2024-01-31,DEV_00067,5.66
2024-01-19,DEV_00136,17.24
2024-01-07,DEV_00132,19.05
2024-01-25,DEV_00187,16.86
2024-01-16,DEV_00140,11.42
2024-01-29,DEV_00107,7.85
2024-01-19,DEV_00002,12.66
2024-01-11,DEV_00157,36.22
2024-01-30,DEV_00189,22.73
2024-01-03,DEV_00128,51.09
2024-01-25,DEV_00076,5.44
2024-01-24,DEV_00061,14.08
2024-01-07,DEV_00163,19.21
2024-01-24,DEV_00144,14.25
2024-01-20,DEV_00110,19.23
2024-01-24,DEV_00165,56.08
2024-01-31,DEV_00169,47.38
2024-01-21,DEV_00181,18.2
2024-01-10,DEV_00077,32.53
2024-01-10,DEV_00155,52.26
2024-01-27,DEV_00054,4.69
2024-01-19,DEV_00069,16.72
2024-01-30,DEV_00099,4.87
2024-01-08,DEV_00006,42.78
2024-01-14,DEV_00141,22.41
2024-01-25,DEV_00080,21.49
2024-01-20,DEV_00081,2.17
2024-01-28,DEV_00113,9.4
2024-01-29,DEV_00172,43.58
2024-01-30,DEV_00095,26.31
2024-01-24,DEV_00153,69.47
2024-01-03,DEV_00067,25.76
2024-01-14,DEV_00190,16.62
2024-01-29,DEV_00108,23.95
2024-01-11,DEV_00152,18.94
2024-01-21,DEV_00153,18.07
2024-01-30,DEV_00132,35.99
2024-01-27,DEV_00071,63.63
2024-01-08,DEV_00152,72.88
2024-01-24,DEV_00164,14.37
2024-01-15,DEV_00179,28.43
2024-01-12,DEV_00200,14.63
2024-01-30,DEV_00044,11.68
2024-01-24,DEV_00090,43.38
2024-01-05,DEV_00033,8.89
2024-01-20,DEV_00009,16.47
2024-01-19,DEV_00146,18.78
2024-01-22,DEV_00185,12.1
2024-01-30,DEV_00122,24.43
2024-01-14,DEV_00096,42.03
2024-01-18,DEV_00154,12.05
2024-01-15,DEV_00039,16.42
2024-01-13,DEV_00112,18.14
2024-01-23,DEV_00184,58.67
2024-01-15,DEV_00072,37.21
2024-01-18,DEV_00144,11.47
2024-01-23,DEV_00115,3.8
2024-01-25,DEV_00120,18.62
2024-01-24,DEV_00022,10.36
2024-01-31,DEV_00015,24.5
2024-01-03,DEV_00039,62.44
2024-01-31,DEV_00117,13.54
2024-01-14,DEV_00150,165.93
2024-01-29,DEV_00136,71.19
2024-01-21,DEV_00181,20.86
2024-01-08,DEV_00187,4.87
2024-01-27,DEV_00067,16.35
2024-01-01,DEV_00192,71.84
2024-01-15,DEV_00119,2.41
2024-01-11,DEV_00014,16.71
2024-01-16,DEV_00117,11.7
2024-01-08,DEV_00189,10.03
2024-01-09,DEV_00027,2.62
2024-01-15,DEV_00172,21.33
2024-01-12,DEV_00108,19.49
2024-01-13,DEV_00077,13.95
2024-01-02,DEV_00063,3.42
2024-01-05,DEV_00109,83.23
2024-01-11,DEV_00165,17.21
2024-01-30,DEV_00022,24.98
2024-01-14,DEV_00133,25.17
2024-01-11,DEV_00030,13.95
2024-01-04,DEV_00005,16.28
2024-01-13,DEV_00159,47.1
2024-01-17,DEV_00167,11.69
2024-01-01,DEV_00156,13.81
2024-01-30,DEV_00192,64.9
2024-01-07,DEV_00133,21.47
2024-01-09,DEV_00081,39.81
2024-01-24,DEV_00119,25.76
2024-01-22,DEV_00192,30.13
2024-01-03,DEV_00126,41.19
2024-01-29,DEV_00035,261.88
2024-01-28,DEV_00180,20.69
2024-01-23,DEV_00011,4.03
2024-01-16,DEV_00190,39.26
2024-01-13,DEV_00124,30.26
2024-01-08,DEV_00145,53.86
2024-01-23,DEV_00037,12.51
2024-01-28,DEV_00198,17.85
2024-01-13,DEV_00089,25.04
2024-01-08,DEV_00167,53.96
2024-01-09,DEV_00015,32.46
2024-01-07,DEV_00189,2.66
2024-01-15,DEV_00029,32.41
2024-01-16,DEV_00170,38.42
2024-01-17,DEV_00155,11.17
2024-01-06,DEV_00011,11.55
2024-01-15,DEV_00056,105.91
2024-01-09,DEV_00076,97.84
2024-01-23,DEV_00013,20.47
2024-01-07,DEV_00068,7.76
2024-01-14,DEV_00075,43.66
2024-01-15,DEV_00140,26.17
2024-01-24,DEV_00110,15.45
2024-01-03,DEV_00036,232.67
2024-01-31,DEV_00052,8.08
2024-01-15,DEV_00086,38.14
2024-01-26,DEV_00189,14.14
2024-01-26,DEV_00162,26.93
2024-01-15,DEV_00175,65.98
2024-01-10,DEV_00042,69.91
2024-01-03,DEV_00042,12.8
2024-01-25,DEV_00065,21.71
2024-01-30,DEV_00190,15.43
2024-01-28,DEV_00150,7.1
2024-01-31,DEV_00009,3.37
2024-01-22,DEV_00111,7.28
2024-01-01,DEV_00185,12.69
2024-01-06,DEV_00189,31.3
2024-01-13,DEV_00015,9.69
2024-01-06,DEV_00172,61.42
2024-01-08,DEV_00078,6.34
2024-01-06,DEV_00141,29.1
2024-01-07,DEV_00123,33.2
2024-01-17,DEV_00131,4.8
2024-01-04,DEV_00086,31.37
2024-01-17,DEV_00085,29.44
2024-01-19,DEV_00104,17.98
2024-01-28,DEV_00049,32.71
2024-01-01,DEV_00034,24.38
2024-01-25,DEV_00091,12.62
2024-01-19,DEV_00130,20.31
2024-01-30,DEV_00008,24.48
2024-01-26,DEV_00045,16.47
2024-01-26,DEV_00180,21.99
2024-01-06,DEV_00052,15.13
2024-01-01,DEV_00150,18.28
2024-01-12,DEV_00032,8.7
2024-01-25,DEV_00111,37.57
2024-01-18,DEV_00138,73.46
2024-01-02,DEV_00009,4.08
2024-01-30,DEV_00142,65.86
2024-01-29,DEV_00189,46.22
2024-01-18,DEV_00044,15.38
2024-01-30,DEV_00187,10.62
2024-01-09,DEV_00011,18.49
2024-01-26,DEV_00187,13.29
2024-01-18,DEV_00003,74.64
2024-01-05,DEV_00025,3.76
2024-01-06,DEV_00033,78.2
2024-01-01,DEV_00048,11.48
2024-01-06,DEV_00089,4.78
2024-01-22,DEV_00046,21.05
2024-01-10,DEV_00036,15.22
2024-01-01,DEV_00047,9.39
2024-01-08,DEV_00038,17.34
2024-01-05,DEV_00179,4.75
2024-01-06,DEV_00159,39.36
2024-01-18,DEV_00021,27.29
2024-01-10,DEV_00050,9.97
2024-01-05,DEV_00161,57.83
2024-01-14,DEV_00012,24.69
2024-01-28,DEV_00149,3.05
2024-01-13,DEV_00125,11.9
2024-01-30,DEV_00160,24.47
2024-01-01,DEV_00182,33.07
2024-01-24,DEV_00007,13.35
2024-01-14,DEV_00135,14.18
2024-01-29,DEV_00170,27.76
2024-01-27,DEV_00165,44.14
2024-01-28,DEV_00148,33.87
2024-01-27,DEV_00169,42.65
2024-01-16,DEV_00060,23.79
2024-01-01,DEV_00144,11.27
2024-01-03,DEV_00170,13.65
2024-01-26,DEV_00176,60.26
2024-01-13,DEV_00148,6.61
2024-01-06,DEV_00199,31.78
2024-01-19,DEV_00112,22.18
2024-01-14,DEV_00090,22.09
2024-01-17,DEV_00033,40.62
2024-01-24,DEV_00178,19.14
2024-01-28,DEV_00119,15.24
2024-01-16,DEV_00013,16.12
2024-01-28,DEV_00062,11.62
2024-01-27,DEV_00100,9.11
2024-01-31,DEV_00081,4.37
2024-01-21,DEV_00184,16.66
2024-01-25,DEV_00072,60.12
2024-01-12,DEV_00180,15.27
2024-01-12,DEV_00026,11.79
2024-01-24,DEV_00013,13.47
2024-01-12,DEV_00183,122.96
2024-01-14,DEV_00079,92.13
2024-01-14,DEV_00169,96.83
2024-01-09,DEV_00042,22.99
2024-01-15,DEV_00190,19.28
2024-01-22,DEV_00009,11.11
2024-01-23,DEV_00047,6.49
2024-01-20,DEV_00121,3.84
2024-01-02,DEV_00055,9.63
2024-01-06,DEV_00163,44.86
2024-01-17,DEV_00096,20.09
2024-01-22,DEV_00066,12.64
2024-01-02,DEV_00184,10.87
2024-01-28,DEV_00124,20.51
2024-01-01,DEV_00044,49.65
2024-01-09,DEV_00055,85.45
2024-01-18,DEV_00175,25.62
2024-01-28,DEV_00060,36.04
2024-01-15,DEV_00158,20.79
2024-01-29,DEV_00060,9.6
2024-01-02,DEV_00051,32.64
2024-01-04,DEV_00120,19.1
2024-01-19,DEV_00200,26.95
2024-01-07,DEV_00127,19.59
2024-01-18,DEV_00025,17.4
2024-01-04,DEV_00035,69.33
2024-01-29,DEV_00035,18.44
2024-01-28,DEV_00096,23.09
2024-01-12,DEV_00108,4.57
2024-01-13,DEV_00139,4.38
2024-01-29,DEV_00020,3.67
2024-01-05,DEV_00069,10.86
2024-01-05,DEV_00002,10.77
2024-01-21,DEV_00038,55.55
2024-01-08,DEV_00032,43.42
2024-01-30,DEV_00138,15.96
2024-01-27,DEV_00038,16.26
2024-01-06,DEV_00123,17.2
2024-01-26,DEV_00185,55.47
2024-01-19,DEV_00167,34.7
2024-01-03,DEV_00162,12.43
2024-01-20,DEV_00054,11.35
2024-01-01,DEV_00036,33.12
2024-01-09,DEV_00029,10.08
2024-01-07,DEV_00181,7.27
2024-01-26,DEV_00169,26.78
2024-01-09,DEV_00191,54.37
2024-01-15,DEV_00116,31.62
2024-01-29,DEV_00074,7.88
2024-01-28,DEV_00013,21.17
2024-01-01,DEV_00196,4.8
2024-01-07,DEV_00076,15.57
2024-01-02,DEV_00173,9.46
2024-01-23,DEV_00093,75.08
2024-01-12,DEV_00145,10.38
2024-01-11,DEV_00028,89.63
2024-01-05,DEV_00071,12.28
2024-01-08,DEV_00152,10.78
2024-01-19,DEV_00157,9.76
2024-01-22,DEV_00190,23.68
2024-01-28,DEV_00122,7.89
2024-01-27,DEV_00184,9.61
2024-01-19,DEV_00070,27.58
2024-01-03,DEV_00136,9.37
2024-01-02,DEV_00159,10.73
2024-01-13,DEV_00069,7.01
2024-01-31,DEV_00078,20.41
2024-01-11,DEV_00129,4.06
2024-01-16,DEV_00020,37.87
2024-01-16,DEV_00142,76.71
2024-01-04,DEV_00196,8.4
2024-01-10,DEV_00192,35.53
2024-01-22,DEV_00126,9.91
2024-01-13,DEV_00107,23.51
2024-01-02,DEV_00172,10.7
2024-01-03,DEV_00184,42.4
2024-01-18,DEV_00127,8.59
2024-01-15,DEV_00197,13.92
2024-01-06,DEV_00069,8.75
2024-01-13,DEV_00149,14.06
2024-01-18,DEV_00186,25.46
2024-01-29,DEV_00052,24.76
2024-01-13,DEV_00130,19.27
2024-01-18,DEV_00021,15.51
2024-01-22,DEV_00023,21.71
2024-01-04,DEV_00039,23.55
2024-01-01,DEV_00101,29.29
2024-01-27,DEV_00042,12.51
2024-01-09,DEV_00111,14.58
2024-01-31,DEV_00082,33.26
2024-01-31,DEV_00028,28.85
2024-01-03,DEV_00078,7.68
2024-01-05,DEV_00060,17.67
2024-01-22,DEV_00172,8.75
2024-01-02,DEV_00199,17.18
2024-01-24,DEV_00064,13.67
2024-01-20,DEV_00036,12.66
2024-01-06,DEV_00118,10.18
2024-01-27,DEV_00144,16.72
2024-01-10,DEV_00032,17.01
2024-01-03,DEV_00052,32.56
2024-01-25,DEV_00068,35.98
2024-01-16,DEV_00101,32.23
2024-01-12,DEV_00075,5.53
2024-01-28,DEV_00039,4.01
2024-01-12,DEV_00024,28.19
2024-01-11,DEV_00106,30.77
2024-01-29,DEV_00001,13.36
2024-01-06,DEV_00107,6.49
2024-01-09,DEV_00018,2.69
2024-01-06,DEV_00064,7.82
2024-01-13,DEV_00006,10.37
2024-01-19,DEV_00195,26.95
2024-01-12,DEV_00123,12.89
2024-01-27,DEV_00137,30.64
2024-01-01,DEV_00107,3.98
2024-01-16,DEV_00014,3.91
2024-01-11,DEV_00087,5.82
2024-01-28,DEV_00051,24.6
2024-01-05,DEV_00112,17.54
2024-01-06,DEV_00036,111.6
2024-01-07,DEV_00021,13.19
2024-01-24,DEV_00198,14.09
2024-01-13,DEV_00107,14.06
2024-01-27,DEV_00069,20.07
2024-01-10,DEV_00082,10.99
2024-01-24,DEV_00134,18.38
2024-01-14,DEV_00154,37.67
2024-01-14,DEV_00026,3.85
2024-01-27,DEV_00058,45.97
2024-01-16,DEV_00030,3.03
2024-01-19,DEV_00168,38.22
2024-01-25,DEV_00195,37.63
2024-01-12,DEV_00113,45.7
2024-01-25,DEV_00006,22.19
2024-01-02,DEV_00061,8.46
2024-01-08,DEV_00155,80.14
2024-01-15,DEV_00130,22.25
2024-01-14,DEV_00159,42.02
2024-01-10,DEV_00068,24
2024-01-11,DEV_00081,40.7
2024-01-30,DEV_00003,14.34
2024-01-28,DEV_00027,5.72
2024-01-27,DEV_00001,9.09
2024-01-29,DEV_00137,97.17
2024-01-23,DEV_00116,48.62
2024-01-06,DEV_00101,59.47
2024-01-30,DEV_00111,72.61
2024-01-30,DEV_00051,10.44
2024-01-21,DEV_00173,22.46
2024-01-23,DEV_00072,38.09
2024-01-15,DEV_00156,20.84
2024-01-08,DEV_00183,19.69
2024-01-02,DEV_00012,24.87
2024-01-21,DEV_00051,53.51
2024-01-16,DEV_00198,19.14
2024-01-13,DEV_00024,15.85
2024-01-20,DEV_00172,34.64
2024-01-24,DEV_00110,9.87
2024-01-03,DEV_00026,8.09
2024-01-21,DEV_00146,6.86
2024-01-21,DEV_00025,13.22
2024-01-03,DEV_00118,27.71
2024-01-19,DEV_00002,25.96
2024-01-22,DEV_00124,13.11
2024-01-02,DEV_00014,94.53
2024-01-12,DEV_00043,8.12
2024-01-03,DEV_00200,17.06
2024-01-15,DEV_00162,15.77
2024-01-17,DEV_00071,75.46
2024-01-08,DEV_00157,74.35
2024-01-15,DEV_00184,4.34
2024-01-19,DEV_00132,54.33
2024-01-04,DEV_00061,36.48
2024-01-02,DEV_00192,40.77
2024-01-12,DEV_00101,34.86
2024-01-31,DEV_00068,6.53
2024-01-02,DEV_00023,48.46
2024-01-04,DEV_00187,18.76
2024-01-28,DEV_00067,21.88
2024-01-08,DEV_00022,14.45
2024-01-03,DEV_00144,12.69
2024-01-07,DEV_00109,16.64
2024-01-02,DEV_00127,29.82
2024-01-05,DEV_00112,14.2
2024-01-31,DEV_00190,43.64
2024-01-24,DEV_00159,25.04
2024-01-29,DEV_00025,20.52
2024-01-11,DEV_00070,16.75
2024-01-10,DEV_00108,14.87
2024-01-10,DEV_00088,6.47
2024-01-08,DEV_00061,16.81
2024-01-24,DEV_00198,12.05
2024-01-07,DEV_00048,40.43
2024-01-23,DEV_00178,50.73
2024-01-22,DEV_00027,31.73
2024-01-13,DEV_00124,151.65
2024-01-25,DEV_00100,17.12
2024-01-09,DEV_00114,15.08
2024-01-01,DEV_00118,33
2024-01-06,DEV_00136,11.02
2024-01-18,DEV_00090,26.53
2024-01-16,DEV_00109,12.42
2024-01-07,DEV_00059,19.24
2024-01-26,DEV_00132,20.13
2024-01-15,DEV_00038,7.62
2024-01-15,DEV_00071,30.74
2024-01-21,DEV_00078,34.59
2024-01-14,DEV_00048,171.53
2024-01-08,DEV_00143,5.42
2024-01-09,DEV_00045,16.58
2024-01-16,DEV_00086,17.21
2024-01-20,DEV_00113,12.26
2024-01-03,DEV_00143,26.44
2024-01-04,DEV_00013,5.15
2024-01-28,DEV_00024,16.61
2024-01-19,DEV_00028,16.95
2024-01-07,DEV_00098,23.48
2024-01-22,DEV_00010,9.24
2024-01-15,DEV_00059,20.12
2024-01-01,DEV_00075,28.54
2024-01-26,DEV_00124,5.5
2024-01-18,DEV_00065,25.72
2024-01-03,DEV_00134,10.32
2024-01-27,DEV_00079,15.18
2024-01-05,DEV_00195,120.58
2024-01-10,DEV_00030,23.29
2024-01-04,DEV_00002,23.26
2024-01-08,DEV_00115,31.75
2024-01-12,DEV_00179,11.94
2024-01-04,DEV_00189,13.42
2024-01-02,DEV_00055,1.64
2024-01-28,DEV_00044,51.7
2024-01-15,DEV_00137,33.1
2024-01-01,DEV_00180,18.84
2024-01-03,DEV_00068,24.34
2024-01-23,DEV_00067,97.29
2024-01-31,DEV_00099,71.54
2024-01-24,DEV_00085,190.18
2024-01-17,DEV_00155,17.66
2024-01-19,DEV_00128,16.38
2024-01-29,DEV_00067,6.93
2024-01-21,DEV_00151,9.53
2024-01-24,DEV_00150,18.61
2024-01-13,DEV_00143,20.1
2024-01-05,DEV_00091,4.13
2024-01-10,DEV_00121,65.79
2024-01-29,DEV_00004,14.05
2024-01-02,DEV_00197,12.67
2024-01-14,DEV_00172,8.86
2024-01-29,DEV_00016,26.24
2024-01-01,DEV_00039,10.11
2024-01-28,DEV_00078,26.84
2024-01-04,DEV_00048,137.16
2024-01-26,DEV_00090,8.61
2024-01-11,DEV_00087,3.01
2024-01-28,DEV_00034,13.59
2024-01-24,DEV_00161,23.53
2024-01-10,DEV_00061,3.67
2024-01-18,DEV_00010,8.68
2024-01-21,DEV_00165,39.39
2024-01-06,DEV_00189,25.98
2024-01-07,DEV_00097,43.53
2024-01-26,DEV_00045,19.45
2024-01-05,DEV_00040,14.11
2024-01-08,DEV_00168,19.61
2024-01-05,DEV_00016,33.41
2024-01-28,DEV_00103,35.24
2024-01-05,DEV_00162,17.17
2024-01-10,DEV_00141,11.2
2024-01-02,DEV_00122,24.32
2024-01-05,DEV_00035,12.57
2024-01-19,DEV_00121,8.54
2024-01-08,DEV_00017,15.75
2024-01-03,DEV_00034,48.02
2024-01-15,DEV_00193,29.25
2024-01-22,DEV_00062,41.78
2024-01-13,DEV_00198,77.12
2024-01-10,DEV_00008,8.21
2024-01-04,DEV_00134,62.05
2024-01-12,DEV_00052,132.54
2024-01-05,DEV_00183,13.46
2024-01-06,DEV_00069,32.19
2024-01-14,DEV_00117,14.65
2024-01-17,DEV_00155,19.19
2024-01-06,DEV_00047,41.49
2024-01-23,DEV_00077,18.41
2024-01-10,DEV_00108,33.11
2024-01-22,DEV_00173,20.8
2024-01-29,DEV_00105,49.33
2024-01-05,DEV_00199,14.08
2024-01-16,DEV_00077,39.88
2024-01-30,DEV_00070,21.04
2024-01-20,DEV_00004,28.19
2024-01-22,DEV_00105,12.01
2024-01-20,DEV_00083,54.78
2024-01-24,DEV_00122,16.64
2024-01-30,DEV_00040,21.52
2024-01-06,DEV_00025,29.65
2024-01-25,DEV_00132,15.8
2024-01-07,DEV_00067,17.36
2024-01-03,DEV_00154,19.06
2024-01-14,DEV_00086,11.94
2024-01-13,DEV_00178,13.42
2024-01-26,DEV_00084,17.53
2024-01-01,DEV_00168,24.64
2024-01-22,DEV_00179,15.26
2024-01-08,DEV_00158,20.66
2024-01-22,DEV_00187,38.12
2024-01-22,DEV_00137,13.67
2024-01-24,DEV_00094,15.1
2024-01-08,DEV_00069,5.67
2024-01-04,DEV_00176,7.84
2024-01-12,DEV_00146,30.93
2024-01-20,DEV_00064,11.65
2024-01-04,DEV_00137,22.3
2024-01-07,DEV_00006,21.06
2024-01-17,DEV_00047,8.17
2024-01-16,DEV_00187,53.69
2024-01-01,DEV_00039,5.12
2024-01-12,DEV_00150,34.34
2024-01-02,DEV_00087,8
2024-01-29,DEV_00017,16.18
2024-01-11,DEV_00090,14.92
2024-01-25,DEV_00112,8.87
2024-01-07,DEV_00002,60.35
2024-01-22,DEV_00097,8.07
2024-01-23,DEV_00149,33.43
2024-01-11,DEV_00117,12.09
2024-01-02,DEV_00054,18.24
2024-01-13,DEV_00060,41.62
2024-01-29,DEV_00176,52.84
2024-01-16,DEV_00032,26.28
2024-01-23,DEV_00190,52.86
2024-01-14,DEV_00136,29.85
2024-01-24,DEV_00028,19.09
2024-01-06,DEV_00135,11.4
2024-01-26,DEV_00190,28.74
2024-01-14,DEV_00075,95.24
2024-01-16,DEV_00186,19.69
2024-01-11,DEV_00185,44.21
2024-01-25,DEV_00025,23.17
2024-01-21,DEV_00044,37.87
2024-01-05,DEV_00071,18.88
2024-01-26,DEV_00168,85.2
2024-01-20,DEV_00118,31.51
2024-01-27,DEV_00180,35.34
2024-01-31,DEV_00014,15.23
2024-01-29,DEV_00031,55.44
2024-01-25,DEV_00196,43.62
2024-01-25,DEV_00160,25.06
2024-01-09,DEV_00177,26.28
2024-01-03,DEV_00041,26.78
2024-01-11,DEV_00094,4.99
2024-01-14,DEV_00069,27.86
2024-01-09,DEV_00067,5.07
2024-01-03,DEV_00118,7.8
2024-01-04,DEV_00132,23.52
2024-01-07,DEV_00152,10.53
2024-01-02,DEV_00058,12.51
2024-01-09,DEV_00193,66.09
2024-01-30,DEV_00156,19.74
2024-01-19,DEV_00077,15
2024-01-28,DEV_00109,47.04
2024-01-15,DEV_00042,35.94
2024-01-21,DEV_00046,10.98
2024-01-11,DEV_00199,10.13
2024-01-19,DEV_00176,55.47
2024-01-01,DEV_00076,61.06
2024-01-19,DEV_00083,48.56
2024-01-19,DEV_00138,26.32
2024-01-04,DEV_00035,52.34
2024-01-06,DEV_00155,18
2024-01-04,DEV_00100,14.48
2024-01-19,DEV_00112,62.38
2024-01-08,DEV_00007,20.88
2024-01-30,DEV_00111,394.43
2024-01-02,DEV_00197,66.97
2024-01-28,DEV_00071,5.18
2024-01-17,DEV_00158,30.3
2024-01-12,DEV_00084,37.86
2024-01-29,DEV_00004,40.67
2024-01-13,DEV_00016,33.16
2024-01-30,DEV_00053,54.47
2024-01-16,DEV_00015,70.77
2024-01-25,DEV_00077,10.48
2024-01-11,DEV_00193,23.52
2024-01-18,DEV_00147,59.11
2024-01-01,DEV_00006,2.85
2024-01-21,DEV_00014,18.76
2024-01-31,DEV_00169,4.16
2024-01-13,DEV_00082,6.73
2024-01-15,DEV_00114,9.61
2024-01-16,DEV_00179,4.1
2024-01-04,DEV_00154,4.94
2024-01-23,DEV_00092,14.91
2024-01-29,DEV_00100,42.24
2024-01-21,DEV_00002,9.12
2024-01-02,DEV_00186,13.47
2024-01-19,DEV_00121,79.7
2024-01-09,DEV_00076,14.28
2024-01-28,DEV_00159,106.42
2024-01-04,DEV_00130,13.26
2024-01-24,DEV_00149,13.09
2024-01-07,DEV_00003,6.2
2024-01-20,DEV_00022,10.19
2024-01-24,DEV_00014,4.16
2024-01-31,DEV_00098,17.95
2024-01-01,DEV_00071,23.41
2024-01-01,DEV_00048,10.61
2024-01-31,DEV_00027,24.05
2024-01-27,DEV_00110,87.37
2024-01-16,DEV_00005,26.78
2024-01-05,DEV_00149,114.57
2024-01-18,DEV_00186,8.45
2024-01-01,DEV_00152,11.02
2024-01-28,DEV_00184,3.62
2024-01-21,DEV_00137,16.01
2024-01-06,DEV_00065,61.35
2024-01-09,DEV_00165,22.2
2024-01-11,DEV_00151,12.37
2024-01-09,DEV_00118,10.42
2024-01-09,DEV_00002,45.58
2024-01-14,DEV_00137,6.86
2024-01-13,DEV_00194,43.17
2024-01-22,DEV_00106,16.68
2024-01-31,DEV_00179,35.19
2024-01-12,DEV_00032,12.5
2024-01-04,DEV_00050,43.31
2024-01-04,DEV_00009,44.49
2024-01-08,DEV_00141,9
2024-01-28,DEV_00172,90.36
2024-01-28,DEV_00113,8.97
2024-01-08,DEV_00060,38.45
2024-01-14,DEV_00041,13.06
2024-01-03,DEV_00075,12.17
2024-01-08,DEV_00082,11.45
2024-01-05,DEV_00009,21.63
2024-01-20,DEV_00153,45.74
2024-01-18,DEV_00126,47.83
2024-01-24,DEV_00125,11.58
2024-01-19,DEV_00146,4.49
2024-01-20,DEV_00108,117.89
2024-01-12,DEV_00067,12.23
2024-01-23,DEV_00182,17.18
2024-01-14,DEV_00136,43.8
2024-01-13,DEV_00061,19.3
2024-01-24,DEV_00019,43.88
2024-01-24,DEV_00109,17.81
2024-01-17,DEV_00001,2.64
2024-01-30,DEV_00163,13.86
2024-01-26,DEV_00029,35.67
2024-01-23,DEV_00039,6.3
2024-01-26,DEV_00054,18.17
2024-01-14,DEV_00155,27.93
2024-01-13,DEV_00126,16.84
2024-01-23,DEV_00180,36.57
2024-01-22,DEV_00091,5.6
2024-01-26,DEV_00024,10.68
2024-01-19,DEV_00200,20.74
2024-01-01,DEV_00050,22.46
2024-01-23,DEV_00049,18.66
2024-01-29,DEV_00032,55.61
2024-01-29,DEV_00012,19.1
2024-01-07,DEV_00024,16.77
2024-01-05,DEV_00037,11.08
2024-01-23,DEV_00127,15.41
2024-01-22,DEV_00021,42.19
2024-01-31,DEV_00115,13.65
2024-01-24,DEV_00171,8.68
2024-01-26,DEV_00022,7.44
2024-01-05,DEV_00106,16.32
2024-01-30,DEV_00138,7.44
2024-01-06,DEV_00147,15.22
2024-01-27,DEV_00088,34.17
2024-01-31,DEV_00165,44.12
2024-01-18,DEV_00003,20.5
2024-01-19,DEV_00122,5.76
2024-01-25,DEV_00179,19.33
2024-01-14,DEV_00002,26.94
2024-01-21,DEV_00115,29.45
2024-01-21,DEV_00127,20.55
2024-01-28,DEV_00086,7.61
2024-01-24,DEV_00019,9.77
2024-01-08,DEV_00182,45.13
2024-01-27,DEV_00009,14.81
2024-01-30,DEV_00177,7.28
2024-01-04,DEV_00109,10.5
2024-01-27,DEV_00077,31.76
2024-01-13,DEV_00077,37.31
2024-01-12,DEV_00010,29.19
2024-01-29,DEV_00086,12.2
2024-01-29,DEV_00028,29.96
2024-01-30,DEV_00185,12.86
2024-01-31,DEV_00067,57.31
2024-01-01,DEV_00070,8.06
2024-01-01,DEV_00119,38.19
2024-01-17,DEV_00114,23.23
2024-01-15,DEV_00193,14.98
2024-01-21,DEV_00029,14.87
2024-01-30,DEV_00060,26.29
2024-01-25,DEV_00039,10.18
2024-01-06,DEV_00181,35.16
2024-01-22,DEV_00124,15.65
2024-01-30,DEV_00097,14.85
2024-01-05,DEV_00011,39.23
2024-01-22,DEV_00159,19.63
2024-01-22,DEV_00123,68.25
2024-01-03,DEV_00043,74.88
2024-01-28,DEV_00022,37.7
2024-01-25,DEV_00078,64.16
2024-01-18,DEV_00195,44.77
2024-01-16,DEV_00154,29.23
2024-01-07,DEV_00112,108.51
2024-01-11,DEV_00128,57.72
2024-01-14,DEV_00092,25.86
2024-01-07,DEV_00083,18.79
2024-01-24,DEV_00089,39.85
2024-01-25,DEV_00116,34.6
2024-01-26,DEV_00038,16.51
2024-01-08,DEV_00104,7.67
2024-01-19,DEV_00100,24.35
2024-01-26,DEV_00156,61.61
2024-01-06,DEV_00197,26.74
2024-01-11,DEV_00049,6.53
2024-01-15,DEV_00062,28.02
2024-01-29,DEV_00132,9.59
2024-01-24,DEV_00170,12.91
2024-01-13,DEV_00044,13.78
2024-01-02,DEV_00106,31.74
2024-01-30,DEV_00088,5.94
2024-01-18,DEV_00103,9.87
2024-01-27,DEV_00039,34.52
2024-01-30,DEV_00007,44.23
2024-01-07,DEV_00109,19.53
2024-01-22,DEV_00070,57.35
2024-01-09,DEV_00032,153.39
2024-01-26,DEV_00025,15.46
2024-01-03,DEV_00121,5.96
2024-01-14,DEV_00139,24.02
2024-01-31,DEV_00023,9.11
2024-01-12,DEV_00158,7.31
2024-01-27,DEV_00044,69.44
2024-01-04,DEV_00040,11.84
2024-01-28,DEV_00165,15.15
2024-01-18,DEV_00107,75.3
2024-01-29,DEV_00118,29.8
2024-01-04,DEV_00137,6.48
2024-01-16,DEV_00019,18.24
2024-01-02,DEV_00032,20.64
2024-01-16,DEV_00052,14.74
2024-01-13,DEV_00005,16.48
2024-01-13,DEV_00170,16.44
2024-01-11,DEV_00059,50.43
2024-01-28,DEV_00166,27.94
2024-01-19,DEV_00001,22.57
2024-01-29,DEV_00139,11.97
2024-01-01,DEV_00119,90.72
2024-01-14,DEV_00081,13.21
2024-01-06,DEV_00073,35.71
2024-01-20,DEV_00121,28.56
2024-01-12,DEV_00053,14.69
2024-01-19,DEV_00058,5.63
2024-01-17,DEV_00110,32.19
2024-01-22,DEV_00012,17.43
2024-01-04,DEV_00021,20.45
2024-01-31,DEV_00139,38.75
2024-01-21,DEV_00134,48.93
2024-01-17,DEV_00095,39.37
2024-01-30,DEV_00034,20.07
2024-01-17,DEV_00089,15.01
2024-01-23,DEV_00039,41.49
2024-01-30,DEV_00152,45.43
2024-01-03,DEV_00069,6.34
2024-01-25,DEV_00015,21.32
2024-01-16,DEV_00106,17.03
2024-01-30,DEV_00111,58.8
2024-01-01,DEV_00022,154.05
2024-01-05,DEV_00132,12.81
2024-01-22,DEV_00180,70.67
2024-01-31,DEV_00188,78.16
2024-01-17,DEV_00106,8.93
2024-01-20,DEV_00139,14.87
2024-01-30,DEV_00117,80.61
2024-01-28,DEV_00108,38.92
2024-01-09,DEV_00126,39.28
2024-01-23,DEV_00164,23.69
2024-01-03,DEV_00052,41.2
2024-01-22,DEV_00115,18.45
2024-01-13,DEV_00103,31.31
2024-01-18,DEV_00089,160.42
2024-01-18,DEV_00088,40.08
2024-01-04,DEV_00060,28.94
2024-01-09,DEV_00178,118.07
2024-01-22,DEV_00164,11.23
2024-01-18,DEV_00153,16.47
2024-01-28,DEV_00114,63.02
2024-01-02,DEV_00111,41.05
2024-01-27,DEV_00083,14.47
2024-01-01,DEV_00168,19.91
2024-01-16,DEV_00030,6.71
2024-01-22,DEV_00007,6.52
2024-01-25,DEV_00087,20.1
2024-01-10,DEV_00063,19.75
2024-01-16,DEV_00182,3.36
2024-01-14,DEV_00012,7.41
2024-01-18,DEV_00191,15.94
2024-01-21,DEV_00015,14.1
2024-01-24,DEV_00171,5.2
2024-01-26,DEV_00124,12.29
2024-01-22,DEV_00199,81.59
2024-01-24,DEV_00033,9.38
2024-01-26,DEV_00161,23.36
2024-01-23,DEV_00114,97.92
2024-01-12,DEV_00049,39.39
2024-01-17,DEV_00174,11.59
2024-01-29,DEV_00019,8.1
2024-01-19,DEV_00162,17
2024-01-26,DEV_00055,19.39
2024-01-16,DEV_00024,12.54
2024-01-23,DEV_00072,29.9
2024-01-26,DEV_00064,14.84
2024-01-10,DEV_00094,36.1
2024-01-09,DEV_00148,35.51
2024-01-23,DEV_00077,41.25
2024-01-28,DEV_00035,25.2
2024-01-02,DEV_00039,32.16
2024-01-16,DEV_00110,10.53
2024-01-14,DEV_00118,6.4
2024-01-04,DEV_00083,25.47
2024-01-17,DEV_00197,10.14
2024-01-30,DEV_00182,27.34
2024-01-14,DEV_00012,10.27
2024-01-03,DEV_00120,8.6
2024-01-15,DEV_00007,32.11
2024-01-01,DEV_00192,8.28
2024-01-22,DEV_00199,35
2024-01-11,DEV_00075,74.59
2024-01-06,DEV_00114,25.32
2024-01-29,DEV_00159,14.92
2024-01-27,DEV_00048,17.88
2024-01-30,DEV_00075,21.59
2024-01-24,DEV_00142,54.68
2024-01-08,DEV_00029,45.1
2024-01-11,DEV_00135,24.95
2024-01-25,DEV_00001,19.48
2024-01-30,DEV_00170,40.79
2024-01-02,DEV_00124,128.36
2024-01-08,DEV_00184,52.12
2024-01-29,DEV_00138,38.26
2024-01-02,DEV_00015,29.96
2024-01-07,DEV_00169,15.15
2024-01-05,DEV_00121,13.07
2024-01-22,DEV_00124,31.68
2024-01-02,DEV_00048,31.1
2024-01-15,DEV_00074,10.95
2024-01-02,DEV_00185,4.59
2024-01-19,DEV_00058,125.58
2024-01-23,DEV_00196,19.86
2024-01-16,DEV_00101,32.71
2024-01-14,DEV_00096,2.78
2024-01-29,DEV_00023,34.88
2024-01-25,DEV_00183,53.63
2024-01-15,DEV_00109,17.82
2024-01-18,DEV_00049,7.98
2024-01-29,DEV_00068,17.31
2024-01-12,DEV_00147,10.61
2024-01-20,DEV_00035,18.96
2024-01-30,DEV_00126,12.16
2024-01-12,DEV_00120,8.25
2024-01-29,DEV_00199,12.09
2024-01-22,DEV_00044,30.45
2024-01-10,DEV_00154,25.69
2024-01-01,DEV_00079,76
2024-01-19,DEV_00091,56.73
2024-01-16,DEV_00058,47.82
2024-01-25,DEV_00183,31.73
2024-01-23,DEV_00195,13.73
2024-01-02,DEV_00108,32.94
2024-01-10,DEV_00172,14.92
2024-01-25,DEV_00034,5.36
2024-01-06,DEV_00079,6.41
2024-01-10,DEV_00099,9.98
2024-01-12,DEV_00019,16.97
2024-01-12,DEV_00194,30.09
2024-01-02,DEV_00147,26.89
2024-01-25,DEV_00021,73.69
2024-01-20,DEV_00121,7.75
2024-01-17,DEV_00176,4.49
2024-01-10,DEV_00054,30.29
2024-01-29,DEV_00038,64.23
2024-01-24,DEV_00096,36.46
2024-01-11,DEV_00144,7.17
2024-01-19,DEV_00116,12.35
2024-01-18,DEV_00125,8.3
2024-01-05,DEV_00084,24.22
2024-01-28,DEV_00077,8.16
2024-01-17,DEV_00184,70.99
2024-01-11,DEV_00030,13.78
2024-01-21,DEV_00025,27.35
2024-01-17,DEV_00061,27.18
2024-01-06,DEV_00142,30.28
2024-01-28,DEV_00185,22.43
2024-01-23,DEV_00048,41.59
2024-01-07,DEV_00035,11.76
2024-01-03,DEV_00067,5.98
2024-01-04,DEV_00066,28.77
2024-01-11,DEV_00180,14.51
2024-01-08,DEV_00142,51.39
2024-01-23,DEV_00045,16.13
2024-01-24,DEV_00141,13.75
2024-01-12,DEV_00188,11.16
2024-01-21,DEV_00037,24.45
2024-01-28,DEV_00122,20.15
2024-01-23,DEV_00019,32.35
2024-01-21,DEV_00072,11.2
2024-01-06,DEV_00138,4.95
2024-01-11,DEV_00112,20.29
2024-01-31,DEV_00099,27.54
2024-01-22,DEV_00092,27.42
2024-01-11,DEV_00185,46.93
2024-01-27,DEV_00135,6.16
2024-01-10,DEV_00172,20.06
2024-01-26,DEV_00200,13.23
2024-01-14,DEV_00139,12.22
2024-01-23,DEV_00199,20.35
2024-01-11,DEV_00054,17.56
2024-01-15,DEV_00010,17.69
2024-01-26,DEV_00139,18.85
2024-01-31,DEV_00043,2.14
2024-01-13,DEV_00137,10.43
2024-01-11,DEV_00082,38.43
2024-01-12,DEV_00044,20.69
2024-01-23,DEV_00055,8.75
2024-01-14,DEV_00126,58.72
2024-01-07,DEV_00039,12.61
2024-01-24,DEV_00037,24.68
2024-01-19,DEV_00064,18.17
2024-01-17,DEV_00096,38.64
2024-01-28,DEV_00158,13.08
2024-01-20,DEV_00200,3.04
2024-01-30,DEV_00062,17.88
2024-01-23,DEV_00181,25.26
2024-01-23,DEV_00114,8.47
2024-01-22,DEV_00187,9.07
2024-01-03,DEV_00098,22.03
2024-01-03,DEV_00164,19.12
2024-01-03,DEV_00012,15.17
2024-01-02,DEV_00156,9.46
2024-01-27,DEV_00131,19.87
2024-01-09,DEV_00151,5.42
2024-01-19,DEV_00050,36.19
2024-01-30,DEV_00067,22.8
2024-01-29,DEV_00101,17.71
2024-01-05,DEV_00158,48.14
2024-01-25,DEV_00166,25.59
2024-01-17,DEV_00072,13.33
2024-01-21,DEV_00126,7.09
2024-01-07,DEV_00044,25.33
2024-01-16,DEV_00118,17.97
2024-01-24,DEV_00009,61.79
2024-01-02,DEV_00049,74.92
2024-01-20,DEV_00136,10.53
2024-01-15,DEV_00061,20.65
2024-01-08,DEV_00055,3.82
2024-01-31,DEV_00020,5.88
2024-01-25,DEV_00101,44.97
2024-01-29,DEV_00063,14.97
2024-01-16,DEV_00137,17.85
2024-01-03,DEV_00096,16.43
2024-01-23,DEV_00177,22.14
2024-01-19,DEV_00108,16.56
2024-01-27,DEV_00043,19.73
2024-01-19,DEV_00088,34.85
2024-01-29,DEV_00001,189.83
2024-01-01,DEV_00176,20.59
2024-01-07,DEV_00135,10.75
2024-01-03,DEV_00055,9.55
2024-01-23,DEV_00017,49.42
2024-01-09,DEV_00199,36.11
2024-01-21,DEV_00034,8.99
2024-01-29,DEV_00174,27.83
2024-01-03,DEV_00196,12.91
2024-01-25,DEV_00046,39.84
2024-01-30,DEV_00192,103.14
2024-01-05,DEV_00052,10.19
2024-01-11,DEV_00144,6.24
2024-01-08,DEV_00089,40.15
2024-01-29,DEV_00128,59.9
2024-01-23,DEV_00177,67.11
2024-01-02,DEV_00127,6.84
2024-01-27,DEV_00066,13.17
2024-01-30,DEV_00147,12.41
2024-01-10,DEV_00056,60.16
2024-01-12,DEV_00057,1.77
2024-01-14,DEV_00086,28.68
2024-01-12,DEV_00122,26
2024-01-28,DEV_00059,13.45
2024-01-01,DEV_00160,16
2024-01-24,DEV_00069,49.32
2024-01-07,DEV_00156,13.74
2024-01-15,DEV_00164,31.13
2024-01-15,DEV_00093,15.82
2024-01-18,DEV_00148,118.16
2024-01-06,DEV_00064,33.84
2024-01-10,DEV_00007,23.15
2024-01-07,DEV_00083,43.41
2024-01-12,DEV_00100,9.84
2024-01-08,DEV_00128,10.1
2024-01-30,DEV_00116,35.81
2024-01-24,DEV_00003,26.5
2024-01-31,DEV_00109,20.75
2024-01-14,DEV_00181,19.71
2024-01-08,DEV_00050,12.04
2024-01-15,DEV_00130,37.89
2024-01-22,DEV_00169,16.13
2024-01-22,DEV_00130,17.95
2024-01-21,DEV_00072,11.38
2024-01-02,DEV_00084,19.94
2024-01-26,DEV_00151,5.11
2024-01-27,DEV_00127,6.41
2024-01-26,DEV_00004,72.09
2024-01-18,DEV_00108,7.76
2024-01-19,DEV_00168,9.5
2024-01-21,DEV_00060,10.31
2024-01-24,DEV_00155,15.19
2024-01-17,DEV_00160,15.98
2024-01-06,DEV_00178,23.91
2024-01-23,DEV_00028,11.4
2024-01-14,DEV_00082,36.95
2024-01-18,DEV_00033,53.86
2024-01-17,DEV_00161,33.67
2024-01-30,DEV_00051,11.48
2024-01-29,DEV_00001,31.24
2024-01-01,DEV_00154,44.31
2024-01-15,DEV_00126,16.67
2024-01-05,DEV_00047,9.5
2024-01-31,DEV_00081,21.66
2024-01-07,DEV_00115,10.42
2024-01-15,DEV_00173,13.64
2024-01-13,DEV_00059,74.16
2024-01-12,DEV_00154,14.12
2024-01-29,DEV_00134,21.89
2024-01-03,DEV_00193,20.35
2024-01-16,DEV_00097,18.84
2024-01-07,DEV_00069,9.98
2024-01-11,DEV_00175,92.44
2024-01-04,DEV_00074,29.6
2024-01-24,DEV_00084,33.48
2024-01-15,DEV_00047,27.84
2024-01-27,DEV_00117,18.09
2024-01-09,DEV_00176,10.7
2024-01-26,DEV_00046,23.83
2024-01-03,DEV_00010,20.08
2024-01-17,DEV_00167,3
2024-01-13,DEV_00195,39.7
2024-01-11,DEV_00069,21.29
2024-01-09,DEV_00118,32.85
2024-01-01,DEV_00147,12.14
2024-01-22,DEV_00156,17.85
2024-01-03,DEV_00003,62.06
2024-01-15,DEV_00117,42.41
2024-01-05,DEV_00059,62.23
2024-01-16,DEV_00091,9.74
2024-01-03,DEV_00064,21.13
2024-01-24,DEV_00087,25.1
2024-01-13,DEV_00062,21.77
2024-01-22,DEV_00194,49.56
2024-01-06,DEV_00169,31.13
2024-01-13,DEV_00107,10.7
2024-01-17,DEV_00101,46.76
2024-01-23,DEV_00081,26.47
2024-01-05,DEV_00015,23.26
2024-01-23,DEV_00020,22.68
2024-01-02,DEV_00118,9
2024-01-02,DEV_00092,12.54
2024-01-02,DEV_00106,9.83
2024-01-19,DEV_00015,83.17
2024-01-24,DEV_00075,125.33
2024-01-21,DEV_00199,4.31
2024-01-18,DEV_00193,5.79
2024-01-28,DEV_00075,8.77
2024-01-26,DEV_00110,14.73
2024-01-23,DEV_00119,8.36
2024-01-08,DEV_00088,117.45
2024-01-21,DEV_00034,37.05
2024-01-24,DEV_00133,19.78
2024-01-22,DEV_00111,155.98
2024-01-04,DEV_00043,11.16
2024-01-03,DEV_00195,14.09
2024-01-08,DEV_00139,31.13
2024-01-19,DEV_00132,5.66
2024-01-08,DEV_00005,10.64
2024-01-18,DEV_00044,10.48
2024-01-10,DEV_00150,9.81
2024-01-25,DEV_00002,3.13
2024-01-26,DEV_00120,29.28
2024-01-20,DEV_00140,44.24
2024-01-10,DEV_00199,53.9
2024-01-13,DEV_00045,4.65
2024-01-06,DEV_00111,17.8
2024-01-13,DEV_00081,10.34
2024-01-19,DEV_00033,33.03
2024-01-22,DEV_00028,18.93
2024-01-01,DEV_00122,23.99
2024-01-30,DEV_00153,21.89
2024-01-06,DEV_00181,32.81
2024-01-26,DEV_00171,57.57
2024-01-20,DEV_00178,43.6
2024-01-12,DEV_00044,27.16
2024-01-13,DEV_00190,22.08
2024-01-01,DEV_00142,18.64
2024-01-28,DEV_00055,3.42
2024-01-09,DEV_00088,54.05
2024-01-21,DEV_00005,19.87
2024-01-24,DEV_00021,18.23
2024-01-13,DEV_00154,18.76
2024-01-08,DEV_00039,7.16
2024-01-18,DEV_00038,67.37
2024-01-21,DEV_00148,35.6
2024-01-24,DEV_00160,24.23
2024-01-18,DEV_00071,24.09
2024-01-01,DEV_00003,3.86
2024-01-27,DEV_00036,8.03
2024-01-13,DEV_00151,23.49
2024-01-12,DEV_00086,27.94
2024-01-31,DEV_00181,34.24
2024-01-13,DEV_00082,12.92
2024-01-22,DEV_00195,14.71
2024-01-02,DEV_00072,28.29
2024-01-07,DEV_00069,11.62
2024-01-29,DEV_00124,36.67
2024-01-16,DEV_00028,19.05
2024-01-05,DEV_00138,5.15
2024-01-27,DEV_00168,13.53
2024-01-11,DEV_00161,27.1
2024-01-02,DEV_00024,14.43
2024-01-19,DEV_00197,3.05
2024-01-19,DEV_00006,7.33
2024-01-30,DEV_00021,7.07
2024-01-04,DEV_00155,24.64
2024-01-10,DEV_00001,4.18
2024-01-05,DEV_00128,23.81
2024-01-31,DEV_00012,13.45
2024-01-23,DEV_00082,84.39
2024-01-08,DEV_00048,26.4
2024-01-16,DEV_00054,28.74
2024-01-12,DEV_00176,14.85
2024-01-27,DEV_00099,23.83
2024-01-03,DEV_00095,27.3
2024-01-12,DEV_00152,49.76
2024-01-05,DEV_00087,18.05
2024-01-15,DEV_00148,29.66
2024-01-13,DEV_00062,7.64
2024-01-12,DEV_00050,15.78
2024-01-13,DEV_00089,12.29
2024-01-16,DEV_00113,25.84
2024-01-10,DEV_00198,6.22
2024-01-07,DEV_00198,15.07
2024-01-16,DEV_00113,24.09
2024-01-25,DEV_00189,31.99
2024-01-29,DEV_00160,98.82
2024-01-30,DEV_00137,14.43
2024-01-22,DEV_00112,191
2024-01-05,DEV_00014,32.2
2024-01-15,DEV_00037,10.54
2024-01-29,DEV_00061,2.36
2024-01-08,DEV_00098,8.14
2024-01-12,DEV_00055,44.15
2024-01-25,DEV_00001,23.3
2024-01-27,DEV_00178,14.76
2024-01-09,DEV_00100,15.35
2024-01-30,DEV_00148,30.95
2024-01-05,DEV_00125,47.49
2024-01-18,DEV_00061,51.38
2024-01-20,DEV_00141,36.14
2024-01-01,DEV_00090,11.84
2024-01-02,DEV_00124,77.65
2024-01-09,DEV_00051,19.84
2024-01-15,DEV_00173,85.9
2024-01-20,DEV_00052,40.27
2024-01-09,DEV_00123,27.75
2024-01-07,DEV_00042,30.16
2024-01-09,DEV_00124,12.32
2024-01-26,DEV_00041,31.27
2024-01-05,DEV_00069,41.73
2024-01-27,DEV_00142,30.79
2024-01-17,DEV_00034,4.31
2024-01-25,DEV_00099,12.04
2024-01-19,DEV_00004,27.15
2024-01-31,DEV_00048,80.17
2024-01-15,DEV_00005,59.57
2024-01-29,DEV_00023,10.25
2024-01-13,DEV_00103,29.89
2024-01-24,DEV_00001,13.85
2024-01-26,DEV_00079,6.72
2024-01-09,DEV_00025,25.13
2024-01-29,DEV_00081,11.18
2024-01-24,DEV_00081,19.29
2024-01-25,DEV_00109,23.47
2024-01-03,DEV_00161,19.77
2024-01-01,DEV_00070,18.03
2024-01-12,DEV_00122,10.83
2024-01-13,DEV_00120,6.33
2024-01-19,DEV_00075,40.67
2024-01-23,DEV_00187,41.82
2024-01-16,DEV_00080,21.15
2024-01-11,DEV_00101,31.23
2024-01-28,DEV_00065,24.99
2024-01-25,DEV_00056,10.21
2024-01-19,DEV_00069,7.24
2024-01-22,DEV_00084,13.33
2024-01-31,DEV_00187,8.19
2024-01-23,DEV_00010,26.34
2024-01-24,DEV_00103,40.7
2024-01-18,DEV_00048,12.57
2024-01-13,DEV_00082,49.45
2024-01-11,DEV_00149,22.51
2024-01-06,DEV_00172,27.81
2024-01-19,DEV_00105,19.47
2024-01-02,DEV_00070,13.64
2024-01-15,DEV_00001,20.69
2024-01-03,DEV_00034,9.42
2024-01-19,DEV_00127,26.97
2024-01-20,DEV_00041,11.04
2024-01-18,DEV_00091,81.14
2024-01-16,DEV_00143,35.64
2024-01-17,DEV_00139,39.16
2024-01-13,DEV_00149,33.63
2024-01-09,DEV_00066,19.84
2024-01-30,DEV_00116,63.37
2024-01-12,DEV_00033,78.68
2024-01-21,DEV_00189,8.58
2024-01-12,DEV_00035,6.94
2024-01-05,DEV_00187,57.49
2024-01-12,DEV_00165,52.59
2024-01-31,DEV_00020,28.86
2024-01-06,DEV_00020,44.8
2024-01-10,DEV_00058,32.22
2024-01-24,DEV_00036,7.6
2024-01-04,DEV_00198,15.22
2024-01-07,DEV_00081,8.11
2024-01-22,DEV_00012,7.31
2024-01-26,DEV_00092,13.94
2024-01-18,DEV_00165,6.03
2024-01-10,DEV_00180,24.87
2024-01-12,DEV_00070,64.24
2024-01-22,DEV_00128,8.71
2024-01-16,DEV_00067,13.21
2024-01-03,DEV_00198,40.46
2024-01-25,DEV_00011,181.24
2024-01-04,DEV_00003,44.69
2024-01-24,DEV_00154,13.02
2024-01-06,DEV_00191,13.18
2024-01-20,DEV_00131,131.52
2024-01-04,DEV_00096,48.2
2024-01-05,DEV_00138,8.32
2024-01-04,DEV_00170,32.15
2024-01-14,DEV_00141,96.49
2024-01-09,DEV_00072,37.36
2024-01-27,DEV_00087,13.24
2024-01-01,DEV_00107,36.31
2024-01-23,DEV_00136,15.75
2024-01-22,DEV_00164,6.52
2024-01-25,DEV_00010,53.5
2024-01-04,DEV_00200,24.28
2024-01-23,DEV_00024,14.77
2024-01-25,DEV_00179,71.66
2024-01-15,DEV_00015,7.12
2024-01-09,DEV_00049,13.7
2024-01-23,DEV_00157,22.97
2024-01-19,DEV_00084,5.46
2024-01-24,DEV_00112,15.74
2024-01-15,DEV_00070,4.02
2024-01-31,DEV_00097,14.71
2024-01-31,DEV_00093,6.57
2024-01-08,DEV_00143,14.11
2024-01-01,DEV_00082,82.87
2024-01-23,DEV_00088,30.32
2024-01-30,DEV_00068,40.8
2024-01-14,DEV_00096,15.68
2024-01-12,DEV_00153,37.25
2024-01-31,DEV_00091,12.09
2024-01-09,DEV_00110,26.9
2024-01-14,DEV_00031,46.69
2024-01-13,DEV_00197,12.3
2024-01-27,DEV_00071,38.58
2024-01-11,DEV_00064,13.48
2024-01-23,DEV_00177,49.54
2024-01-23,DEV_00124,20.16
2024-01-06,DEV_00178,6.16
2024-01-24,DEV_00056,5.3
2024-01-16,DEV_00044,12.15
2024-01-29,DEV_00173,15.38
2024-01-24,DEV_00155,15.74
2024-01-16,DEV_00050,4.59
2024-01-02,DEV_00112,15.9
2024-01-31,DEV_00008,44.2
2024-01-11,DEV_00109,28.89
2024-01-14,DEV_00032,12.32
2024-01-21,DEV_00095,9.97
2024-01-21,DEV_00179,6.96
2024-01-12,DEV_00137,18.9
2024-01-24,DEV_00126,16.64
2024-01-04,DEV_00088,43.87
2024-01-03,DEV_00019,24.06
2024-01-05,DEV_00139,22.03
2024-01-26,DEV_00183,109.69
2024-01-17,DEV_00009,17.21
2024-01-31,DEV_00083,37.12
2024-01-30,DEV_00157,13.09
2024-01-28,DEV_00012,15.15
2024-01-09,DEV_00154,12.16
2024-01-30,DEV_00163,49.5
2024-01-31,DEV_00001,66.34
2024-01-25,DEV_00144,16.32
2024-01-19,DEV_00156,20.59
2024-01-25,DEV_00143,35.29
2024-01-23,DEV_00120,8.66
2024-01-26,DEV_00121,14.36
2024-01-09,DEV_00010,4.61
2024-01-26,DEV_00153,15.37
2024-01-19,DEV_00087,15.48
2024-01-02,DEV_00049,23.93
2024-01-16,DEV_00143,11.47
2024-01-16,DEV_00195,25.65
2024-01-02,DEV_00057,15.59
2024-01-26,DEV_00024,12.66
2024-01-31,DEV_00051,19.89
2024-01-25,DEV_00014,9.95
2024-01-25,DEV_00078,26.93
2024-01-31,DEV_00091,17.53
2024-01-08,DEV_00193,17.46
2024-01-01,DEV_00145,23.78
2024-01-08,DEV_00193,7.43
2024-01-08,DEV_00184,16.33
2024-01-12,DEV_00090,28.04
2024-01-06,DEV_00023,17.33
2024-01-18,DEV_00018,15.32
2024-01-01,DEV_00159,47.52
2024-01-08,DEV_00104,48.32
2024-01-02,DEV_00132,7.08
2024-01-26,DEV_00142,16.52
2024-01-26,DEV_00024,14.94
2024-01-25,DEV_00158,31.9
2024-01-29,DEV_00058,32.69
2024-01-03,DEV_00181,19.06
2024-01-02,DEV_00096,77.78
2024-01-17,DEV_00038,28.42
2024-01-26,DEV_00132,32.8
2024-01-31,DEV_00065,166.95
2024-01-15,DEV_00130,20.37
2024-01-02,DEV_00126,16.19
2024-01-05,DEV_00161,9.02
2024-01-15,DEV_00186,22.05
2024-01-13,DEV_00024,61.14
2024-01-09,DEV_00095,8.36
2024-01-08,DEV_00177,18.53
2024-01-16,DEV_00043,10.81
2024-01-02,DEV_00087,12.65
2024-01-25,DEV_00151,50.96
2024-01-09,DEV_00190,13.59
2024-01-22,DEV_00086,7.3
2024-01-19,DEV_00029,21.48
2024-01-28,DEV_00091,11.19
2024-01-29,DEV_00134,31.55
2024-01-04,DEV_00068,20.77
2024-01-19,DEV_00104,19.06
2024-01-01,DEV_00086,29.55
2024-01-16,DEV_00130,24.98
2024-01-16,DEV_00060,16.14
2024-01-04,DEV_00151,12.92
2024-01-28,DEV_00078,55.14
2024-01-17,DEV_00167,28.57
2024-01-31,DEV_00173,15.22
2024-01-30,DEV_00122,30.85
2024-01-26,DEV_00134,10.09
2024-01-24,DEV_00147,70.99
2024-01-25,DEV_00132,4.54
2024-01-25,DEV_00120,49.56
2024-01-03,DEV_00056,42.56
2024-01-24,DEV_00152,8.71
2024-01-30,DEV_00036,15.98
2024-01-24,DEV_00063,25.03
2024-01-07,DEV_00197,1.83
2024-01-02,DEV_00176,2.83
2024-01-24,DEV_00140,5
2024-01-23,DEV_00156,44.34
2024-01-07,DEV_00103,23.05
2024-01-16,DEV_00135,5.29
2024-01-23,DEV_00100,6.54
2024-01-16,DEV_00141,6.93
2024-01-19,DEV_00083,17.55
2024-01-15,DEV_00160,9.29
2024-01-03,DEV_00010,43.34
2024-01-21,DEV_00031,25.61
2024-01-05,DEV_00068,84.05
2024-01-19,DEV_00161,10.04
2024-01-05,DEV_00117,21.88
2024-01-04,DEV_00055,13.78
2024-01-17,DEV_00162,34.2
2024-01-30,DEV_00140,26.55
2024-01-18,DEV_00054,11.81
2024-01-20,DEV_00195,15
2024-01-14,DEV_00015,20.64
2024-01-28,DEV_00078,9.59
2024-01-10,DEV_00020,25.91
2024-01-29,DEV_00195,23.67
2024-01-21,DEV_00039,6.8
2024-01-16,DEV_00134,21.29
2024-01-06,DEV_00117,8.2
2024-01-15,DEV_00093,35.12
2024-01-18,DEV_00156,13.83
2024-01-16,DEV_00008,40.03
2024-01-30,DEV_00156,45.37
2024-01-16,DEV_00145,23.72
2024-01-27,DEV_00084,21.96
2024-01-12,DEV_00043,6.25
2024-01-06,DEV_00150,94.5
2024-01-07,DEV_00017,24.8
2024-01-27,DEV_00072,13.2
2024-01-28,DEV_00022,4.97
2024-01-12,DEV_00168,11.37
2024-01-05,DEV_00195,45.78
2024-01-27,DEV_00096,106.74
2024-01-30,DEV_00002,46.06
2024-01-05,DEV_00154,24.88
2024-01-18,DEV_00083,22.97
2024-01-03,DEV_00161,27.33
2024-01-24,DEV_00167,17.03
2024-01-30,DEV_00037,18.43
2024-01-29,DEV_00155,45.38
2024-01-23,DEV_00060,23.05
2024-01-17,DEV_00181,18.46
2024-01-28,DEV_00042,10.74
2024-01-26,DEV_00039,38.07
2024-01-06,DEV_00021,13.53
2024-01-01,DEV_00181,18.31
2024-01-25,DEV_00093,55.03
2024-01-15,DEV_00047,31.28
2024-01-31,DEV_00109,48.54
2024-01-26,DEV_00129,31.87
2024-01-06,DEV_00172,2.06
2024-01-24,DEV_00180,22.91
2024-01-20,DEV_00175,71.05
2024-01-30,DEV_00095,3.77
2024-01-18,DEV_00169,53.38
2024-01-01,DEV_00178,18.57
2024-01-03,DEV_00053,10.07
2024-01-08,DEV_00097,26.22
2024-01-09,DEV_00153,58.78
2024-01-22,DEV_00091,24.5
2024-01-01,DEV_00162,94.8
2024-01-17,DEV_00095,25
2024-01-10,DEV_00030,6.61
2024-01-08,DEV_00149,10.27
2024-01-31,DEV_00051,74.63
2024-01-22,DEV_00174,17.88
2024-01-05,DEV_00012,31.13
2024-01-15,DEV_00189,2.34
2024-01-05,DEV_00155,19.02
2024-01-25,DEV_00124,29.1
2024-01-12,DEV_00068,14.7
2024-01-01,DEV_00029,2.72
2024-01-18,DEV_00184,9.34
2024-01-25,DEV_00059,35.15
2024-01-14,DEV_00084,10.16
2024-01-18,DEV_00115,26.84
2024-01-06,DEV_00029,65.11
2024-01-15,DEV_00023,11.43
2024-01-12,DEV_00135,17.16
2024-01-16,DEV_00078,14.51
2024-01-18,DEV_00084,8.63
2024-01-11,DEV_00064,15.91
2024-01-12,DEV_00132,56.88
2024-01-02,DEV_00198,47.03
2024-01-11,DEV_00152,12.03
2024-01-15,DEV_00069,10.72
2024-01-05,DEV_00086,46.78
2024-01-11,DEV_00124,21.8
2024-01-28,DEV_00166,19.47
2024-01-17,DEV_00061,6.37
2024-01-14,DEV_00102,5.7
2024-01-14,DEV_00161,35.31
2024-01-27,DEV_00170,12.99
2024-01-21,DEV_00112,26.29
2024-01-30,DEV_00169,49.73
2024-01-27,DEV_00035,67.72
2024-01-14,DEV_00192,55.48
2024-01-29,DEV_00123,14.63
2024-01-15,DEV_00040,33.28
2024-01-24,DEV_00051,8.11
2024-01-15,DEV_00041,53.46
2024-01-16,DEV_00114,12.67
2024-01-05,DEV_00019,33.94
2024-01-21,DEV_00027,13.04
2024-01-01,DEV_00010,4.48
2024-01-20,DEV_00129,77.52
2024-01-28,DEV_00149,3.24
2024-01-26,DEV_00045,12.08
2024-01-10,DEV_00141,18
2024-01-17,DEV_00140,13.04
2024-01-31,DEV_00105,70.32
2024-01-21,DEV_00030,46.23
2024-01-31,DEV_00126,41.84
2024-01-25,DEV_00200,31.75
2024-01-12,DEV_00141,99.76
2024-01-20,DEV_00178,27.75
2024-01-17,DEV_00007,37
2024-01-29,DEV_00098,37.63
2024-01-12,DEV_00172,11.45
2024-01-31,DEV_00057,23.1
2024-01-09,DEV_00116,7.54
2024-01-18,DEV_00074,11.53
2024-01-07,DEV_00037,38.41
2024-01-08,DEV_00074,69.32
2024-01-30,DEV_00057,36.72
2024-01-31,DEV_00097,14.8
2024-01-19,DEV_00171,10.65
2024-01-17,DEV_00034,17.54
2024-01-11,DEV_00032,54.77
2024-01-23,DEV_00186,20.45
2024-01-11,DEV_00077,25.17
2024-01-17,DEV_00031,43.01
2024-01-21,DEV_00086,12.19
2024-01-10,DEV_00159,10.67
2024-01-23,DEV_00035,34.78
2024-01-21,DEV_00061,11.78
2024-01-16,DEV_00016,50.53
2024-01-10,DEV_00198,4.61
2024-01-08,DEV_00007,30.8
2024-01-25,DEV_00051,26.95
2024-01-24,DEV_00022,67.26
2024-01-23,DEV_00046,15.99
2024-01-30,DEV_00051,4.5
2024-01-17,DEV_00181,27.71
2024-01-07,DEV_00099,48.26
2024-01-07,DEV_00018,48.37
2024-01-28,DEV_00057,61.14
2024-01-04,DEV_00109,30.4
2024-01-10,DEV_00143,11.79
2024-01-14,DEV_00005,16.79
2024-01-25,DEV_00142,9.1
2024-01-30,DEV_00154,73.4
2024-01-05,DEV_00091,28.03
2024-01-10,DEV_00137,17.81
2024-01-06,DEV_00017,9.21
2024-01-09,DEV_00136,14.93
2024-01-10,DEV_00011,10.78
2024-01-30,DEV_00170,6.05
2024-01-30,DEV_00075,75.22
2024-01-25,DEV_00095,24.31
2024-01-13,DEV_00191,48.68
2024-01-23,DEV_00001,52.82
2024-01-23,DEV_00058,8.48
2024-01-12,DEV_00053,6.8
2024-01-27,DEV_00149,12.43
2024-01-06,DEV_00151,93.38
2024-01-31,DEV_00099,31.31
2024-01-09,DEV_00033,23.97
2024-01-22,DEV_00108,32.51
2024-01-06,DEV_00024,15.68
2024-01-05,DEV_00098,17.53
2024-01-07,DEV_00004,10.76
2024-01-28,DEV_00016,11.92
2024-01-21,DEV_00091,12.61
2024-01-24,DEV_00103,8.5
2024-01-27,DEV_00062,18.49
2024-01-11,DEV_00174,36.72
2024-01-06,DEV_00118,9.99
2024-01-18,DEV_00056,16.68
2024-01-01,DEV_00126,9.28
2024-01-07,DEV_00098,35.5
2024-01-30,DEV_00190,42.58
2024-01-02,DEV_00120,19.42
2024-01-13,DEV_00124,37.47
2024-01-10,DEV_00067,7.64
2024-01-23,DEV_00101,42.51
2024-01-31,DEV_00164,3.02
2024-01-22,DEV_00056,13.54
2024-01-29,DEV_00045,38.68
2024-01-26,DEV_00089,101.45
2024-01-04,DEV_00005,43.26
2024-01-13,DEV_00094,19.49
2024-01-18,DEV_00103,16.63
2024-01-31,DEV_00161,5.11
2024-01-16,DEV_00079,39.44
2024-01-29,DEV_00184,22.2
2024-01-24,DEV_00007,10.65
2024-01-12,DEV_00132,7.59
2024-01-07,DEV_00109,15.67
2024-01-29,DEV_00122,64.05
2024-01-15,DEV_00028,75.85
2024-01-07,DEV_00115,7.86
2024-01-16,DEV_00171,3.29
2024-01-13,DEV_00119,8.95
2024-01-28,DEV_00018,16.65
2024-01-16,DEV_00076,7.91
2024-01-16,DEV_00067,9.86
2024-01-13,DEV_00107,15.46
2024-01-05,DEV_00032,7.93
2024-01-25,DEV_00132,95.2
2024-01-15,DEV_00086,9.4
2024-01-21,DEV_00049,33.87
2024-01-27,DEV_00117,42.46
2024-01-07,DEV_00190,38.3
2024-01-02,DEV_00151,52.41
2024-01-30,DEV_00044,34.43
2024-01-06,DEV_00107,18.81
2024-01-13,DEV_00037,59.08
2024-01-11,DEV_00143,22.5
2024-01-18,DEV_00106,31.05
2024-01-10,DEV_00173,54.65
2024-01-07,DEV_00028,11.33
2024-01-13,DEV_00154,14.75
2024-01-29,DEV_00191,27.34
2024-01-21,DEV_00005,13.7
2024-01-22,DEV_00039,49.81
2024-01-07,DEV_00007,23.37
2024-01-13,DEV_00178,16.24
2024-01-20,DEV_00148,46.35
2024-01-24,DEV_00104,34.43
2024-01-30,DEV_00198,22.92
2024-01-17,DEV_00169,43.29
2024-01-21,DEV_00199,18.7
2024-01-03,DEV_00140,44.23
2024-01-04,DEV_00076,10.53
2024-01-29,DEV_00142,12.95
2024-01-16,DEV_00173,6.24
2024-01-03,DEV_00026,7.22
2024-01-17,DEV_00170,36.38
2024-01-21,DEV_00043,9.18
2024-01-30,DEV_00137,15.91
2024-01-07,DEV_00106,13.05
2024-01-29,DEV_00172,48.75
2024-01-07,DEV_00101,9.79
2024-01-02,DEV_00108,37.89
2024-01-06,DEV_00076,27.01
2024-01-07,DEV_00004,19.39
2024-01-04,DEV_00091,23.68
2024-01-01,DEV_00120,6.85
2024-01-20,DEV_00038,23.37
2024-01-07,DEV_00164,21.07
2024-01-29,DEV_00066,18.83
2024-01-07,DEV_00007,26.55
2024-01-30,DEV_00142,46.45
2024-01-21,DEV_00187,55.73
2024-01-16,DEV_00083,46.31
2024-01-25,DEV_00042,18.22
2024-01-13,DEV_00157,21.08
2024-01-08,DEV_00034,24.37
2024-01-14,DEV_00188,55.24
2024-01-25,DEV_00082,27.39
2024-01-13,DEV_00022,26.78
2024-01-09,DEV_00101,23.83
2024-01-06,DEV_00082,78.02
2024-01-02,DEV_00176,26.18
2024-01-19,DEV_00068,25.2
2024-01-06,DEV_00132,15.78
2024-01-09,DEV_00107,19.93
2024-01-03,DEV_00072,4.82
2024-01-09,DEV_00163,11.12
2024-01-01,DEV_00125,43.66
2024-01-01,DEV_00078,17.24
2024-01-10,DEV_00005,53.4
2024-01-17,DEV_00191,16.39
2024-01-26,DEV_00111,10.31
2024-01-04,DEV_00008,18.99
2024-01-23,DEV_00102,6.35
2024-01-03,DEV_00188,227.51
2024-01-18,DEV_00074,15.45
2024-01-03,DEV_00133,24.4
2024-01-13,DEV_00116,23.79
2024-01-09,DEV_00063,19.5
2024-01-30,DEV_00126,14.18
2024-01-27,DEV_00123,19.7
2024-01-12,DEV_00051,21.34
2024-01-05,DEV_00176,32.88
2024-01-02,DEV_00025,51.04
2024-01-01,DEV_00047,11.62
2024-01-07,DEV_00082,10.65
2024-01-24,DEV_00128,7.47
2024-01-21,DEV_00162,13.24
2024-01-17,DEV_00007,8.59
2024-01-11,DEV_00120,27.59
2024-01-21,DEV_00030,23.04
2024-01-17,DEV_00078,25.21
2024-01-08,DEV_00154,16.85
2024-01-16,DEV_00146,39.27
2024-01-05,DEV_00076,23.53
2024-01-27,DEV_00118,12.46
2024-01-12,DEV_00176,15.16
2024-01-24,DEV_00119,30.28
2024-01-01,DEV_00036,13.37
2024-01-09,DEV_00094,64.04
2024-01-18,DEV_00033,4.92
2024-01-05,DEV_00059,9.8
2024-01-13,DEV_00019,28.17
2024-01-23,DEV_00171,24.84
2024-01-27,DEV_00038,5.68
2024-01-14,DEV_00010,20.74
2024-01-15,DEV_00056,33.58
2024-01-05,DEV_00076,9.75
2024-01-03,DEV_00171,26.89
2024-01-28,DEV_00029,36.61
2024-01-03,DEV_00113,16.35
2024-01-13,DEV_00080,7.42
2024-01-22,DEV_00007,15.38
2024-01-16,DEV_00013,9.48
2024-01-04,DEV_00067,61.35
2024-01-27,DEV_00157,29.68
2024-01-19,DEV_00150,8.57
2024-01-28,DEV_00099,18.68
2024-01-15,DEV_00157,9.05
2024-01-20,DEV_00124,21.18
2024-01-04,DEV_00098,10.98
2024-01-18,DEV_00108,4.17
2024-01-31,DEV_00056,111.95
2024-01-12,DEV_00028,14.05
2024-01-27,DEV_00079,10.34
2024-01-09,DEV_00068,26.04
2024-01-10,DEV_00174,11.49
2024-01-11,DEV_00200,19.19
2024-01-07,DEV_00007,19.35
2024-01-26,DEV_00189,13.91
2024-01-02,DEV_00177,28.97
2024-01-26,DEV_00026,21.4
2024-01-30,DEV_00155,10.77
2024-01-28,DEV_00050,33.1
2024-01-17,DEV_00110,9.63
2024-01-17,DEV_00187,6.24
2024-01-05,DEV_00006,28.03
2024-01-10,DEV_00185,106.47
2024-01-11,DEV_00144,6.07
2024-01-08,DEV_00067,7.95
2024-01-19,DEV_00039,43.5
2024-01-25,DEV_00085,38.2
2024-01-10,DEV_00040,55.66
2024-01-22,DEV_00124,12.61
2024-01-12,DEV_00047,10.12
2024-01-24,DEV_00187,10.19
2024-01-16,DEV_00079,13.47
2024-01-06,DEV_00157,18.95
2024-01-03,DEV_00054,31.99
2024-01-04,DEV_00181,37.41
2024-01-01,DEV_00039,16.49
2024-01-24,DEV_00034,7.53
2024-01-24,DEV_00151,15.3
2024-01-29,DEV_00124,32.27
2024-01-12,DEV_00104,37.41
2024-01-04,DEV_00190,38.34
2024-01-31,DEV_00141,13.12
2024-01-06,DEV_00158,22.68
2024-01-27,DEV_00094,34.78
2024-01-04,DEV_00090,5.25
2024-01-16,DEV_00093,5.8
2024-01-15,DEV_00159,60.37
2024-01-16,DEV_00180,94.24
2024-01-24,DEV_00144,14.59
2024-01-19,DEV_00058,3.66
2024-01-29,DEV_00172,9.02
2024-01-06,DEV_00026,6.21
2024-01-01,DEV_00052,36.46
2024-01-09,DEV_00013,27.21
2024-01-24,DEV_00160,3.32
2024-01-10,DEV_00160,57.11
2024-01-23,DEV_00014,9.84
2024-01-13,DEV_00119,7.96
2024-01-31,DEV_00103,40.3
2024-01-08,DEV_00166,23.27
2024-01-22,DEV_00196,26.61
2024-01-18,DEV_00176,8.01
2024-01-27,DEV_00030,49.87
2024-01-22,DEV_00087,28.55
2024-01-29,DEV_00138,94.12
2024-01-12,DEV_00046,24.46
2024-01-09,DEV_00081,15.3
2024-01-11,DEV_00171,18.29
2024-01-09,DEV_00196,33.33
2024-01-25,DEV_00123,15.93
2024-01-24,DEV_00135,20.43
2024-01-01,DEV_00111,46.27
2024-01-03,DEV_00020,63.58
2024-01-21,DEV_00008,18.74
2024-01-11,DEV_00197,6.02
2024-01-12,DEV_00040,18.64
2024-01-04,DEV_00159,37.98
2024-01-23,DEV_00024,12.75
2024-01-01,DEV_00187,16.8
2024-01-16,DEV_00145,11.26
2024-01-12,DEV_00021,15.71
2024-01-21,DEV_00159,58.36
2024-01-11,DEV_00149,11.21
2024-01-30,DEV_00131,17.66
2024-01-11,DEV_00132,32.4
2024-01-07,DEV_00096,52.83
2024-01-17,DEV_00078,78.15
2024-01-02,DEV_00055,10.17
2024-01-04,DEV_00143,16.23
2024-01-04,DEV_00123,15.64
2024-01-15,DEV_00102,13.63
2024-01-11,DEV_00012,6.88
2024-01-24,DEV_00197,9.08
2024-01-04,DEV_00142,19.78
2024-01-31,DEV_00147,6.77
2024-01-19,DEV_00006,3.97
2024-01-04,DEV_00183,2.55
2024-01-22,DEV_00124,14.97
2024-01-21,DEV_00116,11.59
2024-01-06,DEV_00168,8.34
2024-01-15,DEV_00108,23.5
2024-01-07,DEV_00072,46.67
2024-01-25,DEV_00043,9.65
2024-01-22,DEV_00093,22.52
2024-01-19,DEV_00117,11.48
2024-01-17,DEV_00127,9.69
2024-01-30,DEV_00098,11.93
2024-01-21,DEV_00159,19.35
2024-01-18,DEV_00113,12.67
2024-01-14,DEV_00170,46.05
2024-01-17,DEV_00076,25.46
2024-01-13,DEV_00071,20.23
2024-01-28,DEV_00061,46.95
2024-01-18,DEV_00131,14.69
2024-01-06,DEV_00056,18.91
2024-01-08,DEV_00151,18.3
2024-01-31,DEV_00163,18.35
2024-01-19,DEV_00126,27.31
2024-01-24,DEV_00168,44.39
2024-01-08,DEV_00149,30.71
2024-01-16,DEV_00139,40.48
2024-01-06,DEV_00058,27.36
2024-01-10,DEV_00003,25.96
2024-01-16,DEV_00147,60.25
2024-01-19,DEV_00026,4.39
2024-01-18,DEV_00127,13.73
2024-01-16,DEV_00113,18.65
2024-01-07,DEV_00101,3.81
2024-01-01,DEV_00062,12.34
2024-01-18,DEV_00039,9.74
2024-01-07,DEV_00157,5.58
2024-01-04,DEV_00141,7.9
2024-01-02,DEV_00079,11.52
2024-01-03,DEV_00054,9.65
2024-01-30,DEV_00018,34.93
2024-01-29,DEV_00016,14.12
2024-01-12,DEV_00120,21.31
2024-01-23,DEV_00082,14.01
2024-01-13,DEV_00053,12.6
2024-01-05,DEV_00175,43.04
2024-01-13,DEV_00081,51.31
2024-01-10,DEV_00144,13.11
2024-01-28,DEV_00063,10.22
2024-01-12,DEV_00031,16.28
2024-01-26,DEV_00031,4.86
2024-01-24,DEV_00101,45.3
2024-01-20,DEV_00019,18.16
2024-01-21,DEV_00136,10.91
2024-01-30,DEV_00077,15.87
2024-01-09,DEV_00055,6.48
2024-01-05,DEV_00112,26.75
2024-01-29,DEV_00098,28.97
2024-01-01,DEV_00104,2.73
2024-01-05,DEV_00092,17.45
2024-01-22,DEV_00139,30.44
2024-01-24,DEV_00060,45.74
2024-01-28,DEV_00153,13.76
2024-01-02,DEV_00127,20.21
2024-01-29,DEV_00174,5.49
2024-01-13,DEV_00167,31.16
2024-01-30,DEV_00181,15.1
2024-01-10,DEV_00016,23.63
2024-01-13,DEV_00142,29.39
2024-01-27,DEV_00166,64.68
2024-01-25,DEV_00076,14.78
2024-01-02,DEV_00027,8.92
2024-01-13,DEV_00068,85.81
2024-01-01,DEV_00056,5.53
2024-01-02,DEV_00087,75.93
2024-01-31,DEV_00196,34.06
2024-01-11,DEV_00126,30.93
2024-01-09,DEV_00117,39.83
2024-01-05,DEV_00076,33.71
2024-01-20,DEV_00191,24.26
2024-01-23,DEV_00037,16.45
2024-01-18,DEV_00168,23.87
2024-01-10,DEV_00194,10.87
2024-01-13,DEV_00128,88.14
2024-01-21,DEV_00188,25.62
2024-01-30,DEV_00037,5.31
2024-01-01,DEV_00041,16.01
2024-01-05,DEV_00021,72.69
2024-01-13,DEV_00067,5.66
2024-01-24,DEV_00076,11.35
2024-01-12,DEV_00104,14.09
2024-01-30,DEV_00077,5.83
2024-01-12,DEV_00146,4.22
2024-01-15,DEV_00066,89.04
2024-01-18,DEV_00161,27
2024-01-22,DEV_00081,11.89
2024-01-12,DEV_00022,34.53
2024-01-07,DEV_00044,1.08
2024-01-14,DEV_00194,40.21
2024-01-18,DEV_00108,66.86
2024-01-10,DEV_00071,10.69
2024-01-30,DEV_00165,2.36
2024-01-17,DEV_00188,36.01
2024-01-13,DEV_00069,25.88
2024-01-22,DEV_00065,22.48
2024-01-19,DEV_00166,7.04
2024-01-21,DEV_00145,12.26
2024-01-23,DEV_00157,11.36
2024-01-22,DEV_00056,39.22
2024-01-10,DEV_00071,37.23
2024-01-24,DEV_00068,18.35
2024-01-20,DEV_00043,59.97
2024-01-12,DEV_00197,17.72
2024-01-21,DEV_00011,6.86
2024-01-21,DEV_00002,61.04
2024-01-19,DEV_00172,21.27
2024-01-04,DEV_00045,24.91
2024-01-21,DEV_00200,19.6
2024-01-23,DEV_00116,15
2024-01-18,DEV_00049,39.27
2024-01-10,DEV_00150,31.55
2024-01-21,DEV_00081,28.82
2024-01-30,DEV_00062,19.99
2024-01-30,DEV_00004,28.01
2024-01-29,DEV_00172,8.1
2024-01-24,DEV_00174,6.66
2024-01-21,DEV_00002,16.83
2024-01-05,DEV_00050,12.28
2024-01-15,DEV_00138,39.29
2024-01-22,DEV_00139,63.94
2024-01-13,DEV_00071,11.42
2024-01-19,DEV_00020,30.2
2024-01-06,DEV_00082,7.18
2024-01-31,DEV_00099,20.24
2024-01-03,DEV_00029,11.93
2024-01-30,DEV_00021,24.95
2024-01-29,DEV_00083,29.39
2024-01-22,DEV_00084,36.64
2024-01-16,DEV_00148,19.04
2024-01-31,DEV_00114,27.43
2024-01-15,DEV_00064,13.55
2024-01-03,DEV_00065,33.56
2024-01-21,DEV_00162,30.06
2024-01-26,DEV_00125,24.3
2024-01-22,DEV_00161,56.49
2024-01-28,DEV_00008,39.64
2024-01-24,DEV_00132,11.73
2024-01-18,DEV_00016,34.67
2024-01-11,DEV_00035,10.77
2024-01-14,DEV_00022,17.46
2024-01-18,DEV_00186,30.03
2024-01-17,DEV_00013,13.31
2024-01-30,DEV_00160,18.64
2024-01-25,DEV_00135,18.42
2024-01-16,DEV_00053,10.19
2024-01-12,DEV_00007,78.91
2024-01-11,DEV_00150,94.41
2024-01-12,DEV_00097,39.36
2024-01-02,DEV_00110,11.12
2024-01-20,DEV_00035,8.63
2024-01-25,DEV_00184,27.11
2024-01-25,DEV_00072,11.47
2024-01-24,DEV_00124,10.42
2024-01-16,DEV_00142,19.84
2024-01-17,DEV_00046,222.01
2024-01-05,DEV_00146,13.2
2024-01-21,DEV_00083,30.89
2024-01-22,DEV_00119,16.11
2024-01-03,DEV_00085,37.39
2024-01-17,DEV_00164,37.95
2024-01-24,DEV_00117,12.91
2024-01-11,DEV_00132,5.3
2024-01-03,DEV_00176,9.14
2024-01-16,DEV_00107,7.46
2024-01-23,DEV_00023,43
2024-01-22,DEV_00132,12.75
2024-01-24,DEV_00094,42.8
2024-01-24,DEV_00139,22.74
2024-01-05,DEV_00192,157.9
2024-01-09,DEV_00155,5.81
2024-01-08,DEV_00196,13.26
2024-01-25,DEV_00162,11.25
2024-01-11,DEV_00100,54.59
2024-01-07,DEV_00006,96.09
2024-01-26,DEV_00056,65.81
2024-01-14,DEV_00121,27.04
2024-01-08,DEV_00159,23.62
2024-01-28,DEV_00070,21.76
2024-01-29,DEV_00162,31.75
2024-01-01,DEV_00169,16.52
2024-01-03,DEV_00057,39.88
2024-01-17,DEV_00195,29
2024-01-07,DEV_00015,71.15
2024-01-29,DEV_00190,10.47
2024-01-08,DEV_00170,55.49
2024-01-07,DEV_00151,14.18
2024-01-12,DEV_00114,31.75
2024-01-28,DEV_00180,24.77
2024-01-19,DEV_00057,18.09
2024-01-13,DEV_00006,9.73
2024-01-08,DEV_00065,12.41
2024-01-07,DEV_00085,26.9
2024-01-21,DEV_00112,5.05
2024-01-26,DEV_00148,8.4
2024-01-25,DEV_00173,32.7
2024-01-10,DEV_00055,19
2024-01-20,DEV_00105,23.26
2024-01-08,DEV_00048,29.58
2024-01-26,DEV_00040,72.13
2024-01-17,DEV_00177,20.42
2024-01-03,DEV_00097,17.52
2024-01-14,DEV_00055,11.88
2024-01-08,DEV_00121,25.24
2024-01-20,DEV_00026,17.37
2024-01-14,DEV_00070,15.61
2024-01-12,DEV_00138,4.91
2024-01-04,DEV_00072,11.04
2024-01-27,DEV_00192,88.73
2024-01-27,DEV_00153,26.55
2024-01-19,DEV_00197,10.18
2024-01-23,DEV_00020,27.56
2024-01-26,DEV_00074,13.05
2024-01-25,DEV_00153,27.7
2024-01-10,DEV_00136,20.13
2024-01-06,DEV_00004,10.87
2024-01-25,DEV_00166,34.35
2024-01-20,DEV_00174,55.31
2024-01-03,DEV_00014,5.79
2024-01-19,DEV_00184,17.03
2024-01-31,DEV_00022,4.61
2024-01-14,DEV_00049,55.88
2024-01-08,DEV_00131,141.84
2024-01-25,DEV_00015,39.57
2024-01-20,DEV_00058,4.38
2024-01-26,DEV_00085,55.04
2024-01-15,DEV_00149,62.93
2024-01-16,DEV_00094,40.68
2024-01-06,DEV_00021,45.22
2024-01-26,DEV_00174,12.22
2024-01-24,DEV_00061,6.61
2024-01-06,DEV_00152,7.04
2024-01-21,DEV_00167,43.95
2024-01-23,DEV_00194,17.14
2024-01-16,DEV_00164,20.8
2024-01-14,DEV_00068,9.16
2024-01-03,DEV_00104,5.93
2024-01-17,DEV_00150,74.44
2024-01-01,DEV_00045,9.63
2024-01-09,DEV_00118,19.8
2024-01-30,DEV_00146,21.12
2024-01-27,DEV_00186,16.27
2024-01-07,DEV_00081,29.36
2024-01-09,DEV_00038,12.36
2024-01-29,DEV_00186,46.57
2024-01-11,DEV_00184,18.58
2024-01-17,DEV_00198,2.84
2024-01-27,DEV_00098,19.84
2024-01-23,DEV_00044,28.11
2024-01-23,DEV_00026,25.54
2024-01-03,DEV_00079,22.72
2024-01-23,DEV_00031,25.52
2024-01-27,DEV_00167,42.76
2024-01-18,DEV_00046,29.23
2024-01-17,DEV_00142,33.74
2024-01-12,DEV_00062,17.65
2024-01-21,DEV_00189,19.89
2024-01-25,DEV_00002,7.8
2024-01-19,DEV_00026,29.47
2024-01-27,DEV_00080,59.96
2024-01-10,DEV_00018,18.05
2024-01-04,DEV_00045,20.76
2024-01-01,DEV_00170,10.79
2024-01-06,DEV_00078,13.69
2024-01-31,DEV_00095,10.25
2024-01-26,DEV_00035,30.98
2024-01-27,DEV_00092,5.49
2024-01-16,DEV_00023,43.97
2024-01-10,DEV_00129,35.63
2024-01-20,DEV_00066,15.11
2024-01-10,DEV_00137,36.18
2024-01-24,DEV_00021,44.24
2024-01-04,DEV_00014,82.57
2024-01-27,DEV_00093,15.55
2024-01-14,DEV_00036,51.2
2024-01-29,DEV_00197,12.77
2024-01-01,DEV_00181,18.06
2024-01-11,DEV_00115,21.25
2024-01-23,DEV_00126,53.07
2024-01-29,DEV_00161,41.77
2024-01-08,DEV_00140,4.27
2024-01-15,DEV_00187,26.7
2024-01-10,DEV_00002,23.96
2024-01-09,DEV_00186,21.65
2024-01-07,DEV_00072,5.46
2024-01-19,DEV_00074,16.82
2024-01-03,DEV_00125,34.69
2024-01-01,DEV_00177,24.38
2024-01-29,DEV_00032,27.36
2024-01-09,DEV_00053,71.67
2024-01-28,DEV_00033,47.35
2024-01-16,DEV_00050,16.33
2024-01-08,DEV_00006,41.99
2024-01-06,DEV_00098,28.08
2024-01-25,DEV_00103,19.16
2024-01-09,DEV_00046,6.08
2024-01-28,DEV_00113,5.07
2024-01-18,DEV_00200,16.05
2024-01-12,DEV_00024,51.68
2024-01-14,DEV_00003,7.91
2024-01-04,DEV_00082,30.45
2024-01-25,DEV_00092,6.22
2024-01-24,DEV_00160,46.58
2024-01-25,DEV_00079,2.51
2024-01-19,DEV_00096,19.25
2024-01-11,DEV_00130,17.59
2024-01-17,DEV_00121,16.05
2024-01-08,DEV_00012,447.12
2024-01-26,DEV_00091,20.44
2024-01-07,DEV_00065,57.09
2024-01-08,DEV_00157,25.93
2024-01-05,DEV_00021,42.74
2024-01-18,DEV_00016,19.2
2024-01-27,DEV_00092,15.06
2024-01-14,DEV_00086,14.98
2024-01-06,DEV_00135,5.65
2024-01-01,DEV_00116,34.01
2024-01-24,DEV_00020,15.16
2024-01-20,DEV_00001,26.51
2024-01-19,DEV_00127,20.2
2024-01-07,DEV_00159,12.72
2024-01-15,DEV_00092,35.1
2024-01-20,DEV_00165,44.18
2024-01-30,DEV_00096,7.75
2024-01-27,DEV_00140,16.7
2024-01-23,DEV_00020,20.09
2024-01-22,DEV_00051,29.58
2024-01-01,DEV_00146,26.79
2024-01-08,DEV_00042,33.6
2024-01-06,DEV_00061,10
2024-01-09,DEV_00058,9.17
2024-01-25,DEV_00150,10.39
2024-01-08,DEV_00095,14.11
2024-01-26,DEV_00091,13.07
2024-01-20,DEV_00055,17.54
2024-01-09,DEV_00097,64.96
2024-01-08,DEV_00148,13.6
2024-01-17,DEV_00064,21.3
2024-01-12,DEV_00116,6.1
2024-01-19,DEV_00009,12.05
2024-01-14,DEV_00001,14.07
2024-01-06,DEV_00065,7.52
2024-01-23,DEV_00057,9.08
2024-01-20,DEV_00155,93.25
2024-01-01,DEV_00122,8.54
2024-01-10,DEV_00112,3.1
2024-01-02,DEV_00102,22.78
2024-01-27,DEV_00100,9.49
2024-01-18,DEV_00067,21.19
2024-01-28,DEV_00148,10.78
2024-01-05,DEV_00045,28.67
2024-01-24,DEV_00003,21.32
2024-01-03,DEV_00049,43.31
2024-01-18,DEV_00082,59.48
2024-01-24,DEV_00141,15.65
2024-01-07,DEV_00198,53.17
2024-01-06,DEV_00193,23.91
2024-01-27,DEV_00134,60.22
2024-01-28,DEV_00030,32.85
2024-01-16,DEV_00187,5.31
2024-01-13,DEV_00117,18.5
2024-01-19,DEV_00111,50.56
2024-01-27,DEV_00063,2.08
2024-01-23,DEV_00184,9.29
2024-01-03,DEV_00140,34.35
2024-01-04,DEV_00164,5.1
2024-01-06,DEV_00057,36.56
2024-01-29,DEV_00091,34.72
2024-01-24,DEV_00065,4.3
2024-01-17,DEV_00120,75.29
2024-01-16,DEV_00072,29.91
2024-01-22,DEV_00196,89.14
2024-01-26,DEV_00174,31.75
2024-01-29,DEV_00109,74.86
2024-01-23,DEV_00086,16.95
2024-01-26,DEV_00189,37.54
2024-01-07,DEV_00125,15.43
2024-01-25,DEV_00143,19.56
2024-01-30,DEV_00127,8.84
2024-01-05,DEV_00090,14.12
2024-01-06,DEV_00110,16.55
2024-01-17,DEV_00111,13.19
2024-01-08,DEV_00122,41.87
2024-01-20,DEV_00178,25.98
2024-01-23,DEV_00126,41.79
2024-01-14,DEV_00056,30.98
2024-01-25,DEV_00148,12.59
2024-01-23,DEV_00096,33.68
2024-01-23,DEV_00183,21.13
2024-01-27,DEV_00131,5.07
2024-01-06,DEV_00051,12.39
2024-01-04,DEV_00154,42.57
2024-01-07,DEV_00077,33.78
2024-01-17,DEV_00054,12.42
2024-01-24,DEV_00148,5.32
2024-01-08,DEV_00004,43.71
2024-01-08,DEV_00056,25.45
2024-01-17,DEV_00033,14.43
2024-01-19,DEV_00052,12.25
2024-01-02,DEV_00117,30.02
2024-01-15,DEV_00004,16.92
2024-01-20,DEV_00058,16.74
2024-01-16,DEV_00198,27.14
2024-01-20,DEV_00092,25.09
2024-01-11,DEV_00116,9.55
2024-01-06,DEV_00111,13.57
2024-01-06,DEV_00105,7.46
2024-01-29,DEV_00012,25.71
2024-01-20,DEV_00120,47.85
2024-01-21,DEV_00077,12.34
2024-01-04,DEV_00057,7.28
2024-01-30,DEV_00073,18.14
2024-01-21,DEV_00176,7.66
2024-01-08,DEV_00103,36.3
2024-01-10,DEV_00068,60.54
2024-01-29,DEV_00119,76.85
2024-01-28,DEV_00031,42.18
2024-01-15,DEV_00193,14.06
2024-01-12,DEV_00093,35.76
2024-01-09,DEV_00012,44.12
2024-01-24,DEV_00141,51.41
2024-01-06,DEV_00137,16.72
2024-01-18,DEV_00025,10.16
2024-01-04,DEV_00038,9.15
2024-01-19,DEV_00198,299.32
2024-01-01,DEV_00184,12.74
2024-01-16,DEV_00039,13.64
2024-01-12,DEV_00195,22.03
2024-01-29,DEV_00133,61.56
2024-01-04,DEV_00081,16.25
2024-01-16,DEV_00099,17.93
2024-01-03,DEV_00016,19.92
2024-01-14,DEV_00166,42.9
2024-01-28,DEV_00114,22.56
2024-01-27,DEV_00060,6.16
2024-01-04,DEV_00152,12.58
2024-01-12,DEV_00190,4.42
2024-01-14,DEV_00012,14.61
2024-01-02,DEV_00166,69.25
2024-01-02,DEV_00152,14.56
2024-01-09,DEV_00154,29.26
2024-01-09,DEV_00185,4.78
2024-01-08,DEV_00144,69.44
2024-01-16,DEV_00124,5.09
2024-01-26,DEV_00096,16.69
2024-01-27,DEV_00016,18.37
2024-01-11,DEV_00001,23.16
2024-01-18,DEV_00017,13.64
2024-01-04,DEV_00158,13.94
2024-01-22,DEV_00196,19.8
2024-01-31,DEV_00141,15.16
2024-01-26,DEV_00185,28.28
2024-01-29,DEV_00129,80.14
2024-01-11,DEV_00003,21.86
2024-01-21,DEV_00018,8.68
2024-01-09,DEV_00159,22.86
2024-01-30,DEV_00093,21.61
2024-01-03,DEV_00076,27.93
2024-01-23,DEV_00044,24.52
2024-01-09,DEV_00112,17.38
2024-01-29,DEV_00137,24.79
2024-01-26,DEV_00090,19.55
2024-01-31,DEV_00058,19.96
2024-01-18,DEV_00150,23.2
2024-01-12,DEV_00153,101.24
2024-01-27,DEV_00141,2.75
2024-01-26,DEV_00187,13.46
2024-01-24,DEV_00056,82.84
2024-01-14,DEV_00196,56.79
2024-01-21,DEV_00165,8.28
2024-01-25,DEV_00034,12.99
2024-01-06,DEV_00158,44.01
2024-01-24,DEV_00175,31.07
2024-01-17,DEV_00174,19.41
2024-01-24,DEV_00034,101.53
2024-01-20,DEV_00154,39.23
2024-01-26,DEV_00112,9.73
2024-01-29,DEV_00175,10.45
2024-01-05,DEV_00133,25.21
2024-01-26,DEV_00115,16.02
2024-01-18,DEV_00166,5.93
2024-01-10,DEV_00146,17.15
2024-01-08,DEV_00143,17.39
2024-01-12,DEV_00106,24.31
2024-01-25,DEV_00062,9.26
2024-01-31,DEV_00092,33.19
2024-01-26,DEV_00036,37.36
2024-01-17,DEV_00109,39.62
2024-01-11,DEV_00076,52.93
2024-01-26,DEV_00108,7.71
2024-01-27,DEV_00069,32.71
2024-01-11,DEV_00094,120.31
2024-01-25,DEV_00026,9.51
2024-01-24,DEV_00172,11.95
2024-01-24,DEV_00128,36.47
2024-01-06,DEV_00158,34.53
2024-01-21,DEV_00143,4.33
2024-01-25,DEV_00075,14.68
2024-01-03,DEV_00068,9.61
2024-01-25,DEV_00015,9.35
2024-01-28,DEV_00108,15.22
2024-01-17,DEV_00185,25.49
2024-01-19,DEV_00098,12.93
2024-01-12,DEV_00069,75.34
2024-01-17,DEV_00052,25.18
2024-01-17,DEV_00120,23.31
2024-01-15,DEV_00146,21.27
2024-01-12,DEV_00171,12.54
2024-01-11,DEV_00021,5.3
2024-01-14,DEV_00132,6.54
2024-01-07,DEV_00009,29.96
2024-01-18,DEV_00039,23.26
2024-01-03,DEV_00021,6.27
2024-01-21,DEV_00182,24.45
2024-01-29,DEV_00128,25.94
2024-01-17,DEV_00159,20.37
2024-01-17,DEV_00094,13.1
2024-01-28,DEV_00113,9.2
2024-01-13,DEV_00105,17.99
2024-01-07,DEV_00108,21.3
2024-01-12,DEV_00156,40.4
2024-01-31,DEV_00114,20.22
2024-01-22,DEV_00076,47.61
2024-01-09,DEV_00150,21.78
2024-01-24,DEV_00122,32.45
2024-01-12,DEV_00043,7.93
2024-01-08,DEV_00172,8.36
2024-01-10,DEV_00103,10.91
2024-01-22,DEV_00077,15.07
2024-01-17,DEV_00165,9.45
2024-01-23,DEV_00161,118.82
2024-01-14,DEV_00093,27.67
2024-01-18,DEV_00066,15.78
2024-01-22,DEV_00065,16
2024-01-08,DEV_00104,15.5
2024-01-21,DEV_00117,200.22
2024-01-10,DEV_00004,6.55
2024-01-08,DEV_00094,21.04
2024-01-26,DEV_00130,48.79
2024-01-23,DEV_00141,24.32
2024-01-23,DEV_00163,15.65
2024-01-10,DEV_00090,13.67
2024-01-11,DEV_00130,13.43
2024-01-01,DEV_00037,11.51
2024-01-23,DEV_00067,9.39
2024-01-28,DEV_00186,18.24
2024-01-26,DEV_00185,44.58
2024-01-14,DEV_00065,25.66
2024-01-02,DEV_00032,16.04
2024-01-06,DEV_00005,18.1
2024-01-19,DEV_00072,6.85
2024-01-22,DEV_00128,18.87
2024-01-22,DEV_00110,27.04
2024-01-16,DEV_00184,5.59
2024-01-13,DEV_00126,22.59
2024-01-03,DEV_00131,10.51
2024-01-13,DEV_00138,53.06
2024-01-20,DEV_00108,5.9
2024-01-06,DEV_00050,10
2024-01-18,DEV_00125,11.41
2024-01-24,DEV_00043,16.93
2024-01-30,DEV_00167,14.61
2024-01-09,DEV_00092,23.76
2024-01-30,DEV_00046,47.42
2024-01-12,DEV_00092,17.86
2024-01-10,DEV_00003,10.21
2024-01-01,DEV_00116,13.12
2024-01-19,DEV_00076,19.78
2024-01-18,DEV_00124,65.2
2024-01-25,DEV_00113,9.48
2024-01-07,DEV_00079,73.35
2024-01-20,DEV_00099,37.55
2024-01-02,DEV_00084,31.01
2024-01-22,DEV_00097,18.66
2024-01-22,DEV_00021,13.58
2024-01-03,DEV_00117,5.57
2024-01-31,DEV_00082,20.99
2024-01-24,DEV_00136,13.28
2024-01-17,DEV_00173,36.21
2024-01-21,DEV_00014,18.51
2024-01-31,DEV_00013,41.45
2024-01-22,DEV_00192,9.73
2024-01-03,DEV_00033,28.02
2024-01-16,DEV_00019,12.29
2024-01-04,DEV_00033,10.05
2024-01-29,DEV_00090,20.14
2024-01-19,DEV_00128,17.72
2024-01-15,DEV_00048,22.84
2024-01-05,DEV_00062,55.05
2024-01-02,DEV_00080,23.13
2024-01-12,DEV_00047,18.47
2024-01-13,DEV_00108,13.54
2024-01-30,DEV_00008,5.94
2024-01-01,DEV_00181,52.12
2024-01-17,DEV_00177,72.04
2024-01-08,DEV_00124,11.65
2024-01-27,DEV_00116,17.75
2024-01-12,DEV_00061,65.38
2024-01-25,DEV_00034,14.88
2024-01-27,DEV_00178,11.74
2024-01-28,DEV_00050,19.15
2024-01-20,DEV_00120,33.91
2024-01-18,DEV_00066,23.98
2024-01-30,DEV_00050,13.85
2024-01-04,DEV_00012,15.77
2024-01-31,DEV_00148,9.69
2024-01-19,DEV_00107,8.28
2024-01-29,DEV_00106,13.96
2024-01-12,DEV_00123,27.21
2024-01-31,DEV_00193,14.45
2024-01-14,DEV_00120,52.75
2024-01-21,DEV_00089,44.18
2024-01-08,DEV_00199,16.51
2024-01-06,DEV_00110,20.55
2024-01-12,DEV_00143,30.71
2024-01-23,DEV_00112,15.63
2024-01-19,DEV_00122,27.89
2024-01-04,DEV_00120,6.44
2024-01-30,DEV_00066,71.1
2024-01-07,DEV_00044,22.78
2024-01-06,DEV_00099,39.58
2024-01-30,DEV_00117,14.01
2024-01-06,DEV_00147,44.09
2024-01-03,DEV_00075,8.41
2024-01-06,DEV_00003,4.54
2024-01-24,DEV_00152,13.39
2024-01-17,DEV_00066,35.94
2024-01-12,DEV_00084,56.54
2024-01-01,DEV_00182,11.58
2024-01-27,DEV_00130,12.22
2024-01-30,DEV_00181,8.43
2024-01-14,DEV_00137,352.8
2024-01-10,DEV_00097,89.18
2024-01-21,DEV_00062,21.1
2024-01-29,DEV_00160,77.2
2024-01-09,DEV_00196,17.58
2024-01-23,DEV_00038,24.03
2024-01-13,DEV_00018,20.68
2024-01-01,DEV_00012,10.42
2024-01-07,DEV_00068,33.75
2024-01-11,DEV_00061,40.38
2024-01-21,DEV_00196,18.71
2024-01-01,DEV_00086,25.15
2024-01-10,DEV_00193,16.1
2024-01-08,DEV_00010,15.45
2024-01-10,DEV_00052,36.78
2024-01-24,DEV_00156,9.64
2024-01-06,DEV_00093,14.13
2024-01-14,DEV_00110,9.24
2024-01-30,DEV_00172,23.31
2024-01-03,DEV_00089,66.87
2024-01-26,DEV_00103,15.39
2024-01-14,DEV_00007,36.23
2024-01-21,DEV_00062,37.93
2024-01-02,DEV_00129,9.89
2024-01-31,DEV_00109,14.91
2024-01-30,DEV_00166,14.66
2024-01-26,DEV_00001,9.36
2024-01-07,DEV_00023,36.21
2024-01-22,DEV_00176,63.3
2024-01-19,DEV_00114,9.48
2024-01-06,DEV_00184,3.43
2024-01-13,DEV_00097,14.03
2024-01-05,DEV_00106,58.06
2024-01-18,DEV_00199,15.83
2024-01-22,DEV_00026,23.62
2024-01-07,DEV_00064,12.88
2024-01-26,DEV_00194,6.29
2024-01-01,DEV_00145,14
2024-01-10,DEV_00187,56.81
2024-01-09,DEV_00015,115.98
2024-01-08,DEV_00169,47.1
2024-01-04,DEV_00117,13.89
2024-01-21,DEV_00083,15.24
2024-01-06,DEV_00033,16.98
2024-01-20,DEV_00031,14.48
2024-01-01,DEV_00113,10.73
2024-01-09,DEV_00132,16.07
2024-01-19,DEV_00149,41.49
2024-01-15,DEV_00012,18.21
2024-01-19,DEV_00083,15.33
2024-01-02,DEV_00132,6.61
2024-01-05,DEV_00092,31.33
2024-01-21,DEV_00101,19.78
2024-01-15,DEV_00027,6.03
2024-01-01,DEV_00077,6.61
2024-01-09,DEV_00196,20.19
2024-01-22,DEV_00064,18.82
2024-01-07,DEV_00120,23.23
2024-01-05,DEV_00008,53.88
2024-01-04,DEV_00176,61.15
2024-01-18,DEV_00198,21.43
2024-01-09,DEV_00087,22.65
2024-01-05,DEV_00150,11.17
2024-01-01,DEV_00116,25.11
2024-01-07,DEV_00176,44.08
2024-01-11,DEV_00143,31.1
2024-01-26,DEV_00017,28.61
2024-01-08,DEV_00098,17.74
2024-01-22,DEV_00006,5.82
2024-01-15,DEV_00075,11.64
2024-01-29,DEV_00181,32.54
2024-01-03,DEV_00105,12.58
2024-01-25,DEV_00094,18.27
2024-01-05,DEV_00053,28.45
2024-01-22,DEV_00191,9.51
2024-01-04,DEV_00125,41.46
2024-01-24,DEV_00160,6.1
2024-01-05,DEV_00108,17.29
2024-01-06,DEV_00019,22.55
2024-01-14,DEV_00081,9.19
2024-01-08,DEV_00138,37.14
2024-01-20,DEV_00143,77.87
2024-01-23,DEV_00128,5.72
2024-01-08,DEV_00044,54.13
2024-01-14,DEV_00068,64.65
2024-01-02,DEV_00067,73.73
2024-01-05,DEV_00066,12.08
2024-01-07,DEV_00005,4.67
2024-01-14,DEV_00200,29.23
2024-01-10,DEV_00137,30.87
2024-01-29,DEV_00073,44.13
2024-01-27,DEV_00179,32.26
2024-01-29,DEV_00170,33.79
2024-01-27,DEV_00128,18.63
2024-01-31,DEV_00010,36.16
2024-01-14,DEV_00149,7.04
2024-01-04,DEV_00159,16.45
2024-01-20,DEV_00155,9.62
2024-01-27,DEV_00159,12.15
2024-01-23,DEV_00083,39.39
2024-01-30,DEV_00093,39.67
2024-01-25,DEV_00056,29.27
2024-01-23,DEV_00162,6.35
2024-01-13,DEV_00122,18.19
2024-01-14,DEV_00109,30.19
2024-01-19,DEV_00076,8.81
2024-01-14,DEV_00121,12.13
2024-01-27,DEV_00155,14.77
2024-01-27,DEV_00181,116.34
2024-01-24,DEV_00106,83.96
2024-01-12,DEV_00146,5.07
2024-01-23,DEV_00170,56
2024-01-08,DEV_00170,12.07
2024-01-14,DEV_00040,17.37
2024-01-11,DEV_00157,16.64
2024-01-04,DEV_00115,108.5
2024-01-26,DEV_00154,16.19
2024-01-24,DEV_00075,9.02
2024-01-22,DEV_00129,8.15
2024-01-16,DEV_00101,106.13
2024-01-04,DEV_00176,41.06
2024-01-31,DEV_00164,73.23
2024-01-18,DEV_00200,20.46
2024-01-29,DEV_00088,18.69
2024-01-02,DEV_00190,11.17
2024-01-21,DEV_00029,56.77
2024-01-02,DEV_00115,16.92
2024-01-21,DEV_00151,6.78
2024-01-29,DEV_00153,13.21
2024-01-05,DEV_00200,32.59
2024-01-25,DEV_00187,12.98
2024-01-28,DEV_00102,14.47
2024-01-31,DEV_00018,14.72
2024-01-21,DEV_00003,12.32
2024-01-09,DEV_00184,32.9
2024-01-15,DEV_00130,13.46
2024-01-26,DEV_00042,25.36
2024-01-08,DEV_00163,21.73
2024-01-29,DEV_00142,62.92
2024-01-31,DEV_00046,4.82
2024-01-20,DEV_00032,17.78
2024-01-04,DEV_00133,15.6
2024-01-29,DEV_00043,28.47
2024-01-09,DEV_00114,14.77
2024-01-24,DEV_00179,24.06
2024-01-03,DEV_00165,10.94
2024-01-24,DEV_00147,24.32
2024-01-26,DEV_00027,18.76
2024-01-05,DEV_00174,60.72
2024-01-17,DEV_00126,12.95
2024-01-23,DEV_00154,24.1
2024-01-13,DEV_00153,19.64
2024-01-01,DEV_00126,30.53
2024-01-21,DEV_00131,23.16
2024-01-02,DEV_00165,21.78
2024-01-20,DEV_00093,51.26
2024-01-30,DEV_00123,37.03
2024-01-20,DEV_00096,40.53
2024-01-07,DEV_00093,20.25
2024-01-24,DEV_00003,12.99
2024-01-29,DEV_00078,11.62
2024-01-26,DEV_00164,17.88
2024-01-15,DEV_00117,17.59
2024-01-28,DEV_00054,43.73
2024-01-29,DEV_00008,2.92
2024-01-07,DEV_00121,12.24
2024-01-22,DEV_00124,8.48
2024-01-16,DEV_00065,30
2024-01-13,DEV_00088,10.33
2024-01-01,DEV_00125,33.18
2024-01-13,DEV_00181,7.42
2024-01-14,DEV_00066,6.1
2024-01-29,DEV_00092,13.78
2024-01-19,DEV_00167,33.14
2024-01-26,DEV_00009,53.53
2024-01-28,DEV_00191,16.76
2024-01-03,DEV_00192,67.28
2024-01-19,DEV_00170,12.62
2024-01-09,DEV_00172,2.87
2024-01-08,DEV_00185,17.99
2024-01-16,DEV_00048,44.19
2024-01-16,DEV_00116,22.6
2024-01-23,DEV_00101,82.08
2024-01-26,DEV_00169,9.93
2024-01-01,DEV_00115,37.19
2024-01-26,DEV_00165,12.71
2024-01-04,DEV_00131,8.76
2024-01-27,DEV_00058,15.8
2024-01-03,DEV_00098,23.18
2024-01-21,DEV_00002,18.69
2024-01-26,DEV_00031,20.59
2024-01-19,DEV_00016,17
2024-01-04,DEV_00053,102.94
2024-01-19,DEV_00003,28.63
2024-01-13,DEV_00017,33
2024-01-18,DEV_00097,15.78
2024-01-30,DEV_00045,8.35
2024-01-16,DEV_00035,9.3
2024-01-17,DEV_00112,69.39
2024-01-20,DEV_00006,20.27
2024-01-29,DEV_00093,26.27
2024-01-23,DEV_00063,10.06
2024-01-15,DEV_00093,11.89
2024-01-08,DEV_00156,10.39
2024-01-09,DEV_00100,30.4
2024-01-08,DEV_00091,5.69
2024-01-29,DEV_00042,49.24
2024-01-21,DEV_00039,14.26
2024-01-21,DEV_00011,27.54
2024-01-23,DEV_00121,3.73
2024-01-02,DEV_00148,37.74
2024-01-30,DEV_00096,12.7
2024-01-11,DEV_00078,20.56
2024-01-27,DEV_00200,22.57
2024-01-02,DEV_00097,27.73
2024-01-01,DEV_00054,9.51
2024-01-29,DEV_00032,3.83
2024-01-04,DEV_00193,19.25
2024-01-21,DEV_00184,11.27
2024-01-14,DEV_00101,16.18
2024-01-17,DEV_00115,58.79
2024-01-01,DEV_00009,23.6
2024-01-23,DEV_00112,45.97
2024-01-01,DEV_00052,20.86
2024-01-22,DEV_00106,9.45
2024-01-11,DEV_00128,17.38
2024-01-05,DEV_00191,8.21
2024-01-12,DEV_00049,4.14
2024-01-06,DEV_00177,7.54
2024-01-14,DEV_00081,11.38
2024-01-10,DEV_00075,15.42
2024-01-17,DEV_00078,50.66
2024-01-30,DEV_00129,10.64
2024-01-04,DEV_00154,15.02
2024-01-05,DEV_00101,41.31
2024-01-03,DEV_00104,11.99
2024-01-29,DEV_00180,22.14
2024-01-07,DEV_00160,15.07
2024-01-23,DEV_00113,9.3
2024-01-10,DEV_00047,22.49
2024-01-02,DEV_00146,23.72
2024-01-07,DEV_00021,18.99
2024-01-20,DEV_00048,23.99
2024-01-11,DEV_00017,29.72
2024-01-07,DEV_00122,104.17
2024-01-05,DEV_00170,79.29
2024-01-03,DEV_00026,23.64
2024-01-26,DEV_00147,47.09
2024-01-15,DEV_00196,16.38
2024-01-11,DEV_00101,25.94
2024-01-20,DEV_00121,6.94
2024-01-22,DEV_00065,19.57
2024-01-23,DEV_00145,40.95
2024-01-05,DEV_00104,28.58
2024-01-08,DEV_00183,92.18
2024-01-15,DEV_00186,106.38
2024-01-14,DEV_00054,8.19
2024-01-01,DEV_00028,21.84
2024-01-05,DEV_00030,16.23
2024-01-03,DEV_00107,32.04
2024-01-17,DEV_00181,21.63
2024-01-13,DEV_00059,35.34
2024-01-20,DEV_00060,43.92
2024-01-05,DEV_00027,15.21
2024-01-27,DEV_00191,106.87
2024-01-07,DEV_00154,14.6
2024-01-01,DEV_00046,44.57
2024-01-04,DEV_00190,28.79
2024-01-13,DEV_00001,26.87
2024-01-24,DEV_00096,77.82
2024-01-04,DEV_00132,4.17
2024-01-15,DEV_00119,26.24
2024-01-23,DEV_00044,17.72
2024-01-03,DEV_00084,7.47
2024-01-23,DEV_00159,43.35
2024-01-19,DEV_00028,75.75
2024-01-23,DEV_00137,7.64
2024-01-22,DEV_00132,13.96
2024-01-23,DEV_00025,12.56
2024-01-19,DEV_00148,119.16
2024-01-27,DEV_00059,14.67
2024-01-11,DEV_00070,15.74
2024-01-02,DEV_00005,37.15
2024-01-05,DEV_00152,5.71
2024-01-23,DEV_00168,6.39
2024-01-05,DEV_00192,36.86
2024-01-22,DEV_00051,29.91
2024-01-14,DEV_00040,35.03
2024-01-04,DEV_00017,24.45
2024-01-06,DEV_00168,33.57
2024-01-31,DEV_00098,118.48
2024-01-14,DEV_00091,5.76
2024-01-15,DEV_00076,27.81
2024-01-19,DEV_00092,15.56
2024-01-15,DEV_00084,31.72
2024-01-17,DEV_00011,20.59
2024-01-03,DEV_00041,10.3
2024-01-02,DEV_00006,27.41
2024-01-04,DEV_00088,13.83
2024-01-01,DEV_00196,47.25
2024-01-12,DEV_00076,14.46
2024-01-06,DEV_00083,68.66
2024-01-30,DEV_00095,17.88
2024-01-17,DEV_00094,13.4
2024-01-01,DEV_00170,27.76
2024-01-19,DEV_00158,38.77
2024-01-13,DEV_00056,20.41
2024-01-25,DEV_00158,46.42
2024-01-01,DEV_00098,33
2024-01-04,DEV_00151,24
2024-01-21,DEV_00097,28.65
2024-01-12,DEV_00100,7.01
2024-01-07,DEV_00064,19.79
2024-01-31,DEV_00185,36.32
2024-01-03,DEV_00090,32.49
2024-01-03,DEV_00086,17.99
2024-01-24,DEV_00078,38.56
2024-01-07,DEV_00005,28.53
2024-01-31,DEV_00111,76.51
2024-01-26,DEV_00163,36.35
2024-01-13,DEV_00178,9.27
2024-01-11,DEV_00095,25.45
2024-01-29,DEV_00111,37.51
2024-01-13,DEV_00142,65.67
2024-01-17,DEV_00191,38.26
2024-01-04,DEV_00045,22.72
2024-01-05,DEV_00035,54.58
2024-01-04,DEV_00147,22.65
2024-01-12,DEV_00049,31.07
2024-01-20,DEV_00179,71.25
2024-01-10,DEV_00198,43.14
2024-01-08,DEV_00117,20.66
2024-01-19,DEV_00083,31.88
2024-01-23,DEV_00107,13.3
2024-01-26,DEV_00050,24.29
2024-01-07,DEV_00184,16.64
2024-01-01,DEV_00007,15.86
2024-01-11,DEV_00126,7.09
2024-01-25,DEV_00017,47.55
2024-01-31,DEV_00007,6.83
2024-01-05,DEV_00100,32.91
2024-01-27,DEV_00087,14.14
2024-01-13,DEV_00116,20.36
2024-01-15,DEV_00054,11.09
2024-01-18,DEV_00040,7.14
2024-01-25,DEV_00048,21.15
2024-01-10,DEV_00053,88.81
2024-01-14,DEV_00106,59.67
2024-01-18,DEV_00037,73.32
2024-01-05,DEV_00084,3.12
2024-01-01,DEV_00149,6.22
2024-01-24,DEV_00167,23.2
2024-01-01,DEV_00095,43.94
2024-01-03,DEV_00091,65.8
2024-01-29,DEV_00018,15.79
2024-01-05,DEV_00106,22.81
2024-01-22,DEV_00006,19.4
2024-01-24,DEV_00086,11.12
2024-01-06,DEV_00042,19.37
2024-01-09,DEV_00003,53.13
2024-01-28,DEV_00148,63.89
2024-01-19,DEV_00061,37.18
2024-01-27,DEV_00058,9.04
2024-01-24,DEV_00036,28.87
2024-01-17,DEV_00049,20.49
2024-01-19,DEV_00118,13.51
2024-01-11,DEV_00112,15.54
2024-01-08,DEV_00001,20.71
2024-01-14,DEV_00023,17.05
2024-01-09,DEV_00136,4.68
2024-01-20,DEV_00096,30.02
2024-01-20,DEV_00008,5.25
2024-01-28,DEV_00099,10.68
2024-01-06,DEV_00121,5.8
2024-01-07,DEV_00017,14.9
2024-01-03,DEV_00083,25.2
2024-01-05,DEV_00059,23.39
2024-01-11,DEV_00140,23.71
2024-01-02,DEV_00032,26.63
2024-01-01,DEV_00061,26.43
2024-01-17,DEV_00003,11.51
2024-01-26,DEV_00157,3.16
2024-01-16,DEV_00153,18.66
2024-01-22,DEV_00146,19.43
2024-01-19,DEV_00121,9.86
2024-01-04,DEV_00130,31.83
2024-01-20,DEV_00147,19.32
2024-01-26,DEV_00071,20.22
2024-01-29,DEV_00012,13.44
2024-01-20,DEV_00120,36.7
2024-01-09,DEV_00023,28.13
2024-01-06,DEV_00179,47.44
2024-01-25,DEV_00108,35.18
2024-01-30,DEV_00117,5.36
2024-01-29,DEV_00046,30.71
2024-01-10,DEV_00030,38.95
2024-01-24,DEV_00149,8.33
2024-01-27,DEV_00053,85.12
2024-01-22,DEV_00111,41.31
2024-01-19,DEV_00193,56.81
2024-01-13,DEV_00095,47.69
2024-01-16,DEV_00028,34.72
2024-01-25,DEV_00198,35.03
2024-01-22,DEV_00152,8.23
2024-01-27,DEV_00071,23.79
2024-01-10,DEV_00036,18.94
2024-01-08,DEV_00136,38.32
2024-01-25,DEV_00089,18.39
2024-01-17,DEV_00112,31.13
2024-01-16,DEV_00158,60.87
2024-01-25,DEV_00031,39.05
2024-01-28,DEV_00029,25.72
2024-01-17,DEV_00034,19.02
2024-01-31,DEV_00058,98.6
2024-01-20,DEV_00037,2.53
2024-01-02,DEV_00171,24.02
2024-01-07,DEV_00110,31.26
2024-01-05,DEV_00152,10.61
2024-01-14,DEV_00026,66.41
2024-01-03,DEV_00149,10.51
2024-01-07,DEV_00040,18.44
2024-01-30,DEV_00196,75.48
2024-01-04,DEV_00120,13.57
2024-01-22,DEV_00010,56.5
2024-01-24,DEV_00009,24.13
2024-01-29,DEV_00041,30.82
2024-01-05,DEV_00082,12.91
2024-01-31,DEV_00024,26.09
2024-01-18,DEV_00011,20.89
2024-01-13,DEV_00066,25.21
2024-01-16,DEV_00174,25.43
2024-01-07,DEV_00123,7.45
2024-01-04,DEV_00193,9.09
2024-01-15,DEV_00124,17.16
2024-01-27,DEV_00143,11.77
2024-01-23,DEV_00148,29.85
2024-01-07,DEV_00054,76.83
2024-01-04,DEV_00163,19.77
2024-01-29,DEV_00001,21.65
2024-01-22,DEV_00059,17.14
2024-01-02,DEV_00033,7.53
2024-01-31,DEV_00073,20.47
2024-01-27,DEV_00179,53.52
2024-01-27,DEV_00080,14.11
2024-01-16,DEV_00049,15.45
2024-01-11,DEV_00122,19.76
2024-01-15,DEV_00197,21.64
2024-01-17,DEV_00114,21.65
2024-01-11,DEV_00093,37.16
2024-01-20,DEV_00041,59.47
2024-01-18,DEV_00011,19.55
2024-01-12,DEV_00195,20.25
2024-01-30,DEV_00058,11.57
2024-01-07,DEV_00014,4.79
2024-01-15,DEV_00049,50.88
2024-01-19,DEV_00183,11.14
2024-01-10,DEV_00020,9.12
2024-01-11,DEV_00180,5.1
2024-01-28,DEV_00122,107.89
2024-01-08,DEV_00195,13.75
2024-01-09,DEV_00086,11.62
2024-01-11,DEV_00056,26.62
2024-01-13,DEV_00130,37.69
2024-01-19,DEV_00197,40.1
2024-01-28,DEV_00057,37.99
2024-01-04,DEV_00052,11.59
2024-01-10,DEV_00005,34.94
2024-01-11,DEV_00178,6.91
2024-01-12,DEV_00063,31.58
2024-01-19,DEV_00062,34.61
2024-01-22,DEV_00071,8.66
2024-01-08,DEV_00171,9.81
2024-01-05,DEV_00071,13.26
2024-01-03,DEV_00033,9.37
2024-01-06,DEV_00018,18.58
2024-01-14,DEV_00096,125.71
2024-01-19,DEV_00102,10.76
2024-01-10,DEV_00043,13.6
2024-01-16,DEV_00156,32.54
2024-01-21,DEV_00090,7.92
2024-01-13,DEV_00001,4.81
2024-01-16,DEV_00136,138.62
2024-01-29,DEV_00117,68.28
2024-01-30,DEV_00159,2.53
2024-01-23,DEV_00049,15.81
2024-01-25,DEV_00100,9.95
2024-01-10,DEV_00021,35.36
2024-01-12,DEV_00196,52.27
2024-01-04,DEV_00061,10.17
2024-01-23,DEV_00098,107.44
2024-01-07,DEV_00133,29.82
2024-01-09,DEV_00004,24.25
2024-01-10,DEV_00111,12
2024-01-18,DEV_00157,44.61
2024-01-18,DEV_00031,6.01
2024-01-04,DEV_00007,26.25
2024-01-04,DEV_00055,40.97
2024-01-21,DEV_00008,60.54
2024-01-06,DEV_00169,37.83
2024-01-22,DEV_00023,182.59
2024-01-26,DEV_00012,25.03
2024-01-05,DEV_00158,14.01
2024-01-15,DEV_00182,34.23
2024-01-19,DEV_00157,44.26
2024-01-12,DEV_00064,15.35
2024-01-24,DEV_00086,21.77
2024-01-15,DEV_00010,191.88
2024-01-04,DEV_00108,18.91
2024-01-13,DEV_00172,55.95
2024-01-26,DEV_00189,59.77
2024-01-15,DEV_00081,34.9
2024-01-15,DEV_00135,35.85
2024-01-27,DEV_00188,20.66
2024-01-20,DEV_00020,14.1
2024-01-01,DEV_00116,13.43
2024-01-14,DEV_00156,40.36
2024-01-20,DEV_00069,25.09
2024-01-29,DEV_00179,12.21
2024-01-02,DEV_00195,17.45
2024-01-27,DEV_00010,5.36
2024-01-22,DEV_00098,26.95
2024-01-27,DEV_00144,33.85
2024-01-06,DEV_00018,4.09
2024-01-23,DEV_00011,10.29
2024-01-30,DEV_00037,10.07
2024-01-16,DEV_00133,24.2
2024-01-18,DEV_00121,10.2
2024-01-09,DEV_00122,96.57
2024-01-19,DEV_00069,9.45
2024-01-02,DEV_00073,9.29
2024-01-29,DEV_00121,8.35
2024-01-15,DEV_00095,5.84
2024-01-17,DEV_00039,47.66
2024-01-13,DEV_00161,8.09
2024-01-01,DEV_00134,68.67
2024-01-05,DEV_00060,6.19
2024-01-16,DEV_00189,8.65
2024-01-04,DEV_00094,15.61
2024-01-05,DEV_00187,31.01
2024-01-19,DEV_00146,43.77
2024-01-29,DEV_00072,8.13
2024-01-19,DEV_00127,22.56
2024-01-30,DEV_00135,86.03
2024-01-06,DEV_00018,5.33
2024-01-26,DEV_00113,15.17
2024-01-28,DEV_00030,15.07
2024-01-07,DEV_00079,64.16
2024-01-08,DEV_00187,19.84
2024-01-25,DEV_00191,8.37
2024-01-01,DEV_00130,11.61
2024-01-06,DEV_00030,5.21
2024-01-05,DEV_00199,14.44
2024-01-30,DEV_00141,6.79
2024-01-06,DEV_00031,26.05
2024-01-29,DEV_00128,11.1
2024-01-01,DEV_00139,9.87
2024-01-08,DEV_00044,13.25
2024-01-08,DEV_00071,27.45
2024-01-19,DEV_00035,17.93
2024-01-06,DEV_00042,7.85
2024-01-21,DEV_00043,54.97
2024-01-21,DEV_00114,61.95
2024-01-06,DEV_00011,45.03
2024-01-23,DEV_00057,26.09
2024-01-27,DEV_00057,10.25
2024-01-24,DEV_00022,28.55
2024-01-14,DEV_00190,7.25
2024-01-08,DEV_00089,2.95
2024-01-28,DEV_00194,13.41
2024-01-28,DEV_00159,29.39
2024-01-19,DEV_00199,37.75
2024-01-08,DEV_00018,16.12
2024-01-29,DEV_00115,8.53
2024-01-03,DEV_00124,15.71
2024-01-20,DEV_00196,38.31
2024-01-22,DEV_00189,41.12
2024-01-07,DEV_00015,15.65
2024-01-24,DEV_00126,17.77
2024-01-03,DEV_00152,35.88
2024-01-08,DEV_00174,18.04
2024-01-17,DEV_00132,57.36
2024-01-24,DEV_00187,15.24
2024-01-03,DEV_00003,31.99
2024-01-20,DEV_00108,20.74
2024-01-12,DEV_00158,33.56
2024-01-17,DEV_00190,17.73
2024-01-03,DEV_00164,9.84
2024-01-21,DEV_00047,11.39
2024-01-15,DEV_00004,33.48
2024-01-29,DEV_00119,23.11
2024-01-17,DEV_00026,21.79
2024-01-23,DEV_00067,15.57
2024-01-14,DEV_00173,9.47
2024-01-21,DEV_00040,14.4
2024-01-07,DEV_00007,14.42
2024-01-12,DEV_00158,24.39
2024-01-05,DEV_00024,16.7
2024-01-23,DEV_00142,9.91
2024-01-20,DEV_00170,21.53
2024-01-30,DEV_00071,9.49
2024-01-31,DEV_00097,35.36
2024-01-14,DEV_00034,48.51
2024-01-11,DEV_00151,61.92
2024-01-12,DEV_00042,23.89
2024-01-04,DEV_00093,77.7
2024-01-30,DEV_00140,16.34
2024-01-28,DEV_00095,7.44
2024-01-08,DEV_00134,43.02
2024-01-24,DEV_00100,52.5
2024-01-02,DEV_00123,14.22
2024-01-01,DEV_00149,13.35
2024-01-11,DEV_00146,21.39
2024-01-06,DEV_00063,4.5
2024-01-19,DEV_00155,24.58
2024-01-03,DEV_00034,14.55
2024-01-16,DEV_00057,55.49
2024-01-25,DEV_00179,18.3
2024-01-21,DEV_00069,10.02
2024-01-10,DEV_00041,5.43
2024-01-27,DEV_00059,67.41
2024-01-08,DEV_00160,19.83
2024-01-03,DEV_00104,43.89
2024-01-13,DEV_00135,14.38
2024-01-03,DEV_00196,24.79
2024-01-19,DEV_00126,7.04
2024-01-10,DEV_00007,33.15
2024-01-12,DEV_00093,14.44
2024-01-13,DEV_00169,76.42
2024-01-19,DEV_00112,35.77
2024-01-11,DEV_00116,2.94
2024-01-07,DEV_00159,7.6
2024-01-16,DEV_00060,5.36
2024-01-21,DEV_00052,15.18
2024-01-07,DEV_00145,11.08
2024-01-13,DEV_00098,19.16
2024-01-15,DEV_00153,51.51
2024-01-24,DEV_00072,6.4
2024-01-22,DEV_00039,48.49
2024-01-07,DEV_00090,11.28
2024-01-21,DEV_00151,5.06
2024-01-22,DEV_00164,29.46
2024-01-25,DEV_00151,70.59
2024-01-22,DEV_00195,17.61
2024-01-27,DEV_00157,40.63
2024-01-25,DEV_00072,15.71
2024-01-08,DEV_00033,5.48
2024-01-11,DEV_00123,25.25
2024-01-18,DEV_00153,13.76
2024-01-20,DEV_00110,4.82
2024-01-03,DEV_00008,41.61
2024-01-18,DEV_00109,6.74
2024-01-25,DEV_00031,29.6
2024-01-06,DEV_00093,14
2024-01-15,DEV_00012,63.81
2024-01-26,DEV_00007,21.39
2024-01-23,DEV_00117,17.81
2024-01-03,DEV_00067,34.99
2024-01-23,DEV_00032,31.47
2024-01-26,DEV_00163,8.93
2024-01-10,DEV_00155,36.33
2024-01-29,DEV_00026,51.78
2024-01-22,DEV_00005,24.07
2024-01-11,DEV_00181,60.19
2024-01-16,DEV_00116,18.31
2024-01-09,DEV_00070,11.87
2024-01-31,DEV_00055,7.46
2024-01-20,DEV_00196,22.41
2024-01-19,DEV_00081,14.83
2024-01-06,DEV_00138,26.09
2024-01-19,DEV_00193,42.47
2024-01-26,DEV_00195,49.13
2024-01-27,DEV_00147,12.54
2024-01-09,DEV_00042,6.7
2024-01-12,DEV_00167,17.7
2024-01-21,DEV_00182,28.16
2024-01-10,DEV_00034,6.2
2024-01-05,DEV_00130,9.31
2024-01-19,DEV_00130,5.78
2024-01-07,DEV_00104,27.01
2024-01-29,DEV_00154,7.13
2024-01-06,DEV_00143,8.05
2024-01-18,DEV_00091,55.26
2024-01-21,DEV_00129,6.63
2024-01-30,DEV_00131,7.95
2024-01-10,DEV_00069,33.1
2024-01-04,DEV_00088,16.27
2024-01-07,DEV_00089,24.73
2024-01-29,DEV_00185,24.36
2024-01-22,DEV_00050,66.44
2024-01-21,DEV_00020,19.93
2024-01-30,DEV_00187,58.92
2024-01-09,DEV_00176,30.29
2024-01-27,DEV_00117,13.34
2024-01-17,DEV_00022,14.78
2024-01-17,DEV_00160,9.31
2024-01-27,DEV_00198,27
2024-01-02,DEV_00070,23.35
2024-01-21,DEV_00186,15.67
2024-01-08,DEV_00063,6.02
2024-01-18,DEV_00048,14.71
2024-01-25,DEV_00191,53.26
2024-01-23,DEV_00169,62.59
2024-01-29,DEV_00117,10.03
2024-01-08,DEV_00034,70
2024-01-03,DEV_00164,2.89
2024-01-28,DEV_00063,75.37
2024-01-26,DEV_00086,15.65
2024-01-21,DEV_00131,13.3
2024-01-15,DEV_00064,8.36
2024-01-11,DEV_00145,12.77
2024-01-29,DEV_00052,6.91
2024-01-21,DEV_00001,12.71
2024-01-02,DEV_00109,13.65
2024-01-02,DEV_00166,6.14
2024-01-05,DEV_00184,31.81
2024-01-27,DEV_00013,43.32
2024-01-26,DEV_00016,8.13
2024-01-22,DEV_00028,24.99
2024-01-31,DEV_00146,7.12
2024-01-06,DEV_00072,25.55
2024-01-11,DEV_00199,10.36
2024-01-16,DEV_00088,24.52
2024-01-26,DEV_00022,11.57
2024-01-26,DEV_00035,17.07
2024-01-24,DEV_00189,10.55
2024-01-03,DEV_00188,4.84
2024-01-30,DEV_00056,33.53
2024-01-05,DEV_00075,7.58
2024-01-11,DEV_00013,94.42
2024-01-27,DEV_00070,40.63
2024-01-31,DEV_00199,37.18
2024-01-25,DEV_00142,12.01
2024-01-20,DEV_00093,20.29
2024-01-17,DEV_00086,3.04
2024-01-11,DEV_00049,22.8
2024-01-13,DEV_00002,13.37
2024-01-08,DEV_00187,43.23
2024-01-11,DEV_00133,8.69
2024-01-09,DEV_00102,14.32
2024-01-09,DEV_00049,10.91
2024-01-18,DEV_00142,19.59
2024-01-13,DEV_00093,7.51
2024-01-23,DEV_00112,6.52
2024-01-15,DEV_00062,10.27
2024-01-30,DEV_00127,40.12
2024-01-27,DEV_00033,195.28
2024-01-09,DEV_00093,27.84
2024-01-21,DEV_00062,25.66
2024-01-07,DEV_00082,43.6
2024-01-17,DEV_00026,13.47
2024-01-28,DEV_00144,79.91
2024-01-27,DEV_00081,37.26
2024-01-23,DEV_00095,99.1
2024-01-02,DEV_00197,30.65
2024-01-06,DEV_00102,7.9
2024-01-11,DEV_00024,37.95
2024-01-22,DEV_00123,52.4
2024-01-28,DEV_00021,22.95
2024-01-23,DEV_00129,26.83
2024-01-11,DEV_00011,7.59
2024-01-17,DEV_00004,9.36
2024-01-26,DEV_00111,3.61
2024-01-02,DEV_00128,22.14
2024-01-17,DEV_00109,18.45
2024-01-06,DEV_00137,7.13
2024-01-03,DEV_00027,60.54
2024-01-26,DEV_00166,24.1
2024-01-04,DEV_00186,16.04
2024-01-10,DEV_00141,33.33
2024-01-31,DEV_00108,13.59
2024-01-13,DEV_00016,10.88
2024-01-12,DEV_00018,47.71
2024-01-29,DEV_00192,17.49
2024-01-27,DEV_00107,12.44
2024-01-29,DEV_00060,33.05
2024-01-10,DEV_00114,18.96
2024-01-18,DEV_00127,11.95
2024-01-30,DEV_00051,33.21
2024-01-11,DEV_00011,71.48
2024-01-05,DEV_00117,21.87
2024-01-06,DEV_00050,33.81
2024-01-10,DEV_00119,12.89
2024-01-10,DEV_00148,71.87
2024-01-30,DEV_00034,34.67
2024-01-07,DEV_00177,13.24
2024-01-06,DEV_00084,11.8
2024-01-23,DEV_00143,13.15
2024-01-31,DEV_00045,6.16
2024-01-24,DEV_00070,14.31
2024-01-15,DEV_00032,52.85
2024-01-23,DEV_00066,183.9
2024-01-20,DEV_00133,17.73
2024-01-25,DEV_00110,65.03
2024-01-14,DEV_00027,18.39
2024-01-11,DEV_00118,36.35
2024-01-23,DEV_00174,72.37
2024-01-18,DEV_00058,14.92
2024-01-09,DEV_00130,11.84
2024-01-25,DEV_00180,16.2
2024-01-17,DEV_00015,14.93
2024-01-10,DEV_00180,18.21
2024-01-13,DEV_00083,15.44
2024-01-02,DEV_00096,27.29
2024-01-08,DEV_00021,22.84
2024-01-25,DEV_00087,165.16
2024-01-04,DEV_00036,13.77
2024-01-22,DEV_00191,6.55
2024-01-18,DEV_00081,13.23
2024-01-01,DEV_00019,22.04
2024-01-02,DEV_00167,19.82
2024-01-26,DEV_00172,49.5
2024-01-14,DEV_00151,32.57
2024-01-18,DEV_00072,63.08
2024-01-22,DEV_00145,9.84
2024-01-16,DEV_00005,8.95
2024-01-16,DEV_00012,17.49
2024-01-20,DEV_00058,37.33
2024-01-10,DEV_00027,42.73
2024-01-29,DEV_00043,48.21
2024-01-15,DEV_00130,29.02
2024-01-02,DEV_00171,19.23
2024-01-08,DEV_00192,21.44
2024-01-20,DEV_00116,27.76
2024-01-05,DEV_00003,29.19
2024-01-31,DEV_00018,80.27
2024-01-04,DEV_00155,10.3
2024-01-23,DEV_00079,22.86
2024-01-17,DEV_00161,37.82
2024-01-24,DEV_00011,46.1
2024-01-29,DEV_00184,1.52
2024-01-04,DEV_00111,6.34
2024-01-16,DEV_00062,13.26
2024-01-21,DEV_00103,39.44
2024-01-08,DEV_00045,56.04
2024-01-13,DEV_00068,25.3
2024-01-18,DEV_00087,33.58
2024-01-28,DEV_00087,50.6
2024-01-09,DEV_00124,13.31
2024-01-11,DEV_00053,10.66
2024-01-14,DEV_00120,31.02
2024-01-14,DEV_00022,7.45
2024-01-06,DEV_00020,18.79
2024-01-13,DEV_00050,5.37
2024-01-17,DEV_00043,5.57
2024-01-23,DEV_00062,20.34
2024-01-29,DEV_00198,91.61
2024-01-15,DEV_00045,22.15
2024-01-17,DEV_00037,10.64
2024-01-23,DEV_00007,8.81
2024-01-30,DEV_00165,40.64
2024-01-09,DEV_00030,11.97
2024-01-20,DEV_00046,27.06
2024-01-14,DEV_00120,8.72
2024-01-27,DEV_00122,20.9
2024-01-12,DEV_00186,20.29
2024-01-10,DEV_00057,19.5
2024-01-05,DEV_00027,24.32
2024-01-17,DEV_00136,5.25
2024-01-03,DEV_00127,4.61
2024-01-05,DEV_00137,13.88
2024-01-05,DEV_00189,25.65
2024-01-04,DEV_00124,55.85
2024-01-08,DEV_00178,27.62
2024-01-23,DEV_00087,32.42
2024-01-12,DEV_00067,19.68
2024-01-04,DEV_00001,21.16
2024-01-31,DEV_00057,22.21
2024-01-28,DEV_00001,37.35
2024-01-29,DEV_00024,29.34
2024-01-07,DEV_00057,10.39
2024-01-19,DEV_00166,11.48
2024-01-03,DEV_00099,137.57
2024-01-27,DEV_00085,31.25
2024-01-03,DEV_00195,93.2
2024-01-29,DEV_00184,64.07
2024-01-12,DEV_00033,21.5
2024-01-21,DEV_00156,11.54
2024-01-10,DEV_00045,84.45
2024-01-22,DEV_00116,34.1
2024-01-20,DEV_00092,39.33
2024-01-17,DEV_00072,20.11
2024-01-29,DEV_00125,8.03
2024-01-01,DEV_00064,10.64
2024-01-27,DEV_00172,12.76
2024-01-18,DEV_00054,15.9
2024-01-18,DEV_00062,46.23
2024-01-18,DEV_00005,15.24
2024-01-13,DEV_00160,14.16
2024-01-09,DEV_00087,54.98
2024-01-20,DEV_00165,13.97
2024-01-06,DEV_00193,8.83
2024-01-23,DEV_00048,24.96
2024-01-18,DEV_00059,25.73
2024-01-28,DEV_00007,13.9
2024-01-02,DEV_00189,6.35
2024-01-15,DEV_00191,8.19
2024-01-16,DEV_00004,3.35
2024-01-02,DEV_00081,8.68
2024-01-06,DEV_00012,4.46
2024-01-05,DEV_00191,34.46
2024-01-30,DEV_00031,27.04
2024-01-26,DEV_00102,8.04
2024-01-04,DEV_00179,8.07
2024-01-04,DEV_00020,16.97
2024-01-10,DEV_00010,22.31
2024-01-03,DEV_00175,8.79
2024-01-05,DEV_00037,21.12
2024-01-13,DEV_00017,44.28
2024-01-03,DEV_00005,21.04
2024-01-19,DEV_00054,9.46
2024-01-18,DEV_00147,49.25
2024-01-28,DEV_00103,35.29
2024-01-05,DEV_00032,3.97
2024-01-14,DEV_00113,19.77
2024-01-30,DEV_00161,31.28
2024-01-29,DEV_00137,26.19
2024-01-02,DEV_00118,46.43
2024-01-04,DEV_00043,13.79
2024-01-14,DEV_00033,73.75
2024-01-20,DEV_00188,43.15
2024-01-14,DEV_00185,35.85
2024-01-09,DEV_00004,20.22
2024-01-29,DEV_00157,61.38
2024-01-31,DEV_00104,32.63
2024-01-13,DEV_00040,19.22
2024-01-08,DEV_00194,24.49
2024-01-23,DEV_00016,7.73
2024-01-17,DEV_00008,34.49
2024-01-13,DEV_00071,15.58
2024-01-27,DEV_00047,12.49
2024-01-25,DEV_00005,17.93
2024-01-20,DEV_00113,19.35
2024-01-30,DEV_00156,9.55
2024-01-13,DEV_00169,44.97
2024-01-08,DEV_00120,22.8
2024-01-22,DEV_00164,81.51
2024-01-29,DEV_00131,8.56
2024-01-25,DEV_00173,10.78
2024-01-27,DEV_00161,22.86
2024-01-27,DEV_00005,32.75
2024-01-08,DEV_00076,7.84
2024-01-19,DEV_00039,12.73
2024-01-10,DEV_00171,6.89
2024-01-02,DEV_00131,6.17
2024-01-02,DEV_00153,54.69
2024-01-10,DEV_00135,22.28
2024-01-28,DEV_00083,17.35
2024-01-26,DEV_00075,29.3
2024-01-22,DEV_00078,43.7
2024-01-24,DEV_00020,7.88
2024-01-21,DEV_00125,35.21
2024-01-28,DEV_00106,75.29
2024-01-13,DEV_00020,36.75
2024-01-19,DEV_00076,44.48
2024-01-14,DEV_00101,54.79
2024-01-10,DEV_00098,42.03
2024-01-31,DEV_00032,10.95
2024-01-06,DEV_00170,15.5
2024-01-07,DEV_00156,10.97
2024-01-26,DEV_00102,38.14
2024-01-20,DEV_00170,42
2024-01-03,DEV_00048,17.95
2024-01-15,DEV_00017,11.59
2024-01-15,DEV_00068,15.24
2024-01-12,DEV_00155,98.45
2024-01-09,DEV_00007,79.66
2024-01-22,DEV_00115,17.95
2024-01-22,DEV_00176,16.55
2024-01-29,DEV_00059,11.68
2024-01-29,DEV_00024,59.33
2024-01-12,DEV_00094,18.3
2024-01-16,DEV_00084,13.41
2024-01-09,DEV_00004,53.75
2024-01-17,DEV_00081,18.36
2024-01-11,DEV_00198,63.03
2024-01-30,DEV_00124,4.86
2024-01-27,DEV_00132,13.29
2024-01-15,DEV_00056,20.88
2024-01-16,DEV_00028,37.75
2024-01-18,DEV_00051,6.71
2024-01-14,DEV_00131,20.98
2024-01-24,DEV_00162,79.95
2024-01-14,DEV_00102,47.01
2024-01-31,DEV_00119,32.52
2024-01-11,DEV_00182,10.02
2024-01-07,DEV_00115,13.23
2024-01-21,DEV_00149,83.61
2024-01-06,DEV_00153,63.52
2024-01-18,DEV_00093,102.6
2024-01-20,DEV_00200,42.46
2024-01-03,DEV_00198,7.53
2024-01-06,DEV_00133,6.42
2024-01-04,DEV_00049,32
2024-01-31,DEV_00113,40.71
2024-01-30,DEV_00035,24.04
2024-01-07,DEV_00043,18.82
2024-01-10,DEV_00187,16.13
2024-01-29,DEV_00121,4.47
2024-01-15,DEV_00012,46.91
2024-01-22,DEV_00188,36.7
2024-01-15,DEV_00119,8.27
2024-01-07,DEV_00084,97.07
2024-01-24,DEV_00118,9.41
2024-01-26,DEV_00077,14.76
2024-01-13,DEV_00154,12.89
2024-01-20,DEV_00060,18.57
2024-01-14,DEV_00140,30.9
2024-01-03,DEV_00055,26.24
2024-01-25,DEV_00093,19.15
2024-01-30,DEV_00067,10.33
2024-01-11,DEV_00177,43.82
2024-01-21,DEV_00103,37.9
2024-01-25,DEV_00009,36.1
2024-01-17,DEV_00162,10.88
2024-01-15,DEV_00124,11.13
2024-01-29,DEV_00039,39.43
2024-01-25,DEV_00030,37.96
2024-01-27,DEV_00160,17.29
2024-01-30,DEV_00075,61.64
2024-01-01,DEV_00082,25.2
2024-01-16,DEV_00067,23.21
2024-01-21,DEV_00049,40.16
2024-01-05,DEV_00153,2.76
2024-01-15,DEV_00164,40.01
2024-01-04,DEV_00027,16.01
2024-01-08,DEV_00055,59.5
2024-01-28,DEV_00102,10.4
2024-01-18,DEV_00172,10.91
2024-01-25,DEV_00041,24.44
2024-01-22,DEV_00020,4.28
2024-01-27,DEV_00047,12.53
2024-01-30,DEV_00161,12.18
2024-01-26,DEV_00137,14.94
2024-01-01,DEV_00130,75.42
2024-01-16,DEV_00187,18.29
2024-01-24,DEV_00010,10.79
2024-01-14,DEV_00133,7.48
2024-01-15,DEV_00072,4.89
2024-01-01,DEV_00038,28.83
2024-01-22,DEV_00007,32.33
2024-01-04,DEV_00164,11.88
2024-01-05,DEV_00034,7.74
2024-01-01,DEV_00192,32.26
2024-01-18,DEV_00121,8.14
2024-01-31,DEV_00017,14.46
2024-01-08,DEV_00087,101.97
2024-01-23,DEV_00021,12.65
2024-01-07,DEV_00172,15.28
2024-01-15,DEV_00186,39.43
2024-01-05,DEV_00029,36.96
2024-01-15,DEV_00180,31.31
2024-01-04,DEV_00198,29.12
2024-01-19,DEV_00048,3.92
2024-01-12,DEV_00123,17.4
2024-01-18,DEV_00038,22.49
2024-01-15,DEV_00137,11.46
2024-01-02,DEV_00127,67.5
2024-01-18,DEV_00161,14.09
2024-01-20,DEV_00171,21.78
2024-01-13,DEV_00147,87.98
2024-01-05,DEV_00040,40.27
2024-01-01,DEV_00061,30.78
2024-01-15,DEV_00141,2.14
2024-01-03,DEV_00018,21.47
2024-01-26,DEV_00061,23.32
2024-01-13,DEV_00003,15.99
2024-01-29,DEV_00013,27.03
2024-01-05,DEV_00046,6.58
2024-01-13,DEV_00028,46.15
2024-01-22,DEV_00157,32.49
2024-01-19,DEV_00054,6.92
2024-01-25,DEV_00086,24.35
2024-01-23,DEV_00156,28.07
2024-01-13,DEV_00108,24.72
2024-01-19,DEV_00198,35.5
2024-01-09,DEV_00092,90.08
2024-01-24,DEV_00200,6.01
2024-01-30,DEV_00123,29.63
2024-01-18,DEV_00105,34.62
2024-01-09,DEV_00046,22.45
2024-01-31,DEV_00090,24.84
2024-01-01,DEV_00119,28.34
2024-01-05,DEV_00186,10.42
2024-01-03,DEV_00184,7.1
2024-01-01,DEV_00028,12.39
2024-01-28,DEV_00108,7.54
2024-01-21,DEV_00129,11.85
2024-01-31,DEV_00098,25.9
2024-01-10,DEV_00096,32.44
2024-01-08,DEV_00191,33.85
2024-01-12,DEV_00200,34.15
2024-01-29,DEV_00023,14.46
2024-01-15,DEV_00003,4.52
2024-01-19,DEV_00141,11.84
2024-01-13,DEV_00060,19.91
2024-01-29,DEV_00124,28.67
2024-01-29,DEV_00071,20.54
2024-01-25,DEV_00190,28.44
2024-01-07,DEV_00031,33.73
2024-01-18,DEV_00002,13.18
2024-01-13,DEV_00085,30.95
2024-01-06,DEV_00183,3.98
2024-01-11,DEV_00139,12.68
2024-01-19,DEV_00176,22.07
2024-01-15,DEV_00146,17.39
2024-01-27,DEV_00088,5.65
2024-01-12,DEV_00129,25.59
2024-01-05,DEV_00012,18.26
2024-01-28,DEV_00101,26.73
2024-01-22,DEV_00155,10.34
2024-01-05,DEV_00105,18.24
2024-01-01,DEV_00106,10.58
2024-01-04,DEV_00074,9.59
2024-01-20,DEV_00167,29.65
2024-01-29,DEV_00024,9.33
2024-01-03,DEV_00011,7.66
2024-01-29,DEV_00196,79.31
2024-01-28,DEV_00058,20.73
2024-01-09,DEV_00200,42.29
2024-01-08,DEV_00051,58.84
2024-01-08,DEV_00086,18.03
2024-01-07,DEV_00147,44.81
2024-01-01,DEV_00165,15.72
2024-01-20,DEV_00134,8.94
2024-01-22,DEV_00003,11.44
2024-01-19,DEV_00047,16.89
2024-01-30,DEV_00142,21.79
2024-01-06,DEV_00092,29.4
2024-01-25,DEV_00116,13.98
2024-01-19,DEV_00081,23.29
2024-01-28,DEV_00041,23.3
2024-01-15,DEV_00097,18.34
2024-01-12,DEV_00140,31.6
2024-01-27,DEV_00074,38.02
2024-01-08,DEV_00095,15.85
2024-01-22,DEV_00054,29.87
2024-01-27,DEV_00050,31.49
2024-01-05,DEV_00029,8.83
2024-01-25,DEV_00087,11.49
2024-01-27,DEV_00074,167.6
2024-01-22,DEV_00196,7.95
2024-01-29,DEV_00038,9.54
2024-01-22,DEV_00016,27.04
2024-01-16,DEV_00134,30.01
2024-01-07,DEV_00018,17.33
2024-01-01,DEV_00153,9.69
2024-01-07,DEV_00123,4.04
2024-01-16,DEV_00157,23.08
2024-01-04,DEV_00126,20.1
2024-01-20,DEV_00179,16.07
2024-01-04,DEV_00051,9.55
2024-01-25,DEV_00177,54.27
2024-01-30,DEV_00140,48.34
2024-01-28,DEV_00023,4.36
2024-01-15,DEV_00093,21.25
2024-01-17,DEV_00184,20.6
2024-01-25,DEV_00045,30.03
2024-01-07,DEV_00151,8.43
2024-01-29,DEV_00179,12.4
2024-01-03,DEV_00195,31.15
2024-01-24,DEV_00055,63.82
2024-01-11,DEV_00153,25.09
2024-01-29,DEV_00186,18.56
2024-01-24,DEV_00005,19.12
2024-01-29,DEV_00141,18.54
2024-01-19,DEV_00051,38.9
2024-01-10,DEV_00133,35.47
2024-01-19,DEV_00010,7.53
2024-01-01,DEV_00169,33.08
2024-01-31,DEV_00121,7.85
2024-01-03,DEV_00036,21.13
2024-01-13,DEV_00096,17.39
2024-01-16,DEV_00181,18.48
2024-01-01,DEV_00197,22.03
2024-01-16,DEV_00027,76.19
2024-01-07,DEV_00102,28.05
2024-01-28,DEV_00023,18.1
2024-01-03,DEV_00026,9.18
2024-01-30,DEV_00124,36.8
2024-01-01,DEV_00136,10.82
2024-01-06,DEV_00082,32.91
2024-01-27,DEV_00153,2.5
2024-01-08,DEV_00163,12.91
2024-01-13,DEV_00010,11.86
2024-01-07,DEV_00084,17.91
2024-01-13,DEV_00125,3.79
2024-01-08,DEV_00082,21.29
2024-01-25,DEV_00093,32.55
2024-01-04,DEV_00175,6.73
2024-01-08,DEV_00117,11.2
2024-01-16,DEV_00077,16.67
2024-01-12,DEV_00035,1.7
2024-01-16,DEV_00113,11.71
2024-01-30,DEV_00180,20.29
2024-01-04,DEV_00107,7.95
2024-01-12,DEV_00153,29.48
2024-01-25,DEV_00017,30.34
2024-01-28,DEV_00144,63.12
2024-01-30,DEV_00077,4.85
2024-01-14,DEV_00041,21.71
2024-01-21,DEV_00113,15.63
2024-01-15,DEV_00137,18.99
2024-01-05,DEV_00072,138.56
2024-01-23,DEV_00105,16.77
2024-01-18,DEV_00008,15.08
2024-01-07,DEV_00104,40.53
2024-01-12,DEV_00062,14.6
2024-01-31,DEV_00109,5.59
2024-01-28,DEV_00059,14.27
2024-01-15,DEV_00055,23.28
2024-01-23,DEV_00149,53.1
2024-01-08,DEV_00074,17.72
2024-01-20,DEV_00123,13.93
2024-01-18,DEV_00004,30.66
2024-01-08,DEV_00052,61.8
2024-01-27,DEV_00008,31.46
2024-01-04,DEV_00088,37.47
2024-01-01,DEV_00023,14.97
2024-01-23,DEV_00084,42.95
2024-01-15,DEV_00123,25.06
2024-01-24,DEV_00197,12.61
2024-01-16,DEV_00150,8.17
2024-01-12,DEV_00061,21.41
2024-01-22,DEV_00001,39.49
2024-01-02,DEV_00172,2.37
2024-01-12,DEV_00145,14.05
2024-01-19,DEV_00110,10.45
2024-01-12,DEV_00111,8.29
2024-01-01,DEV_00051,30.17
2024-01-02,DEV_00087,28.95
2024-01-11,DEV_00005,26.12
2024-01-10,DEV_00013,30.88
2024-01-20,DEV_00200,38.14
2024-01-27,DEV_00068,19.37
2024-01-08,DEV_00076,25.79
2024-01-30,DEV_00007,27.43
2024-01-24,DEV_00023,37.25
2024-01-14,DEV_00162,45.08
2024-01-20,DEV_00189,50.46
2024-01-31,DEV_00001,25.66
2024-01-21,DEV_00103,26.7
2024-01-16,DEV_00169,49.63
2024-01-04,DEV_00025,31.1
2024-01-08,DEV_00093,57.56
2024-01-04,DEV_00070,9.61
2024-01-22,DEV_00005,22.76
2024-01-26,DEV_00178,41.78
2024-01-13,DEV_00131,25.27
2024-01-10,DEV_00184,27.87
2024-01-23,DEV_00086,32.17
2024-01-21,DEV_00032,12.04
2024-01-14,DEV_00120,27.89
2024-01-26,DEV_00141,8.16
2024-01-22,DEV_00139,22.68
2024-01-23,DEV_00018,17.85
2024-01-29,DEV_00096,11.75
2024-01-11,DEV_00108,32.27
2024-01-17,DEV_00093,41.44
2024-01-29,DEV_00127,37.64
2024-01-17,DEV_00137,63.02
2024-01-16,DEV_00009,18.55
2024-01-19,DEV_00190,34.81
2024-01-31,DEV_00035,61.78
2024-01-08,DEV_00154,19.98
2024-01-07,DEV_00200,25.31
2024-01-18,DEV_00042,78.28
2024-01-30,DEV_00127,30.41
2024-01-28,DEV_00111,12.34
2024-01-18,DEV_00004,16.55
2024-01-15,DEV_00150,103.25
2024-01-07,DEV_00160,17.1
2024-01-08,DEV_00012,15.78
2024-01-12,DEV_00186,15.14
2024-01-09,DEV_00148,23.03
2024-01-23,DEV_00193,7.1
2024-01-15,DEV_00016,35.29
2024-01-18,DEV_00172,45.04
2024-01-28,DEV_00069,15.29
2024-01-23,DEV_00163,14.27
2024-01-25,DEV_00198,5.96
2024-01-20,DEV_00145,25.57
2024-01-25,DEV_00188,42.85
2024-01-02,DEV_00160,97.01
2024-01-14,DEV_00095,20.18
2024-01-02,DEV_00044,53.99
2024-01-27,DEV_00022,15.37
2024-01-23,DEV_00019,18.05
2024-01-27,DEV_00081,5.66
2024-01-27,DEV_00029,14.91
2024-01-09,DEV_00140,32.08
2024-01-23,DEV_00058,3.51
2024-01-03,DEV_00137,47.44
2024-01-30,DEV_00077,22.42
2024-01-11,DEV_00054,12.72
2024-01-18,DEV_00043,5.84
2024-01-16,DEV_00115,23.23
2024-01-04,DEV_00173,28.1
2024-01-20,DEV_00172,30.99
2024-01-06,DEV_00018,9.85
2024-01-10,DEV_00004,5.74
2024-01-15,DEV_00122,21.21
2024-01-09,DEV_00085,18.46
2024-01-20,DEV_00010,13.03
2024-01-09,DEV_00145,23.11
2024-01-16,DEV_00015,31.14
2024-01-11,DEV_00005,24.4
2024-01-15,DEV_00051,12.36
2024-01-12,DEV_00082,14
2024-01-07,DEV_00091,21.7
2024-01-09,DEV_00077,49.6
2024-01-07,DEV_00007,14.62
2024-01-12,DEV_00178,8.44
2024-01-26,DEV_00117,64.59
2024-01-03,DEV_00012,53.02
2024-01-03,DEV_00093,3.91
2024-01-05,DEV_00023,16.08
2024-01-29,DEV_00069,17.52
2024-01-08,DEV_00103,16.12
2024-01-13,DEV_00109,23.16
2024-01-11,DEV_00019,11.69
2024-01-17,DEV_00018,74.39
2024-01-16,DEV_00101,5.01
2024-01-17,DEV_00113,7.96
2024-01-16,DEV_00051,32.43
2024-01-16,DEV_00105,37.02
2024-01-11,DEV_00052,25.88
2024-01-24,DEV_00042,27.34
2024-01-18,DEV_00158,7.3
2024-01-21,DEV_00055,13.03
2024-01-20,DEV_00174,8.65
2024-01-18,DEV_00006,43.84
2024-01-02,DEV_00028,12.33
2024-01-29,DEV_00172,44.16
2024-01-13,DEV_00084,17.35
2024-01-06,DEV_00163,25.42
2024-01-04,DEV_00004,39.21
2024-01-19,DEV_00187,26.22
2024-01-01,DEV_00186,34.85
2024-01-03,DEV_00186,25.9
2024-01-20,DEV_00024,18.04
2024-01-28,DEV_00112,4.86
2024-01-01,DEV_00072,52.96
2024-01-30,DEV_00090,3.02
2024-01-31,DEV_00053,100.6
2024-01-22,DEV_00020,26.42
2024-01-03,DEV_00200,145.16
2024-01-16,DEV_00008,24.65
2024-01-26,DEV_00052,5.41
2024-01-06,DEV_00114,15.73
2024-01-04,DEV_00137,12.08
2024-01-08,DEV_00082,15.19
2024-01-25,DEV_00034,17.37
2024-01-08,DEV_00103,6.44
2024-01-05,DEV_00052,12.04
2024-01-24,DEV_00110,39.13
2024-01-14,DEV_00012,14.81
2024-01-05,DEV_00189,30.61
2024-01-05,DEV_00135,14.54
2024-01-16,DEV_00057,2.81
2024-01-02,DEV_00061,34.39
2024-01-01,DEV_00010,25.01
2024-01-19,DEV_00184,11.6
2024-01-06,DEV_00059,18.68
2024-01-20,DEV_00042,14.81
2024-01-28,DEV_00005,13.24
2024-01-25,DEV_00012,5.6
2024-01-06,DEV_00105,25.58
2024-01-11,DEV_00102,20.99
2024-01-20,DEV_00116,8.57
2024-01-05,DEV_00049,6.74
2024-01-08,DEV_00087,18.23
2024-01-18,DEV_00144,29.92
2024-01-27,DEV_00081,12.71
2024-01-02,DEV_00075,30.61
2024-01-21,DEV_00055,15.15
2024-01-06,DEV_00054,15.92
2024-01-15,DEV_00119,48.45
2024-01-10,DEV_00051,23.08
2024-01-25,DEV_00196,23.93
2024-01-21,DEV_00024,58.12
2024-01-15,DEV_00031,4.96
2024-01-21,DEV_00078,53.81
2024-01-24,DEV_00074,9
2024-01-25,DEV_00137,69.27
2024-01-23,DEV_00162,16.4
2024-01-26,DEV_00163,16.54
2024-01-24,DEV_00079,51.46
2024-01-08,DEV_00163,4.96
2024-01-18,DEV_00155,2.28
2024-01-04,DEV_00126,6.8
2024-01-15,DEV_00167,23.61
2024-01-15,DEV_00106,14.07
2024-01-26,DEV_00075,14.28
2024-01-14,DEV_00099,32.44
2024-01-04,DEV_00159,63.11
2024-01-02,DEV_00150,5.23
2024-01-17,DEV_00186,39.12
2024-01-25,DEV_00106,37.32
2024-01-10,DEV_00101,14.82
2024-01-12,DEV_00041,23.98
2024-01-27,DEV_00115,19.61
2024-01-13,DEV_00115,32.02
2024-01-20,DEV_00174,20.02
2024-01-04,DEV_00161,72.6
2024-01-14,DEV_00195,6.62
2024-01-29,DEV_00161,24.49
2024-01-15,DEV_00054,87.61
2024-01-02,DEV_00054,22.12
2024-01-01,DEV_00172,6.35
2024-01-12,DEV_00063,104.16
2024-01-29,DEV_00098,17.21
2024-01-17,DEV_00061,7.71
2024-01-20,DEV_00047,11.89
2024-01-06,DEV_00119,10.08
2024-01-05,DEV_00055,14.58
2024-01-13,DEV_00171,6.92
2024-01-17,DEV_00041,31.25
2024-01-30,DEV_00198,83.84
2024-01-25,DEV_00148,28.61
2024-01-13,DEV_00102,13.45
2024-01-18,DEV_00002,26.63
2024-01-12,DEV_00138,28.39
2024-01-11,DEV_00166,11.27
2024-01-20,DEV_00079,8.54
2024-01-10,DEV_00008,12.91
2024-01-11,DEV_00199,22.87
2024-01-27,DEV_00018,20.87
2024-01-12,DEV_00134,10.56
2024-01-31,DEV_00139,17.36
2024-01-05,DEV_00023,18.57
2024-01-29,DEV_00032,10.76
2024-01-27,DEV_00074,34.77
2024-01-26,DEV_00047,19.25
2024-01-11,DEV_00139,30.85
2024-01-29,DEV_00108,30.89
2024-01-04,DEV_00042,41.57
2024-01-06,DEV_00050,65.55
2024-01-19,DEV_00051,10.77
2024-01-12,DEV_00060,8.19
2024-01-21,DEV_00037,11.91
2024-01-06,DEV_00061,2.87
2024-01-24,DEV_00018,4.48
2024-01-23,DEV_00112,5.96
2024-01-06,DEV_00168,31.77
2024-01-20,DEV_00125,28.53
2024-01-30,DEV_00088,37.21
2024-01-26,DEV_00027,17.62
2024-01-03,DEV_00088,25.69
2024-01-22,DEV_00193,14.25
2024-01-27,DEV_00088,32.5
2024-01-02,DEV_00020,26.39
2024-01-08,DEV_00176,21.98
2024-01-17,DEV_00177,14.48
2024-01-10,DEV_00054,51.99
2024-01-04,DEV_00020,10.03
2024-01-27,DEV_00054,12.03
2024-01-28,DEV_00154,10.41
2024-01-09,DEV_00116,22.57
2024-01-23,DEV_00141,27.96
2024-01-20,DEV_00089,17.86
2024-01-08,DEV_00033,6.61
2024-01-27,DEV_00043,28.06
2024-01-24,DEV_00131,64.45
2024-01-05,DEV_00038,11.29
2024-01-18,DEV_00074,4.93
2024-01-15,DEV_00163,9.71
2024-01-09,DEV_00149,15.19
2024-01-01,DEV_00067,64.14
2024-01-08,DEV_00056,50.57
2024-01-29,DEV_00040,27.03
2024-01-27,DEV_00035,12.35
2024-01-16,DEV_00091,13.62
2024-01-26,DEV_00047,25.89
2024-01-13,DEV_00124,8.93
2024-01-20,DEV_00036,25.44
2024-01-01,DEV_00079,34.64
2024-01-28,DEV_00192,10.72
2024-01-21,DEV_00089,88.52
2024-01-31,DEV_00009,8.66
2024-01-18,DEV_00107,31.63
2024-01-08,DEV_00067,38.63
2024-01-11,DEV_00114,30.6
2024-01-22,DEV_00190,13.5
2024-01-14,DEV_00077,31.67
2024-01-08,DEV_00193,43.47
2024-01-15,DEV_00176,7.65
2024-01-27,DEV_00078,19.66
2024-01-11,DEV_00074,9.83
2024-01-19,DEV_00046,6.36
2024-01-01,DEV_00034,18.41
2024-01-28,DEV_00107,13.42
2024-01-02,DEV_00079,10.01
2024-01-16,DEV_00008,19.45
2024-01-12,DEV_00157,58.8
2024-01-18,DEV_00091,5.79
2024-01-03,DEV_00075,20.32
2024-01-01,DEV_00073,17.76
2024-01-01,DEV_00084,11.12
2024-01-23,DEV_00088,6.32
2024-01-11,DEV_00169,9.23
2024-01-23,DEV_00045,31.96
2024-01-30,DEV_00159,17.72
2024-01-05,DEV_00048,90.5
2024-01-06,DEV_00025,9.98
2024-01-08,DEV_00099,7.31
2024-01-08,DEV_00063,15.23
2024-01-13,DEV_00034,19.03
2024-01-03,DEV_00114,45.08
2024-01-21,DEV_00199,10.08
2024-01-20,DEV_00073,34.15
2024-01-28,DEV_00053,24.95
2024-01-17,DEV_00075,11.29
2024-01-31,DEV_00094,75.32
2024-01-06,DEV_00129,109.93
2024-01-08,DEV_00030,22.65
2024-01-03,DEV_00082,9.99
2024-01-16,DEV_00006,12.18
2024-01-20,DEV_00089,86.62
2024-01-17,DEV_00123,15.02
2024-01-06,DEV_00141,12.03
2024-01-07,DEV_00066,20.24
2024-01-29,DEV_00077,14.05
2024-01-16,DEV_00164,19.23
2024-01-24,DEV_00110,25.76
2024-01-18,DEV_00032,53.27
2024-01-27,DEV_00188,52.32
2024-01-27,DEV_00102,8.5
2024-01-17,DEV_00115,8.35
2024-01-03,DEV_00097,19.79
2024-01-05,DEV_00125,56.89
2024-01-17,DEV_00055,18.44
2024-01-31,DEV_00107,16.99
2024-01-08,DEV_00096,74.86
2024-01-09,DEV_00008,20.82
2024-01-14,DEV_00111,17.48
2024-01-27,DEV_00137,5.07
2024-01-30,DEV_00069,50.53
2024-01-28,DEV_00004,15.8
2024-01-01,DEV_00089,225.24
2024-01-25,DEV_00126,20.51
2024-01-07,DEV_00101,12.27
2024-01-01,DEV_00147,15.58
2024-01-25,DEV_00149,97.8
2024-01-25,DEV_00046,31.56
2024-01-21,DEV_00126,12.3
2024-01-16,DEV_00191,44.46
2024-01-03,DEV_00194,23.82
2024-01-04,DEV_00075,17.07
2024-01-31,DEV_00085,6.49
2024-01-18,DEV_00056,33.26
2024-01-27,DEV_00067,10.73
2024-01-29,DEV_00014,5.42
2024-01-31,DEV_00132,11.87
2024-01-23,DEV_00193,8.27
2024-01-18,DEV_00081,8.55
2024-01-21,DEV_00046,44.89
2024-01-01,DEV_00147,65.57
2024-01-10,DEV_00110,29.77
2024-01-25,DEV_00050,8.99
2024-01-05,DEV_00164,29.76
2024-01-08,DEV_00158,6.55
2024-01-20,DEV_00140,16.69
2024-01-13,DEV_00172,8.84
2024-01-18,DEV_00195,19.57
2024-01-13,DEV_00013,18.17
2024-01-08,DEV_00017,20.6
2024-01-09,DEV_00134,21.3
2024-01-13,DEV_00087,31.69
2024-01-12,DEV_00071,6.62
2024-01-21,DEV_00079,14.32
2024-01-22,DEV_00062,5.86
2024-01-09,DEV_00176,36.81
2024-01-02,DEV_00091,24.11
2024-01-30,DEV_00188,27.8
2024-01-12,DEV_00152,44.5
2024-01-13,DEV_00107,39.17
2024-01-07,DEV_00125,61.33
2024-01-03,DEV_00065,31.24
2024-01-16,DEV_00174,56.21
2024-01-13,DEV_00169,114.27
2024-01-02,DEV_00030,6.5
2024-01-12,DEV_00103,39.63
2024-01-21,DEV_00010,56.4
2024-01-11,DEV_00021,57.76
2024-01-29,DEV_00028,107.78
2024-01-02,DEV_00005,21.4
2024-01-19,DEV_00166,55.85
2024-01-01,DEV_00184,20.92
2024-01-09,DEV_00185,21.37
2024-01-07,DEV_00046,36.93
2024-01-09,DEV_00162,46.06
2024-01-19,DEV_00077,19.33
2024-01-22,DEV_00149,13.63
2024-01-07,DEV_00163,18.6
2024-01-30,DEV_00026,35.74
2024-01-12,DEV_00141,14.18
2024-01-02,DEV_00117,20.09
2024-01-31,DEV_00005,9.01
2024-01-15,DEV_00066,107.54
2024-01-11,DEV_00132,17.34
2024-01-02,DEV_00148,16.75
2024-01-16,DEV_00023,37.76
2024-01-17,DEV_00121,13.58
2024-01-18,DEV_00117,14.06
2024-01-30,DEV_00007,49.65
2024-01-17,DEV_00010,16
2024-01-26,DEV_00149,10.38
2024-01-01,DEV_00006,147.69
2024-01-06,DEV_00113,27.22
2024-01-25,DEV_00093,15.03
2024-01-24,DEV_00084,41.65
2024-01-16,DEV_00174,18.12
2024-01-02,DEV_00086,9.23
2024-01-18,DEV_00051,3.23
2024-01-04,DEV_00050,16.72
2024-01-30,DEV_00079,155.8
2024-01-06,DEV_00111,75.05
2024-01-10,DEV_00067,7.86
2024-01-11,DEV_00199,5.24
2024-01-18,DEV_00004,35.65
2024-01-15,DEV_00142,27.57
2024-01-18,DEV_00051,12.66
2024-01-20,DEV_00162,3.46
2024-01-08,DEV_00076,9
2024-01-16,DEV_00142,35.43
2024-01-01,DEV_00105,6.22
2024-01-21,DEV_00104,44.48
2024-01-15,DEV_00003,4.46
2024-01-22,DEV_00033,22.63
2024-01-16,DEV_00176,14.72
2024-01-24,DEV_00149,15.38
2024-01-02,DEV_00042,22.19
2024-01-26,DEV_00122,32.3
2024-01-18,DEV_00159,12.43
2024-01-09,DEV_00042,57.34
2024-01-24,DEV_00036,5.29
2024-01-01,DEV_00190,25.61
2024-01-10,DEV_00107,7.25
2024-01-09,DEV_00131,21.51
2024-01-06,DEV_00048,29.98
2024-01-23,DEV_00124,26.47
2024-01-27,DEV_00110,28.32
2024-01-09,DEV_00185,9.02
2024-01-26,DEV_00040,29.06
2024-01-16,DEV_00102,11.02
2024-01-29,DEV_00159,4.26
2024-01-03,DEV_00004,37.69
2024-01-31,DEV_00049,18.46
2024-01-25,DEV_00048,9.07
2024-01-20,DEV_00074,10.8
2024-01-27,DEV_00040,72.57
2024-01-26,DEV_00021,21.95
2024-01-26,DEV_00046,20.78
2024-01-03,DEV_00127,48.64
2024-01-31,DEV_00181,22.9
2024-01-12,DEV_00015,7.93
2024-01-23,DEV_00015,91.7
2024-01-01,DEV_00033,12.96
2024-01-12,DEV_00158,24.66
2024-01-02,DEV_00003,22.49
2024-01-19,DEV_00028,81.81
2024-01-19,DEV_00067,5.93
2024-01-11,DEV_00037,27.11
2024-01-13,DEV_00074,9.74
2024-01-17,DEV_00173,17.81
2024-01-13,DEV_00005,31.11
2024-01-07,DEV_00017,50.52
2024-01-10,DEV_00183,9.83
2024-01-09,DEV_00153,16.99
2024-01-27,DEV_00196,16.95
2024-01-17,DEV_00048,14.41
2024-01-28,DEV_00196,69.3
2024-01-20,DEV_00005,7.21
2024-01-09,DEV_00109,18.29
2024-01-28,DEV_00156,26.48
2024-01-12,DEV_00143,25.22
2024-01-08,DEV_00081,8.95
2024-01-08,DEV_00105,74.38
2024-01-21,DEV_00176,9.24
2024-01-29,DEV_00089,10.05
2024-01-09,DEV_00063,22.28
2024-01-16,DEV_00094,17.86
2024-01-02,DEV_00160,34.13
2024-01-24,DEV_00186,10.34
2024-01-18,DEV_00073,16.7
2024-01-23,DEV_00117,14.93
2024-01-06,DEV_00078,37.4
2024-01-09,DEV_00089,94.56
2024-01-11,DEV_00156,45.54
2024-01-07,DEV_00147,30.93
2024-01-16,DEV_00084,20.48
2024-01-20,DEV_00058,29.11
2024-01-07,DEV_00174,12.41
2024-01-14,DEV_00025,6.43
2024-01-26,DEV_00112,6.33
2024-01-07,DEV_00011,23.27
2024-01-26,DEV_00055,11.95
2024-01-25,DEV_00144,27.26
2024-01-10,DEV_00184,43.37
2024-01-13,DEV_00031,51.18
2024-01-04,DEV_00072,15.91
2024-01-09,DEV_00166,22.77
2024-01-04,DEV_00133,5.13
2024-01-05,DEV_00121,50.28
2024-01-10,DEV_00114,4.37
2024-01-27,DEV_00130,3.05
2024-01-17,DEV_00087,40.22
2024-01-23,DEV_00174,10.82
2024-01-22,DEV_00157,12.35
2024-01-09,DEV_00179,15.87
2024-01-20,DEV_00198,4.07
2024-01-08,DEV_00042,89.47
2024-01-19,DEV_00062,7.89
2024-01-03,DEV_00001,9.1
2024-01-04,DEV_00143,12.77
2024-01-02,DEV_00114,18.28
2024-01-17,DEV_00079,58.37
2024-01-13,DEV_00075,27.25
2024-01-04,DEV_00058,40.13
2024-01-10,DEV_00069,12.99
2024-01-03,DEV_00125,125.01
2024-01-25,DEV_00169,8.35
2024-01-31,DEV_00104,29.13
2024-01-28,DEV_00199,18.69
2024-01-12,DEV_00058,22.84
2024-01-23,DEV_00163,17.82
2024-01-03,DEV_00116,24.93
2024-01-25,DEV_00147,44.39
2024-01-26,DEV_00110,13.58
2024-01-30,DEV_00116,28.9
2024-01-15,DEV_00007,22.93
2024-01-03,DEV_00128,40.61
2024-01-22,DEV_00017,48.23
2024-01-06,DEV_00079,30.85
2024-01-21,DEV_00131,8.75
2024-01-02,DEV_00133,14.66
2024-01-19,DEV_00113,19.06
2024-01-03,DEV_00177,21.47
2024-01-22,DEV_00135,36.15
2024-01-11,DEV_00114,7.47
2024-01-01,DEV_00039,31.2
2024-01-10,DEV_00190,14.05
2024-01-16,DEV_00104,52.96
2024-01-14,DEV_00093,6.9
2024-01-31,DEV_00034,43.63
2024-01-05,DEV_00061,65.77
2024-01-30,DEV_00021,8.04
2024-01-16,DEV_00095,49.19
2024-01-26,DEV_00146,40.97
2024-01-03,DEV_00050,8.32
2024-01-04,DEV_00023,22.58
2024-01-14,DEV_00141,31.33
2024-01-23,DEV_00132,24.97
2024-01-19,DEV_00056,12.95
2024-01-31,DEV_00195,11.95
2024-01-29,DEV_00173,46.94
2024-01-27,DEV_00123,4.51
2024-01-11,DEV_00111,34.44
2024-01-25,DEV_00045,32.62
2024-01-01,DEV_00056,80.94
2024-01-24,DEV_00199,5.12
2024-01-07,DEV_00105,7.33
2024-01-08,DEV_00192,5.03
2024-01-09,DEV_00158,49.1
2024-01-09,DEV_00024,2.99
2024-01-22,DEV_00002,5.82
2024-01-18,DEV_00133,11.29
2024-01-12,DEV_00132,6.03
2024-01-28,DEV_00028,21.25
2024-01-30,DEV_00085,36.35
2024-01-28,DEV_00024,5.53
2024-01-12,DEV_00112,17.61
2024-01-08,DEV_00146,20.99
2024-01-23,DEV_00067,19.25
2024-01-24,DEV_00160,38.08
2024-01-08,DEV_00155,5.28
2024-01-01,DEV_00084,25.62
2024-01-25,DEV_00026,15.98
2024-01-30,DEV_00189,27.93
2024-01-17,DEV_00038,38.87
2024-01-30,DEV_00020,13.1
2024-01-27,DEV_00177,14.4
2024-01-25,DEV_00114,35.26
2024-01-11,DEV_00199,104.38
2024-01-25,DEV_00040,30.53
2024-01-07,DEV_00112,7.68
2024-01-09,DEV_00196,11.27
2024-01-13,DEV_00168,35.99
2024-01-16,DEV_00113,19.12
2024-01-26,DEV_00013,39.79
2024-01-03,DEV_00109,19.26
2024-01-15,DEV_00049,130.77
2024-01-03,DEV_00199,16.37
2024-01-31,DEV_00100,8.13
2024-01-16,DEV_00110,10.45
2024-01-03,DEV_00165,10.51
2024-01-11,DEV_00002,29.2
2024-01-24,DEV_00144,38.41
2024-01-29,DEV_00120,6.9
2024-01-19,DEV_00142,11.2
2024-01-02,DEV_00097,11.99
2024-01-24,DEV_00005,17.39
2024-01-20,DEV_00023,28.35
2024-01-28,DEV_00076,17.44
2024-01-11,DEV_00193,11.73
2024-01-14,DEV_00061,7.76
2024-01-17,DEV_00059,3.63
2024-01-01,DEV_00128,54.16
2024-01-25,DEV_00192,19.67
2024-01-27,DEV_00184,8.91
2024-01-23,DEV_00086,21.53
2024-01-28,DEV_00144,29.74
2024-01-04,DEV_00129,18.33
2024-01-26,DEV_00159,26.55
2024-01-12,DEV_00084,23.23
2024-01-09,DEV_00050,16.26
2024-01-06,DEV_00009,16.05
2024-01-03,DEV_00020,10.7
2024-01-23,DEV_00025,22.06
2024-01-12,DEV_00121,9.79
2024-01-22,DEV_00118,77.5
2024-01-25,DEV_00105,21
2024-01-21,DEV_00034,11.1
2024-01-19,DEV_00141,14
2024-01-05,DEV_00082,27.11
2024-01-26,DEV_00166,14.3
2024-01-10,DEV_00197,11.5
2024-01-24,DEV_00067,25.1
2024-01-21,DEV_00010,26.13
2024-01-02,DEV_00001,11.13
2024-01-15,DEV_00042,77.57
2024-01-02,DEV_00016,29.06
2024-01-29,DEV_00007,6.28
2024-01-26,DEV_00101,19.54
2024-01-07,DEV_00169,27
2024-01-19,DEV_00024,99.06
2024-01-14,DEV_00183,3.18
2024-01-19,DEV_00095,28.96
2024-01-24,DEV_00083,22.54
2024-01-16,DEV_00025,32.71
2024-01-05,DEV_00012,33.06
2024-01-11,DEV_00145,14.48
2024-01-20,DEV_00060,56.04
2024-01-30,DEV_00085,10.22
2024-01-18,DEV_00172,80.33
2024-01-13,DEV_00102,24.77
2024-01-22,DEV_00007,9.59
2024-01-12,DEV_00144,32.81
2024-01-28,DEV_00107,15.13
2024-01-16,DEV_00182,10.58
2024-01-18,DEV_00013,17.18
2024-01-14,DEV_00064,43.43
2024-01-11,DEV_00134,19.11
2024-01-14,DEV_00031,14.32
2024-01-25,DEV_00031,10.39
2024-01-16,DEV_00077,40.36
2024-01-20,DEV_00001,21.46
2024-01-09,DEV_00131,59.49
2024-01-27,DEV_00040,36.76
2024-01-11,DEV_00162,19.34
2024-01-22,DEV_00131,4.89
2024-01-28,DEV_00004,13.69
2024-01-15,DEV_00071,55.85
2024-01-02,DEV_00080,43.3
2024-01-13,DEV_00050,19.22
2024-01-26,DEV_00145,16.59
2024-01-03,DEV_00112,14.85
2024-01-24,DEV_00066,6.42
2024-01-17,DEV_00094,43.94
2024-01-05,DEV_00050,77.72
2024-01-16,DEV_00017,8.22
2024-01-03,DEV_00013,53.34
2024-01-28,DEV_00195,24.37
2024-01-12,DEV_00190,52.82
2024-01-12,DEV_00189,19.55
2024-01-03,DEV_00064,29.1
2024-01-02,DEV_00051,6.75
2024-01-30,DEV_00189,13.54
2024-01-04,DEV_00189,100.17
2024-01-11,DEV_00042,225.99
2024-01-29,DEV_00077,11.92
2024-01-02,DEV_00052,115.2
2024-01-26,DEV_00012,18.49
2024-01-07,DEV_00132,47.75
2024-01-10,DEV_00161,9.1
2024-01-03,DEV_00187,44.4
2024-01-28,DEV_00009,15.29
2024-01-10,DEV_00036,22.4
2024-01-09,DEV_00116,4.29
2024-01-07,DEV_00043,12.73
2024-01-11,DEV_00003,29.49
2024-01-03,DEV_00129,17.66
2024-01-27,DEV_00003,36.34
2024-01-12,DEV_00102,2.88
2024-01-14,DEV_00010,14.49
2024-01-26,DEV_00061,32.04
2024-01-05,DEV_00169,21.44
2024-01-02,DEV_00186,57.02
2024-01-15,DEV_00117,33.69
2024-01-03,DEV_00077,14.07
2024-01-18,DEV_00166,62.75
2024-01-20,DEV_00172,27.4
2024-01-22,DEV_00150,4.5
2024-01-21,DEV_00030,4.02
2024-01-08,DEV_00109,8.22
2024-01-26,DEV_00093,16.57
2024-01-07,DEV_00188,72.74
2024-01-16,DEV_00194,44.43
2024-01-19,DEV_00055,17.24
2024-01-10,DEV_00198,12.78
2024-01-02,DEV_00037,21.29
2024-01-11,DEV_00041,12.27
2024-01-04,DEV_00187,10.98
2024-01-27,DEV_00052,99.75
2024-01-24,DEV_00182,13.21
2024-01-12,DEV_00141,8.86
2024-01-05,DEV_00023,6.7
2024-01-31,DEV_00057,7.44
2024-01-13,DEV_00161,12.85
2024-01-08,DEV_00140,8.17
2024-01-14,DEV_00155,11.34
2024-01-05,DEV_00065,18.48
2024-01-14,DEV_00096,9.14
2024-01-21,DEV_00040,7.99
2024-01-23,DEV_00189,186.7
2024-01-31,DEV_00074,76.94
2024-01-17,DEV_00080,33.04
2024-01-14,DEV_00043,30.15
2024-01-11,DEV_00069,16.21
2024-01-07,DEV_00018,17.72
2024-01-28,DEV_00095,9.68
2024-01-27,DEV_00195,8.35
2024-01-19,DEV_00198,37.08
2024-01-29,DEV_00132,19.78
2024-01-17,DEV_00001,47.45
2024-01-26,DEV_00141,15.37
2024-01-26,DEV_00161,15.25
2024-01-19,DEV_00174,79.38
2024-01-28,DEV_00055,18.75
2024-01-14,DEV_00124,58.78
2024-01-17,DEV_00014,10.38
2024-01-27,DEV_00041,20.07
2024-01-25,DEV_00047,26.22
2024-01-07,DEV_00100,18.87
2024-01-09,DEV_00181,37.85
2024-01-16,DEV_00010,14.62
2024-01-08,DEV_00047,16.42
2024-01-26,DEV_00140,26.81
2024-01-07,DEV_00182,41.83
2024-01-25,DEV_00154,11.36
2024-01-05,DEV_00160,66.24
2024-01-08,DEV_00013,12.56
2024-01-31,DEV_00136,15.22
2024-01-31,DEV_00086,11.38
2024-01-27,DEV_00028,70.39
2024-01-25,DEV_00196,58.03
2024-01-04,DEV_00026,40.63
2024-01-06,DEV_00012,22.28
2024-01-04,DEV_00094,52.55
2024-01-09,DEV_00049,33.1
2024-01-25,DEV_00064,35.75
2024-01-10,DEV_00191,130.24
2024-01-16,DEV_00022,1.16
2024-01-07,DEV_00154,10.9
2024-01-21,DEV_00077,33.67
2024-01-10,DEV_00012,26.11
2024-01-01,DEV_00127,16.08
2024-01-15,DEV_00158,75.48
2024-01-19,DEV_00053,35.21
2024-01-10,DEV_00199,57.12
2024-01-09,DEV_00068,32.02
2024-01-28,DEV_00191,45.68
2024-01-20,DEV_00042,19.37
2024-01-13,DEV_00173,13.49
2024-01-06,DEV_00026,24.69
2024-01-03,DEV_00028,34.75
2024-01-04,DEV_00067,21.5
2024-01-27,DEV_00064,19.65
2024-01-14,DEV_00168,61.43
2024-01-29,DEV_00173,29.87
2024-01-02,DEV_00122,33.73
2024-01-17,DEV_00091,31.53
2024-01-22,DEV_00136,28.11
2024-01-15,DEV_00137,14.43
2024-01-20,DEV_00113,10.72
2024-01-18,DEV_00122,42.48
2024-01-06,DEV_00154,21.1
2024-01-22,DEV_00005,60.22
2024-01-24,DEV_00086,11.34
2024-01-17,DEV_00122,19.5
2024-01-15,DEV_00096,7.91
2024-01-15,DEV_00110,22.58
2024-01-08,DEV_00198,44.54
2024-01-02,DEV_00151,22.96
2024-01-27,DEV_00111,20.22
2024-01-07,DEV_00127,33.86
2024-01-03,DEV_00059,32.3
2024-01-23,DEV_00130,62.36
2024-01-21,DEV_00028,18
2024-01-25,DEV_00022,146.46
2024-01-19,DEV_00085,13.59
2024-01-30,DEV_00049,43.78
2024-01-11,DEV_00105,19.63
2024-01-12,DEV_00110,6.75
2024-01-11,DEV_00036,7.58
2024-01-12,DEV_00093,6.3
2024-01-18,DEV_00196,25.09
2024-01-20,DEV_00099,20.62
2024-01-20,DEV_00110,37.39
2024-01-06,DEV_00169,5.99
2024-01-22,DEV_00080,5.63
2024-01-18,DEV_00156,89.39
2024-01-09,DEV_00074,14.1
2024-01-28,DEV_00085,17.63
2024-01-25,DEV_00052,13.87
2024-01-20,DEV_00143,31.69
2024-01-20,DEV_00097,9.78
2024-01-18,DEV_00012,19.08
2024-01-03,DEV_00026,13.22
2024-01-25,DEV_00131,9.05
2024-01-02,DEV_00035,26.4
2024-01-25,DEV_00156,16.04
2024-01-31,DEV_00184,18.04
2024-01-10,DEV_00046,43.2
2024-01-10,DEV_00018,46.37
2024-01-19,DEV_00137,24.21
2024-01-05,DEV_00019,26.89
2024-01-27,DEV_00069,11.45
2024-01-16,DEV_00117,44.55
2024-01-23,DEV_00176,12.77
2024-01-22,DEV_00110,8.79
2024-01-18,DEV_00101,4.49
2024-01-20,DEV_00104,32.45
2024-01-02,DEV_00086,35.08
2024-01-18,DEV_00054,16.1
2024-01-17,DEV_00108,35.84
2024-01-16,DEV_00098,22.79
2024-01-06,DEV_00059,4.78
2024-01-28,DEV_00102,10.83
2024-01-04,DEV_00142,19.99
2024-01-12,DEV_00084,8.05
2024-01-25,DEV_00117,26.94
2024-01-27,DEV_00186,8.48
2024-01-11,DEV_00016,24.42
2024-01-25,DEV_00051,23.11
2024-01-11,DEV_00064,24.38
2024-01-02,DEV_00179,4.82
2024-01-23,DEV_00182,9.43
2024-01-19,DEV_00075,29.1
2024-01-15,DEV_00009,99.97
2024-01-23,DEV_00128,13.16
2024-01-22,DEV_00111,24.35
2024-01-18,DEV_00158,34.35
2024-01-03,DEV_00139,10
2024-01-16,DEV_00124,10.57
2024-01-19,DEV_00037,16.65
2024-01-14,DEV_00037,14.39
2024-01-06,DEV_00101,12.28
2024-01-15,DEV_00166,11.08
2024-01-08,DEV_00119,30.41
2024-01-04,DEV_00008,36.88
2024-01-09,DEV_00018,26.06
2024-01-26,DEV_00186,11.15
2024-01-23,DEV_00163,33.68
2024-01-13,DEV_00060,34.73
2024-01-19,DEV_00034,21.27
2024-01-23,DEV_00083,18.69
2024-01-29,DEV_00177,15.8
2024-01-03,DEV_00133,23.84
2024-01-12,DEV_00156,47.91
2024-01-05,DEV_00181,39.02
2024-01-17,DEV_00011,117.13
2024-01-09,DEV_00075,15.66
2024-01-22,DEV_00014,19.24
2024-01-04,DEV_00178,15.7
2024-01-08,DEV_00198,10.41
2024-01-11,DEV_00195,8.3
2024-01-20,DEV_00176,10.64
2024-01-01,DEV_00048,24.98
2024-01-01,DEV_00075,19.17
2024-01-19,DEV_00129,75.99
2024-01-19,DEV_00028,37.24
2024-01-27,DEV_00018,99.26
2024-01-22,DEV_00164,38.79
2024-01-14,DEV_00185,6.22
2024-01-25,DEV_00072,12.83
2024-01-31,DEV_00031,24.87
2024-01-15,DEV_00006,20.56
2024-01-14,DEV_00014,10.76
2024-01-31,DEV_00126,26.36
2024-01-11,DEV_00037,12.14
2024-01-30,DEV_00046,51.64
2024-01-31,DEV_00061,32.66
2024-01-23,DEV_00141,17.93
2024-01-01,DEV_00146,14.41
2024-01-20,DEV_00075,15.37
2024-01-29,DEV_00143,12.84
2024-01-01,DEV_00196,65
2024-01-08,DEV_00086,5.51
2024-01-20,DEV_00120,14.93
2024-01-10,DEV_00170,68.09
2024-01-31,DEV_00156,13.03
2024-01-31,DEV_00163,24.85
2024-01-25,DEV_00032,11.71
2024-01-30,DEV_00103,1.51
2024-01-20,DEV_00087,16.32
2024-01-03,DEV_00054,8.64
2024-01-22,DEV_00007,20.01
2024-01-03,DEV_00049,65.71
2024-01-20,DEV_00081,25.3
2024-01-26,DEV_00098,12.4
2024-01-22,DEV_00047,13.66
2024-01-12,DEV_00115,10.76
2024-01-31,DEV_00078,11.14
2024-01-18,DEV_00007,24
2024-01-25,DEV_00171,36.21
2024-01-08,DEV_00175,15.32
2024-01-19,DEV_00052,20.34
2024-01-25,DEV_00152,16.45
2024-01-07,DEV_00028,7.66
2024-01-07,DEV_00010,46.77
2024-01-12,DEV_00048,32.47
2024-01-30,DEV_00091,9.68
2024-01-18,DEV_00135,67.43
2024-01-27,DEV_00016,115.76
2024-01-31,DEV_00145,8.74
2024-01-27,DEV_00146,7.49
2024-01-02,DEV_00142,24.57
2024-01-14,DEV_00037,45.29
2024-01-04,DEV_00192,39.53
2024-01-06,DEV_00044,17.64
2024-01-11,DEV_00174,8.75
2024-01-16,DEV_00045,2.76
2024-01-14,DEV_00103,3.72
2024-01-27,DEV_00166,40.26
2024-01-23,DEV_00040,12.47
2024-01-22,DEV_00172,6.73
2024-01-27,DEV_00066,31.4
2024-01-04,DEV_00150,20.35
2024-01-25,DEV_00181,14.72
2024-01-08,DEV_00175,11.55
2024-01-17,DEV_00002,12.79
2024-01-16,DEV_00077,45.54
2024-01-21,DEV_00134,29.33
2024-01-27,DEV_00159,6.96
2024-01-05,DEV_00084,7.76
2024-01-12,DEV_00178,17.47
2024-01-20,DEV_00052,15.69
2024-01-02,DEV_00087,13.36
2024-01-12,DEV_00096,23.48
2024-01-27,DEV_00196,17.17
2024-01-05,DEV_00001,25.41
2024-01-07,DEV_00074,22.12
2024-01-27,DEV_00027,7.65
2024-01-24,DEV_00062,115.12
2024-01-09,DEV_00007,4.57
2024-01-25,DEV_00150,27.84
2024-01-16,DEV_00120,122.89
2024-01-12,DEV_00049,37.33
2024-01-05,DEV_00141,31.89
2024-01-05,DEV_00135,8.69
2024-01-26,DEV_00059,22.88
2024-01-02,DEV_00100,35.44
2024-01-03,DEV_00149,30.25
2024-01-01,DEV_00045,13.3
2024-01-30,DEV_00117,57.42
2024-01-08,DEV_00034,13.72
2024-01-16,DEV_00146,37.79
2024-01-13,DEV_00133,28.23
2024-01-29,DEV_00155,8.4
2024-01-20,DEV_00065,11.32
2024-01-26,DEV_00053,66.46
2024-01-02,DEV_00144,20.21
2024-01-07,DEV_00018,164.78
2024-01-07,DEV_00052,52.24
2024-01-06,DEV_00100,57.2
2024-01-28,DEV_00181,12.14
2024-01-11,DEV_00142,12.04
2024-01-14,DEV_00187,12.73
2024-01-20,DEV_00110,64.24
2024-01-25,DEV_00197,78.64
2024-01-04,DEV_00177,24.86
2024-01-08,DEV_00137,22.84
2024-01-31,DEV_00099,24.65
2024-01-03,DEV_00109,34.42
2024-01-13,DEV_00167,2.53
2024-01-01,DEV_00147,12.87
2024-01-14,DEV_00122,66.04
2024-01-03,DEV_00116,36.1
2024-01-23,DEV_00175,63.87
2024-01-31,DEV_00129,9.85
2024-01-03,DEV_00058,26.58
2024-01-31,DEV_00068,8.62
2024-01-26,DEV_00188,23.61
2024-01-16,DEV_00176,20.14
2024-01-18,DEV_00128,54.78
2024-01-20,DEV_00177,8.65
2024-01-15,DEV_00134,93.87
2024-01-02,DEV_00034,25.63
2024-01-15,DEV_00179,21.35
2024-01-25,DEV_00077,18.55
2024-01-09,DEV_00172,44.24
2024-01-10,DEV_00175,10.31
2024-01-18,DEV_00057,29.44
2024-01-12,DEV_00013,6.65
2024-01-18,DEV_00186,13.63
2024-01-07,DEV_00118,15.74
2024-01-15,DEV_00180,35.2
2024-01-20,DEV_00159,16.96
2024-01-26,DEV_00113,11.57
2024-01-13,DEV_00046,31.36
2024-01-05,DEV_00152,40.2
2024-01-06,DEV_00020,33.37
2024-01-19,DEV_00005,17.7
2024-01-21,DEV_00026,20.13
2024-01-05,DEV_00135,12.11
2024-01-18,DEV_00013,28.85
2024-01-02,DEV_00033,9.27
2024-01-20,DEV_00098,10.38
2024-01-25,DEV_00187,4.96
2024-01-20,DEV_00120,2.46
2024-01-30,DEV_00171,11.05
2024-01-26,DEV_00164,13.11
2024-01-29,DEV_00192,22.58
2024-01-27,DEV_00145,14.28
2024-01-25,DEV_00005,43.01
2024-01-19,DEV_00162,15.7
2024-01-18,DEV_00150,15.02
2024-01-11,DEV_00064,43.53
2024-01-28,DEV_00035,9.95
2024-01-08,DEV_00009,15.77
2024-01-07,DEV_00176,14.56
2024-01-06,DEV_00042,21.95
2024-01-29,DEV_00144,65.67
2024-01-12,DEV_00139,24.89
2024-01-04,DEV_00108,44.82
2024-01-16,DEV_00156,153.86
2024-01-11,DEV_00186,37.93
2024-01-08,DEV_00055,16.95
2024-01-31,DEV_00168,15.26
2024-01-03,DEV_00018,11.4
2024-01-05,DEV_00088,21.92
2024-01-28,DEV_00148,13.28
2024-01-21,DEV_00198,33.28
2024-01-08,DEV_00120,17.31
2024-01-17,DEV_00169,35.41
2024-01-22,DEV_00108,33.6
2024-01-23,DEV_00161,12.92
2024-01-12,DEV_00051,10.16
2024-01-29,DEV_00101,39.38
2024-01-19,DEV_00078,19.61
2024-01-01,DEV_00174,29.04
2024-01-26,DEV_00036,4.8
2024-01-21,DEV_00124,27.02
2024-01-06,DEV_00163,2.42
2024-01-04,DEV_00142,29.32
2024-01-03,DEV_00039,13.41
2024-01-23,DEV_00154,17.37
2024-01-11,DEV_00192,7.55
2024-01-25,DEV_00191,9.47
2024-01-12,DEV_00010,114.78
2024-01-17,DEV_00074,41.78
2024-01-20,DEV_00030,9.79
2024-01-26,DEV_00141,8.91
2024-01-11,DEV_00072,5.11
2024-01-13,DEV_00102,21.6
2024-01-12,DEV_00091,54.32
2024-01-07,DEV_00090,36.49
2024-01-02,DEV_00104,28.57
2024-01-09,DEV_00012,18.19
2024-01-17,DEV_00137,21.47
2024-01-13,DEV_00167,2.98
2024-01-11,DEV_00109,63.41
2024-01-11,DEV_00124,12.97
2024-01-25,DEV_00038,6.82
2024-01-07,DEV_00068,26.91
2024-01-04,DEV_00171,13.58
2024-01-26,DEV_00044,28.45
2024-01-10,DEV_00033,27.13
2024-01-30,DEV_00086,7.84
2024-01-28,DEV_00126,11.48
2024-01-12,DEV_00071,11.25
2024-01-24,DEV_00009,29.78
2024-01-13,DEV_00109,42.35
2024-01-22,DEV_00085,15.13
2024-01-30,DEV_00114,60.74
2024-01-08,DEV_00059,13.49
2024-01-15,DEV_00108,25.39
2024-01-13,DEV_00167,5.41
2024-01-02,DEV_00084,34.88
2024-01-28,DEV_00085,25.66
2024-01-01,DEV_00147,26.85
2024-01-19,DEV_00184,28.81
2024-01-23,DEV_00139,74.59
2024-01-28,DEV_00184,24.03
2024-01-07,DEV_00072,10.83
2024-01-24,DEV_00081,8.69
2024-01-14,DEV_00057,56.66
2024-01-19,DEV_00132,15.43
2024-01-11,DEV_00151,23.55
2024-01-09,DEV_00153,28.91
2024-01-10,DEV_00149,8.03
2024-01-17,DEV_00161,23.12
2024-01-25,DEV_00164,58.13
2024-01-08,DEV_00084,24.19
2024-01-14,DEV_00101,46.08
2024-01-20,DEV_00149,27.36
2024-01-16,DEV_00003,2.85
2024-01-25,DEV_00189,40.08
2024-01-11,DEV_00048,49.63
2024-01-02,DEV_00093,26.95
2024-01-16,DEV_00189,15.64
2024-01-28,DEV_00064,30.51
2024-01-17,DEV_00043,9.13
2024-01-02,DEV_00049,29.25
2024-01-07,DEV_00163,21.33
2024-01-27,DEV_00198,18.7
2024-01-22,DEV_00113,6.65
2024-01-23,DEV_00182,9.04
2024-01-10,DEV_00090,122.08
2024-01-16,DEV_00111,13.47
2024-01-17,DEV_00014,21.72
2024-01-21,DEV_00037,23.34
2024-01-31,DEV_00158,19.16
2024-01-03,DEV_00041,8.45
2024-01-19,DEV_00108,18.87
2024-01-04,DEV_00006,31.7
2024-01-30,DEV_00008,12.08
2024-01-05,DEV_00152,38.48
2024-01-25,DEV_00193,14.78
2024-01-26,DEV_00056,16.09
2024-01-11,DEV_00112,7.26
2024-01-01,DEV_00174,42.58
2024-01-26,DEV_00030,10.07
2024-01-04,DEV_00180,63.27
2024-01-20,DEV_00064,10.2
2024-01-13,DEV_00091,5.16
2024-01-19,DEV_00043,141.37
2024-01-16,DEV_00116,10.65
2024-01-03,DEV_00078,18.23
2024-01-15,DEV_00118,23.44
2024-01-13,DEV_00046,24.36
2024-01-29,DEV_00034,39.17
2024-01-27,DEV_00081,5.06
2024-01-10,DEV_00199,10.16
2024-01-02,DEV_00162,56.93
2024-01-19,DEV_00091,10.81
2024-01-17,DEV_00063,53.14
2024-01-23,DEV_00172,17.96
2024-01-28,DEV_00086,66.51
2024-01-09,DEV_00054,43.51
2024-01-10,DEV_00029,60.99
2024-01-23,DEV_00149,31.84
2024-01-15,DEV_00026,17.97
2024-01-20,DEV_00071,23.01
2024-01-26,DEV_00191,203.33
2024-01-03,DEV_00062,5.97
2024-01-07,DEV_00086,14.03
2024-01-31,DEV_00029,19.16
2024-01-27,DEV_00044,15.38
2024-01-03,DEV_00155,33.22
2024-01-27,DEV_00173,82.57
2024-01-07,DEV_00189,54.44
2024-01-02,DEV_00180,29.71
2024-01-21,DEV_00077,3.19
2024-01-21,DEV_00105,5.79
2024-01-20,DEV_00087,72.92
2024-01-30,DEV_00181,27.73
2024-01-31,DEV_00113,7.16
2024-01-29,DEV_00060,3.56
2024-01-07,DEV_00178,41.16
2024-01-02,DEV_00005,12.4
2024-01-19,DEV_00037,54.79
2024-01-10,DEV_00101,119.67
2024-01-30,DEV_00170,47
2024-01-16,DEV_00102,17.87
2024-01-31,DEV_00028,53.9
2024-01-05,DEV_00128,22.18
2024-01-01,DEV_00153,10.82
2024-01-26,DEV_00166,5.56
2024-01-04,DEV_00116,8.57
2024-01-28,DEV_00061,45.28
2024-01-25,DEV_00033,6.58
2024-01-30,DEV_00012,49.38
2024-01-06,DEV_00001,7.4
2024-01-09,DEV_00090,19.45
2024-01-27,DEV_00085,10.6
2024-01-10,DEV_00105,16.6
2024-01-04,DEV_00081,6.91
2024-01-06,DEV_00035,5.02
2024-01-17,DEV_00001,45.16
2024-01-04,DEV_00121,107.89
2024-01-21,DEV_00166,61.14
2024-01-01,DEV_00115,21.16
2024-01-13,DEV_00002,7.06
2024-01-01,DEV_00039,20.11
2024-01-15,DEV_00086,7.95
2024-01-26,DEV_00118,35.25
2024-01-11,DEV_00155,5.4
2024-01-05,DEV_00183,24.84
2024-01-25,DEV_00034,23.19
2024-01-03,DEV_00097,43.8
2024-01-08,DEV_00062,75.79
2024-01-24,DEV_00046,12.73
2024-01-09,DEV_00189,8.2
2024-01-11,DEV_00176,7.66
2024-01-19,DEV_00089,16.12
2024-01-27,DEV_00147,33.67
2024-01-08,DEV_00072,80.01
2024-01-25,DEV_00090,23.05
2024-01-20,DEV_00151,6.93
2024-01-10,DEV_00101,62.97
2024-01-29,DEV_00142,41.44
2024-01-03,DEV_00088,45.5
2024-01-07,DEV_00194,17.97
2024-01-17,DEV_00023,62.78
2024-01-26,DEV_00143,13.59
2024-01-03,DEV_00179,26.01
2024-01-10,DEV_00155,13.46
2024-01-19,DEV_00185,42.94
2024-01-08,DEV_00134,3.67
2024-01-04,DEV_00072,24.21
2024-01-12,DEV_00050,13.67
2024-01-27,DEV_00193,23.62
2024-01-05,DEV_00151,4.15
2024-01-12,DEV_00146,35.86
2024-01-20,DEV_00085,13.58
2024-01-08,DEV_00134,5.09
2024-01-27,DEV_00102,41.85
2024-01-30,DEV_00153,19.67
2024-01-31,DEV_00061,9.9
2024-01-15,DEV_00049,10.84
2024-01-26,DEV_00175,15.62
2024-01-04,DEV_00186,19.44
2024-01-13,DEV_00035,15.99
2024-01-28,DEV_00197,30.75
2024-01-28,DEV_00037,50.73
2024-01-10,DEV_00188,31.1
2024-01-01,DEV_00113,4.45
2024-01-01,DEV_00096,54.91
2024-01-08,DEV_00043,12.03
2024-01-30,DEV_00113,21.98
2024-01-27,DEV_00161,15.55
2024-01-17,DEV_00148,50.49
2024-01-11,DEV_00174,32.77
2024-01-21,DEV_00021,10.28
2024-01-22,DEV_00115,19.98
2024-01-25,DEV_00058,14.04
2024-01-28,DEV_00106,17.25
2024-01-20,DEV_00056,11.33
2024-01-11,DEV_00153,20.88
2024-01-08,DEV_00028,62.86
2024-01-28,DEV_00147,6.05
2024-01-09,DEV_00060,10.43
2024-01-27,DEV_00030,54.82
2024-01-18,DEV_00150,16.4
2024-01-23,DEV_00171,9.84
2024-01-23,DEV_00182,11.69
2024-01-07,DEV_00165,46.26
2024-01-29,DEV_00098,3.27
2024-01-29,DEV_00033,12.55
2024-01-28,DEV_00026,3.73
2024-01-16,DEV_00188,10.72
2024-01-19,DEV_00086,16.22
2024-01-07,DEV_00156,20.68
2024-01-10,DEV_00169,113.5
2024-01-08,DEV_00071,50.04
2024-01-21,DEV_00092,69.02
2024-01-18,DEV_00058,27.16
2024-01-23,DEV_00195,76.6
2024-01-07,DEV_00001,48.08
2024-01-24,DEV_00060,16.7
2024-01-15,DEV_00104,37.22
2024-01-27,DEV_00166,71.51
2024-01-26,DEV_00186,64.62
2024-01-31,DEV_00055,11.14
2024-01-17,DEV_00194,72.94
2024-01-17,DEV_00088,32.73
2024-01-21,DEV_00161,4.09
2024-01-23,DEV_00132,14.09
2024-01-07,DEV_00086,14.45
2024-01-27,DEV_00145,6.29
2024-01-03,DEV_00132,3.08
2024-01-04,DEV_00053,26.12
2024-01-01,DEV_00008,16.74
2024-01-16,DEV_00084,24.47
2024-01-28,DEV_00010,49.61
2024-01-25,DEV_00040,24.62
2024-01-07,DEV_00048,12.12
2024-01-27,DEV_00073,6.95
2024-01-05,DEV_00046,7.81
2024-01-12,DEV_00150,3.27
2024-01-07,DEV_00127,26.36
2024-01-28,DEV_00136,81.22
2024-01-24,DEV_00146,18.84
2024-01-30,DEV_00121,19.43
2024-01-31,DEV_00053,69.96
2024-01-07,DEV_00023,17.98
2024-01-24,DEV_00122,33.27
2024-01-27,DEV_00015,25.67
2024-01-29,DEV_00119,26.63
2024-01-08,DEV_00076,21.79
2024-01-28,DEV_00022,138.53
2024-01-26,DEV_00010,16.25
2024-01-11,DEV_00164,10.75
2024-01-25,DEV_00033,44.19
2024-01-07,DEV_00134,7.45
2024-01-21,DEV_00136,11.11
2024-01-07,DEV_00050,3.43
2024-01-22,DEV_00169,31.87
2024-01-27,DEV_00195,45.23
2024-01-17,DEV_00125,8.17
2024-01-19,DEV_00048,15.99
2024-01-19,DEV_00064,5.9
2024-01-07,DEV_00075,9.99
2024-01-19,DEV_00088,10.11
2024-01-27,DEV_00157,30.03
2024-01-09,DEV_00096,32.26
2024-01-05,DEV_00098,24.89
2024-01-17,DEV_00131,13.44
2024-01-09,DEV_00011,26.78
2024-01-03,DEV_00037,18.56
2024-01-29,DEV_00039,10.36
2024-01-05,DEV_00088,2.09
2024-01-04,DEV_00132,8.39
2024-01-02,DEV_00165,18.21
2024-01-10,DEV_00164,19.39
2024-01-29,DEV_00169,24.05
2024-01-22,DEV_00009,52.6
2024-01-26,DEV_00091,70.37
2024-01-23,DEV_00049,51.63
2024-01-16,DEV_00067,42.66
2024-01-03,DEV_00085,9.68
2024-01-01,DEV_00111,96.73
2024-01-23,DEV_00106,10.99
2024-01-04,DEV_00194,13.54
2024-01-24,DEV_00122,13.89
2024-01-25,DEV_00124,140.61
2024-01-13,DEV_00190,12.6
2024-01-18,DEV_00045,17.93
2024-01-08,DEV_00137,29.15
2024-01-27,DEV_00081,52.56
2024-01-31,DEV_00058,22.73
2024-01-22,DEV_00190,16.24
2024-01-10,DEV_00005,13.57
2024-01-30,DEV_00022,7.71
2024-01-02,DEV_00066,14.29
2024-01-25,DEV_00152,53.23
2024-01-27,DEV_00012,24.52
2024-01-10,DEV_00015,55.5
2024-01-22,DEV_00053,64.02
2024-01-22,DEV_00031,13.21
2024-01-29,DEV_00130,7.49
2024-01-15,DEV_00110,3.98
2024-01-03,DEV_00113,5.77
2024-01-02,DEV_00098,41.08
2024-01-31,DEV_00028,8.5
2024-01-09,DEV_00020,32.88
2024-01-18,DEV_00200,89.3
2024-01-24,DEV_00099,166.7
2024-01-19,DEV_00066,18.28
2024-01-16,DEV_00052,7.51
2024-01-19,DEV_00154,7.7
2024-01-12,DEV_00081,15.82
2024-01-13,DEV_00116,20.79
2024-01-05,DEV_00011,23.35
2024-01-02,DEV_00162,36.03
2024-01-17,DEV_00179,32.83
2024-01-06,DEV_00122,36.23
2024-01-16,DEV_00040,48.12
2024-01-18,DEV_00070,12.54
2024-01-16,DEV_00166,9.43
2024-01-29,DEV_00040,21.18
2024-01-28,DEV_00037,110.51
2024-01-31,DEV_00023,6.55
2024-01-07,DEV_00148,20.94
2024-01-18,DEV_00199,8.41
2024-01-01,DEV_00153,9.61
2024-01-05,DEV_00002,14.74
2024-01-27,DEV_00134,16.26
2024-01-05,DEV_00020,39.5
2024-01-13,DEV_00083,22.79
2024-01-04,DEV_00061,17.53
2024-01-10,DEV_00023,12.05
2024-01-13,DEV_00066,22.5
2024-01-09,DEV_00023,87.3
2024-01-08,DEV_00020,9.01
2024-01-20,DEV_00183,11.17
2024-01-10,DEV_00173,13.93
2024-01-01,DEV_00167,5.69
2024-01-04,DEV_00039,22.42
2024-01-11,DEV_00040,31.54
2024-01-15,DEV_00165,15.24
2024-01-14,DEV_00151,51.3
2024-01-02,DEV_00177,20.22
2024-01-23,DEV_00043,19.06
2024-01-17,DEV_00153,16.13
2024-01-25,DEV_00121,23.65
2024-01-12,DEV_00062,7.73
2024-01-15,DEV_00102,48.23
2024-01-19,DEV_00144,27.03
2024-01-10,DEV_00075,35.16
2024-01-25,DEV_00074,44.09
2024-01-11,DEV_00055,11.08
2024-01-21,DEV_00079,1.45
2024-01-14,DEV_00085,23.75
2024-01-17,DEV_00029,62.16
2024-01-04,DEV_00106,45.65
2024-01-08,DEV_00025,30.71
2024-01-26,DEV_00035,5.8
2024-01-09,DEV_00149,44.62
2024-01-28,DEV_00112,2.76
2024-01-14,DEV_00087,16.5
2024-01-30,DEV_00138,33.07
2024-01-13,DEV_00193,22.63
2024-01-23,DEV_00141,411.61
2024-01-10,DEV_00196,11.34
2024-01-31,DEV_00070,45.05
2024-01-11,DEV_00070,6.89
2024-01-10,DEV_00147,53.95
2024-01-24,DEV_00049,81.73
2024-01-15,DEV_00135,9.9
2024-01-19,DEV_00176,18.38
2024-01-28,DEV_00199,18.67
2024-01-23,DEV_00126,9.4
2024-01-16,DEV_00150,15.04
2024-01-30,DEV_00086,80.31
2024-01-16,DEV_00151,16.02
2024-01-27,DEV_00171,52.57
2024-01-29,DEV_00024,11.04
2024-01-23,DEV_00075,3.36
2024-01-02,DEV_00165,6
2024-01-11,DEV_00012,12.24
2024-01-25,DEV_00045,8.74
2024-01-28,DEV_00027,37.9
2024-01-16,DEV_00090,4.83
2024-01-23,DEV_00188,9.03
2024-01-28,DEV_00136,17.01
2024-01-23,DEV_00078,38.56
2024-01-26,DEV_00065,11.46
2024-01-07,DEV_00117,6.67
2024-01-15,DEV_00146,15.76
2024-01-04,DEV_00037,42.63
2024-01-08,DEV_00194,43.47
2024-01-11,DEV_00125,38.62
2024-01-06,DEV_00198,5.2
2024-01-21,DEV_00070,28.31
2024-01-31,DEV_00134,13.34
2024-01-08,DEV_00147,6.89
2024-01-19,DEV_00030,38.79
2024-01-03,DEV_00122,29.15
2024-01-26,DEV_00151,4.71
2024-01-01,DEV_00030,7.91
2024-01-29,DEV_00196,7.12
2024-01-18,DEV_00023,32.57
2024-01-30,DEV_00136,18.91
2024-01-06,DEV_00197,50.15
2024-01-26,DEV_00144,6.13
2024-01-30,DEV_00094,3.25
2024-01-17,DEV_00016,6.18
2024-01-15,DEV_00030,60.81
2024-01-24,DEV_00110,23.1
2024-01-29,DEV_00127,25.18
2024-01-04,DEV_00054,94.87
2024-01-22,DEV_00122,6.36
2024-01-29,DEV_00166,92.22
2024-01-02,DEV_00065,23.56
2024-01-22,DEV_00065,22.79
2024-01-31,DEV_00117,70.24
2024-01-15,DEV_00166,18.58
2024-01-09,DEV_00166,8.64
2024-01-14,DEV_00169,15.18
2024-01-11,DEV_00032,51.07
2024-01-07,DEV_00124,19.6
2024-01-01,DEV_00199,41.03
2024-01-23,DEV_00195,14.72
2024-01-05,DEV_00147,9.37
2024-01-25,DEV_00053,8.71
2024-01-11,DEV_00050,19.79
2024-01-16,DEV_00046,17.66
2024-01-25,DEV_00052,30.94
2024-01-07,DEV_00080,58.76
2024-01-11,DEV_00185,18.53
2024-01-21,DEV_00145,9.74
2024-01-21,DEV_00182,4.14
2024-01-02,DEV_00121,7.11
2024-01-18,DEV_00129,18.45
2024-01-25,DEV_00083,9.83
2024-01-19,DEV_00180,8.44
2024-01-08,DEV_00096,60.36
2024-01-01,DEV_00040,21.22
2024-01-15,DEV_00198,18.24
2024-01-26,DEV_00084,12.56
2024-01-24,DEV_00103,21.62
2024-01-29,DEV_00025,46.96
2024-01-12,DEV_00090,22.48
2024-01-16,DEV_00026,4.24
2024-01-26,DEV_00095,49.48
2024-01-10,DEV_00068,17.87
2024-01-19,DEV_00197,32.29
2024-01-22,DEV_00161,6.84
2024-01-26,DEV_00107,5.45
2024-01-15,DEV_00052,21.82
2024-01-25,DEV_00149,9.88
2024-01-21,DEV_00089,70.26
2024-01-08,DEV_00092,29.1
2024-01-12,DEV_00110,76.87
2024-01-21,DEV_00106,22.73
2024-01-09,DEV_00166,20.15
2024-01-22,DEV_00033,19.97
2024-01-31,DEV_00034,20.24
2024-01-14,DEV_00004,33.64
2024-01-17,DEV_00071,2.46
2024-01-13,DEV_00098,10.62
2024-01-03,DEV_00009,6.88
2024-01-14,DEV_00043,20.57
2024-01-06,DEV_00045,3.69
2024-01-31,DEV_00093,9.18
2024-01-13,DEV_00125,32.78
2024-01-08,DEV_00061,19.39
2024-01-06,DEV_00196,43.08
2024-01-01,DEV_00096,37.05
2024-01-23,DEV_00186,35.66
2024-01-01,DEV_00079,14.14
2024-01-05,DEV_00025,11.43
2024-01-13,DEV_00176,17.08
2024-01-14,DEV_00128,16.26
2024-01-06,DEV_00184,13.15
2024-01-05,DEV_00075,15.35
2024-01-31,DEV_00135,61.13
2024-01-29,DEV_00059,19.16
2024-01-17,DEV_00091,8.93
2024-01-08,DEV_00048,10.9
2024-01-16,DEV_00040,10.7
2024-01-22,DEV_00080,164.39
2024-01-20,DEV_00069,91.16
2024-01-01,DEV_00081,6.77
2024-01-08,DEV_00024,4.17
2024-01-15,DEV_00008,11.51
2024-01-02,DEV_00021,4.5
2024-01-03,DEV_00026,18.65
2024-01-05,DEV_00014,62.71
2024-01-31,DEV_00079,17.26
2024-01-07,DEV_00060,8.28
2024-01-23,DEV_00104,9.09
2024-01-21,DEV_00123,12.28
2024-01-17,DEV_00086,17.12
2024-01-08,DEV_00056,12.62
2024-01-08,DEV_00118,9.79
2024-01-28,DEV_00109,23.34
2024-01-04,DEV_00001,13.23
2024-01-11,DEV_00183,11.86
2024-01-20,DEV_00066,11.04
2024-01-05,DEV_00046,12.34
2024-01-11,DEV_00180,35.36
2024-01-16,DEV_00028,18.99
2024-01-01,DEV_00016,61.88
2024-01-30,DEV_00070,13.74
2024-01-15,DEV_00113,19.51
2024-01-20,DEV_00065,45.87
2024-01-13,DEV_00200,7.09
2024-01-29,DEV_00097,13.61
2024-01-30,DEV_00094,52.92
2024-01-30,DEV_00011,6.06
2024-01-08,DEV_00150,43.78
2024-01-20,DEV_00067,15.72
2024-01-11,DEV_00033,13.84
2024-01-25,DEV_00038,14.13
2024-01-03,DEV_00162,24.57
2024-01-30,DEV_00170,25.34
2024-01-27,DEV_00132,23.56
2024-01-11,DEV_00029,37.11
2024-01-01,DEV_00110,7.72
2024-01-13,DEV_00101,15.96
2024-01-03,DEV_00073,13.17
2024-01-22,DEV_00039,15.89
2024-01-09,DEV_00125,3.32
2024-01-13,DEV_00017,18.95
2024-01-02,DEV_00119,427.59
2024-01-08,DEV_00030,45.26
2024-01-31,DEV_00064,21.24
2024-01-24,DEV_00078,12.66
2024-01-20,DEV_00098,34.87
2024-01-24,DEV_00172,16.14
2024-01-05,DEV_00001,16.08
2024-01-12,DEV_00137,9.63
2024-01-15,DEV_00156,9.13
2024-01-05,DEV_00062,21.58
2024-01-01,DEV_00006,17.65
2024-01-07,DEV_00009,26.34
2024-01-01,DEV_00122,7.91
2024-01-13,DEV_00012,10.07
2024-01-24,DEV_00078,16.16
2024-01-12,DEV_00138,31.56
2024-01-25,DEV_00145,43.9
2024-01-11,DEV_00174,5.48
2024-01-04,DEV_00125,104.32
2024-01-22,DEV_00166,64.46
2024-01-29,DEV_00034,37.3
2024-01-24,DEV_00140,12.06
2024-01-06,DEV_00049,32.09
2024-01-25,DEV_00189,15.24
2024-01-11,DEV_00083,9.26
2024-01-27,DEV_00172,16.57
2024-01-19,DEV_00022,29.72
2024-01-01,DEV_00052,258.04
2024-01-17,DEV_00001,23.66
2024-01-27,DEV_00122,22.6
2024-01-02,DEV_00149,34.8
2024-01-15,DEV_00056,7.83
2024-01-18,DEV_00062,54.15
2024-01-11,DEV_00046,74.66
2024-01-04,DEV_00017,19.06
2024-01-03,DEV_00131,20.69
2024-01-21,DEV_00163,20.23
2024-01-29,DEV_00164,40
2024-01-27,DEV_00118,27.16
2024-01-16,DEV_00131,7.3
2024-01-08,DEV_00073,11.21
2024-01-21,DEV_00042,6.44
2024-01-04,DEV_00200,69.67
2024-01-18,DEV_00111,32.7
2024-01-23,DEV_00064,10.86
2024-01-22,DEV_00029,50.04
2024-01-15,DEV_00036,94.45
2024-01-18,DEV_00174,42.04
2024-01-14,DEV_00114,6.35
2024-01-06,DEV_00188,73.74
2024-01-31,DEV_00134,26.38
2024-01-14,DEV_00017,9.88
2024-01-06,DEV_00015,13.27
2024-01-27,DEV_00174,22.22
2024-01-09,DEV_00194,35.39
2024-01-02,DEV_00166,17.19
2024-01-12,DEV_00156,18.73
2024-01-03,DEV_00180,12.08
2024-01-08,DEV_00078,43.07
2024-01-24,DEV_00157,36.39
2024-01-02,DEV_00097,26.33
2024-01-28,DEV_00184,50.48
2024-01-20,DEV_00064,20.28
2024-01-16,DEV_00114,58
2024-01-27,DEV_00047,29.51
2024-01-28,DEV_00196,9.93
2024-01-31,DEV_00010,33.25
2024-01-28,DEV_00060,75.2
2024-01-07,DEV_00014,14.91
2024-01-25,DEV_00137,24.17
2024-01-07,DEV_00072,32.06
2024-01-21,DEV_00051,7.43
2024-01-20,DEV_00087,10.08
2024-01-04,DEV_00168,15.13
2024-01-22,DEV_00106,17.18
2024-01-11,DEV_00128,8.15
2024-01-22,DEV_00133,30.12
2024-01-18,DEV_00061,10.52
2024-01-20,DEV_00121,11.41
2024-01-18,DEV_00174,13.79
2024-01-20,DEV_00137,100.72
2024-01-06,DEV_00192,13.8
2024-01-17,DEV_00025,10.64
2024-01-19,DEV_00010,20.95
2024-01-27,DEV_00159,23.33
2024-01-02,DEV_00088,21.96
2024-01-01,DEV_00170,24.78
2024-01-07,DEV_00088,73.7
2024-01-09,DEV_00043,49.95
2024-01-04,DEV_00072,33.31
2024-01-16,DEV_00031,54.33
2024-01-14,DEV_00167,19.33
2024-01-15,DEV_00189,26.11
2024-01-05,DEV_00119,6.25
2024-01-17,DEV_00135,52.69
2024-01-30,DEV_00050,31.34
2024-01-23,DEV_00136,14.47
2024-01-27,DEV_00168,3.92
2024-01-08,DEV_00053,41.32
2024-01-02,DEV_00147,28.25
2024-01-15,DEV_00031,47.4
2024-01-04,DEV_00052,50.92
2024-01-29,DEV_00088,87.99
2024-01-05,DEV_00013,71.48
2024-01-23,DEV_00137,57.12
2024-01-03,DEV_00184,21.74
2024-01-14,DEV_00050,2.39
2024-01-30,DEV_00060,20.11
2024-01-26,DEV_00170,53.86
2024-01-10,DEV_00065,9.89
2024-01-29,DEV_00196,11.22
2024-01-24,DEV_00031,18.14
2024-01-27,DEV_00173,5.73
2024-01-13,DEV_00150,52.92
2024-01-26,DEV_00173,38.76
2024-01-10,DEV_00162,54.11
2024-01-08,DEV_00124,115.44
2024-01-24,DEV_00086,26.54
2024-01-05,DEV_00186,41.1
2024-01-20,DEV_00100,15.01
2024-01-30,DEV_00078,4.21
2024-01-18,DEV_00063,27.49
2024-01-16,DEV_00069,14.81
2024-01-16,DEV_00113,4.06
2024-01-15,DEV_00185,19.25
2024-01-11,DEV_00130,13.55
2024-01-25,DEV_00113,108.78
2024-01-26,DEV_00002,20.58
2024-01-05,DEV_00074,14.52
2024-01-08,DEV_00090,24.93
2024-01-11,DEV_00080,17.15
2024-01-26,DEV_00076,23.63
2024-01-10,DEV_00056,37.98
2024-01-20,DEV_00099,12.23
2024-01-13,DEV_00012,36.82
2024-01-01,DEV_00172,7.2
2024-01-15,DEV_00186,11.59
2024-01-29,DEV_00084,11.47
2024-01-21,DEV_00199,30.77
2024-01-15,DEV_00067,11.21
2024-01-17,DEV_00170,118.74
2024-01-06,DEV_00071,35.01
2024-01-05,DEV_00016,6.42
2024-01-19,DEV_00063,14.65
2024-01-22,DEV_00047,6.13
2024-01-23,DEV_00114,17.87
2024-01-26,DEV_00160,47.3
2024-01-10,DEV_00140,8.77
2024-01-14,DEV_00068,8.69
2024-01-23,DEV_00049,18.19
2024-01-04,DEV_00074,77.87
2024-01-03,DEV_00187,23.4
2024-01-17,DEV_00189,14.72
2024-01-27,DEV_00072,12.07
2024-01-06,DEV_00001,2.64
2024-01-06,DEV_00132,34.57
2024-01-31,DEV_00191,10.84
2024-01-09,DEV_00090,48.18
2024-01-25,DEV_00168,15.67
2024-01-10,DEV_00006,41.27
2024-01-13,DEV_00146,15.4
2024-01-05,DEV_00171,42.2
2024-01-29,DEV_00039,41.79
2024-01-18,DEV_00029,55.33
2024-01-02,DEV_00126,5.68
2024-01-03,DEV_00184,20.65
2024-01-15,DEV_00178,39.78
2024-01-30,DEV_00147,33.37
2024-01-16,DEV_00139,20.13
2024-01-09,DEV_00101,68.78
2024-01-28,DEV_00115,18.61
2024-01-22,DEV_00193,5.84
2024-01-29,DEV_00077,4.83
2024-01-19,DEV_00111,55.35
2024-01-13,DEV_00179,48.95
2024-01-11,DEV_00130,23.09
2024-01-04,DEV_00001,31.72
2024-01-25,DEV_00030,4.84
2024-01-18,DEV_00107,22.14
2024-01-23,DEV_00055,8.69
2024-01-24,DEV_00179,92.64
2024-01-31,DEV_00177,19.99
2024-01-17,DEV_00061,21.67
2024-01-21,DEV_00189,19.26
2024-01-21,DEV_00044,47.42
2024-01-16,DEV_00161,15.35
2024-01-30,DEV_00078,13.29
2024-01-10,DEV_00054,6.2
2024-01-17,DEV_00087,18.07
2024-01-15,DEV_00124,48.42
2024-01-02,DEV_00123,34.67
2024-01-06,DEV_00161,8.4
2024-01-16,DEV_00058,27.51
2024-01-16,DEV_00024,5.87
2024-01-05,DEV_00006,8.94
2024-01-10,DEV_00022,5.62
2024-01-04,DEV_00081,21
2024-01-19,DEV_00073,11.54
2024-01-05,DEV_00189,27.74
2024-01-15,DEV_00055,15.48
2024-01-21,DEV_00157,11.51
2024-01-08,DEV_00154,65.39
2024-01-28,DEV_00041,4.71
2024-01-18,DEV_00005,4.04
2024-01-17,DEV_00086,31.71
2024-01-26,DEV_00091,1.21
2024-01-24,DEV_00152,30.91
2024-01-01,DEV_00058,38.4
2024-01-11,DEV_00037,8.89
2024-01-19,DEV_00089,22.92
2024-01-07,DEV_00037,16.79
2024-01-31,DEV_00050,8.07
2024-01-02,DEV_00026,10
2024-01-07,DEV_00118,14.27
2024-01-24,DEV_00059,23.57
2024-01-26,DEV_00050,6.33
2024-01-25,DEV_00019,4.69
2024-01-17,DEV_00011,37.4
2024-01-01,DEV_00020,6.15
2024-01-20,DEV_00047,75.15
2024-01-10,DEV_00152,5.23
2024-01-06,DEV_00197,21.44
2024-01-03,DEV_00114,31.25
2024-01-29,DEV_00192,17.03
2024-01-12,DEV_00145,21.29
2024-01-04,DEV_00050,8.16
2024-01-01,DEV_00178,7.59
2024-01-10,DEV_00171,5.46
2024-01-23,DEV_00164,19.21
2024-01-28,DEV_00068,23.37
2024-01-06,DEV_00012,22.34
2024-01-14,DEV_00069,14.16
2024-01-23,DEV_00165,20.34
2024-01-14,DEV_00048,30.3
2024-01-29,DEV_00025,10.48
2024-01-23,DEV_00016,14.54
2024-01-01,DEV_00144,9.6
2024-01-27,DEV_00124,19.56
2024-01-27,DEV_00167,47.75
2024-01-08,DEV_00133,21.15
2024-01-14,DEV_00073,30.61
2024-01-03,DEV_00075,20.27
2024-01-03,DEV_00040,4.26
2024-01-05,DEV_00163,5.96
2024-01-12,DEV_00042,14.55
2024-01-29,DEV_00077,20.4
2024-01-10,DEV_00081,7.85
2024-01-18,DEV_00034,24.19
2024-01-21,DEV_00020,7.86
2024-01-05,DEV_00158,20.24
2024-01-07,DEV_00058,18.61
2024-01-14,DEV_00064,34.96
2024-01-27,DEV_00103,18.04
2024-01-31,DEV_00174,18.27
2024-01-30,DEV_00034,3.82
2024-01-07,DEV_00043,42.8
2024-01-26,DEV_00024,6.76
2024-01-07,DEV_00081,37.14
2024-01-10,DEV_00122,4.38
2024-01-30,DEV_00124,9.29
2024-01-17,DEV_00026,21.96
2024-01-24,DEV_00122,16.85
2024-01-17,DEV_00045,62.26
2024-01-11,DEV_00125,34.11
2024-01-11,DEV_00074,5
2024-01-06,DEV_00171,13.52
2024-01-08,DEV_00103,7.73
2024-01-04,DEV_00170,20.26
2024-01-19,DEV_00009,18.85
2024-01-11,DEV_00063,21.55
2024-01-31,DEV_00100,40.58
2024-01-12,DEV_00115,10.18
2024-01-11,DEV_00036,15.04
2024-01-27,DEV_00173,98.57
2024-01-20,DEV_00069,28.88
2024-01-21,DEV_00011,23.32
2024-01-05,DEV_00152,17.96
2024-01-13,DEV_00115,81.51
2024-01-26,DEV_00117,36.96
2024-01-16,DEV_00173,82.57
2024-01-08,DEV_00057,56.69
2024-01-03,DEV_00055,13.22
2024-01-02,DEV_00110,86.93
2024-01-22,DEV_00181,18.34
2024-01-06,DEV_00163,25.41
2024-01-22,DEV_00094,91.38
2024-01-27,DEV_00130,113.49
2024-01-20,DEV_00007,26.67
2024-01-25,DEV_00126,65.57
2024-01-19,DEV_00173,44.03
2024-01-27,DEV_00117,6.04
2024-01-16,DEV_00027,4.22
2024-01-29,DEV_00197,90.82
2024-01-07,DEV_00198,12.94
2024-01-29,DEV_00175,87.06
2024-01-06,DEV_00194,65.39
2024-01-26,DEV_00072,46.14
2024-01-23,DEV_00198,15.07
2024-01-03,DEV_00148,13.9
2024-01-14,DEV_00082,145.77
2024-01-21,DEV_00151,24.3
2024-01-10,DEV_00117,15.21
2024-01-12,DEV_00060,12.57
2024-01-03,DEV_00191,14.16
2024-01-05,DEV_00141,11.83
2024-01-21,DEV_00132,19.32
2024-01-23,DEV_00148,12.35
2024-01-18,DEV_00106,60.23
2024-01-02,DEV_00177,22.59
2024-01-21,DEV_00027,13.73
2024-01-19,DEV_00040,14.13
2024-01-31,DEV_00052,191.43
2024-01-11,DEV_00133,10.93
2024-01-13,DEV_00096,168.69
2024-01-18,DEV_00155,28.53
2024-01-04,DEV_00172,14.44
2024-01-24,DEV_00177,21.96
2024-01-08,DEV_00034,108.45
2024-01-05,DEV_00044,157.35
2024-01-09,DEV_00191,32.82
2024-01-02,DEV_00176,51.56
2024-01-22,DEV_00155,12.87
2024-01-30,DEV_00134,140.05
2024-01-28,DEV_00120,23.91
2024-01-21,DEV_00044,22.81
2024-01-21,DEV_00057,26.05
2024-01-09,DEV_00164,7.11
2024-01-06,DEV_00052,10.74
2024-01-07,DEV_00101,5.64
2024-01-17,DEV_00084,26.49
2024-01-29,DEV_00194,11.02
2024-01-10,DEV_00023,17.45
2024-01-21,DEV_00190,20.93
2024-01-23,DEV_00130,29.21
2024-01-22,DEV_00057,19.8
2024-01-26,DEV_00196,25.05
2024-01-24,DEV_00099,3.98
2024-01-20,DEV_00044,23.44
2024-01-02,DEV_00006,11.78
2024-01-31,DEV_00183,7.67
2024-01-16,DEV_00164,20.69
2024-01-15,DEV_00115,27.88
2024-01-18,DEV_00091,52.96
2024-01-07,DEV_00031,45.19
2024-01-15,DEV_00043,10.58
2024-01-19,DEV_00003,139.29
2024-01-01,DEV_00018,15.18
2024-01-16,DEV_00167,36.76
2024-01-05,DEV_00107,16.76
2024-01-24,DEV_00042,30.75
2024-01-30,DEV_00165,9.61
2024-01-02,DEV_00011,14.92
2024-01-21,DEV_00111,55.17
2024-01-14,DEV_00016,13.55
2024-01-08,DEV_00063,45.59
2024-01-11,DEV_00118,13.09
2024-01-31,DEV_00100,40.94
2024-01-15,DEV_00180,13.41
2024-01-31,DEV_00069,10.97
2024-01-10,DEV_00096,50.37
2024-01-30,DEV_00103,20.43
2024-01-05,DEV_00067,26.45
2024-01-10,DEV_00051,25.38
2024-01-15,DEV_00154,31.39
2024-01-10,DEV_00058,16.6
2024-01-24,DEV_00068,14.93
2024-01-20,DEV_00105,10.24
2024-01-10,DEV_00142,43.87
2024-01-17,DEV_00115,34.2
2024-01-10,DEV_00124,40.57
2024-01-03,DEV_00060,81.25
2024-01-25,DEV_00146,33.74
2024-01-04,DEV_00083,20.55
2024-01-11,DEV_00128,19.86
2024-01-16,DEV_00195,27.27
2024-01-10,DEV_00134,14.66
2024-01-09,DEV_00062,11.47
2024-01-16,DEV_00145,31.96
2024-01-17,DEV_00160,46.9
2024-01-15,DEV_00026,53.44
2024-01-10,DEV_00121,19.84
2024-01-19,DEV_00157,17.74
2024-01-05,DEV_00034,31.58
2024-01-13,DEV_00130,15.86
2024-01-27,DEV_00049,4.88
2024-01-14,DEV_00123,9
2024-01-07,DEV_00164,20.18
2024-01-08,DEV_00044,19.92
2024-01-23,DEV_00101,5.65
2024-01-31,DEV_00023,3.56
2024-01-14,DEV_00029,47.99
2024-01-09,DEV_00125,13.58
2024-01-11,DEV_00047,7.76
2024-01-28,DEV_00020,11.93
2024-01-13,DEV_00144,31.68
2024-01-15,DEV_00194,14.84
2024-01-09,DEV_00031,43.39
2024-01-02,DEV_00056,50.57
2024-01-04,DEV_00146,16.45
2024-01-19,DEV_00127,18.08
2024-01-25,DEV_00072,5.69
2024-01-23,DEV_00062,5.94
2024-01-31,DEV_00034,11.5
2024-01-18,DEV_00072,6.49
2024-01-08,DEV_00158,15.17
2024-01-20,DEV_00034,16.08
2024-01-17,DEV_00058,41.34
2024-01-16,DEV_00007,9.67
2024-01-05,DEV_00132,8.18
2024-01-31,DEV_00128,12.44
2024-01-28,DEV_00075,43.17
2024-01-04,DEV_00142,11.27
2024-01-10,DEV_00014,15.05
2024-01-04,DEV_00089,31.47
2024-01-06,DEV_00179,54.52
2024-01-17,DEV_00067,26.88
2024-01-08,DEV_00057,7.02
2024-01-09,DEV_00194,30.27
2024-01-21,DEV_00026,102.83
2024-01-10,DEV_00150,15.82
2024-01-13,DEV_00141,17.64
2024-01-03,DEV_00112,111.74
2024-01-01,DEV_00077,41.93
2024-01-13,DEV_00018,29.17
2024-01-13,DEV_00093,11.37
2024-01-11,DEV_00050,23.57
2024-01-26,DEV_00075,4.12
2024-01-12,DEV_00178,24.13
2024-01-14,DEV_00119,17.63
2024-01-04,DEV_00182,4.34
2024-01-06,DEV_00146,28.98
2024-01-14,DEV_00011,45.15
2024-01-12,DEV_00048,29.92
2024-01-26,DEV_00027,16.35
2024-01-11,DEV_00104,35.42
2024-01-15,DEV_00045,11.68
2024-01-15,DEV_00189,71.55
2024-01-02,DEV_00071,51.18
2024-01-03,DEV_00005,35.06
2024-01-18,DEV_00053,14.36
2024-01-16,DEV_00026,40.47
2024-01-13,DEV_00137,10.03
2024-01-01,DEV_00097,3.01
2024-01-18,DEV_00172,28.69
2024-01-01,DEV_00149,18.26
2024-01-23,DEV_00134,62.28
2024-01-19,DEV_00192,16.12
2024-01-12,DEV_00008,14.74
2024-01-26,DEV_00024,59.8
2024-01-23,DEV_00046,16.6
2024-01-17,DEV_00178,29.94
2024-01-17,DEV_00039,2.35
2024-01-20,DEV_00167,29.24
2024-01-02,DEV_00125,14.53
2024-01-18,DEV_00035,46.1
2024-01-08,DEV_00093,38.14
2024-01-09,DEV_00018,47.64
2024-01-31,DEV_00130,19.96
2024-01-02,DEV_00065,130.22
2024-01-09,DEV_00177,3.79
2024-01-31,DEV_00148,8.56
2024-01-20,DEV_00134,6.08
2024-01-05,DEV_00127,31.39
2024-01-22,DEV_00075,42.92
2024-01-06,DEV_00194,12.09
2024-01-14,DEV_00144,24.93
2024-01-20,DEV_00079,38.61
2024-01-21,DEV_00075,8.34
2024-01-31,DEV_00102,9.49
2024-01-18,DEV_00090,9.98
2024-01-08,DEV_00098,6.76
2024-01-12,DEV_00078,9.14
2024-01-25,DEV_00143,99.29
2024-01-04,DEV_00144,15.89
2024-01-20,DEV_00195,43.72
2024-01-26,DEV_00026,40.94
2024-01-11,DEV_00085,20.55
2024-01-06,DEV_00085,95.01
2024-01-12,DEV_00043,11.69
2024-01-06,DEV_00173,9.49
2024-01-09,DEV_00113,5.17
2024-01-09,DEV_00074,30.34
2024-01-04,DEV_00027,9.63
2024-01-28,DEV_00042,21.46
2024-01-13,DEV_00198,2.77
2024-01-08,DEV_00054,6.46
2024-01-11,DEV_00013,19.06
2024-01-24,DEV_00079,30.68
2024-01-12,DEV_00153,81.55
2024-01-04,DEV_00105,6.02
2024-01-07,DEV_00084,20.55
2024-01-19,DEV_00161,8.76
2024-01-22,DEV_00141,22.34
2024-01-13,DEV_00146,22.92
2024-01-12,DEV_00116,84.91
2024-01-19,DEV_00042,8.91
2024-01-22,DEV_00003,67.68
2024-01-14,DEV_00185,30.91
2024-01-29,DEV_00037,43.26
2024-01-20,DEV_00170,10.48
2024-01-03,DEV_00060,13.09
2024-01-21,DEV_00094,62.69
2024-01-27,DEV_00061,76.38
2024-01-22,DEV_00015,28.21
2024-01-21,DEV_00075,20.97
2024-01-03,DEV_00012,23.31
2024-01-01,DEV_00167,13.24
2024-01-09,DEV_00036,11.49
2024-01-27,DEV_00107,18.21
2024-01-24,DEV_00006,33.59
2024-01-06,DEV_00076,35.77
2024-01-12,DEV_00064,31.73
2024-01-31,DEV_00070,30.64
2024-01-21,DEV_00123,6.76
2024-01-04,DEV_00021,9.63
2024-01-03,DEV_00132,82.1
2024-01-17,DEV_00055,54.1
2024-01-03,DEV_00078,15.1
2024-01-14,DEV_00114,80.08
2024-01-25,DEV_00184,22.06
2024-01-07,DEV_00069,45.08
2024-01-23,DEV_00025,74.24
2024-01-27,DEV_00139,7.89
2024-01-21,DEV_00019,2.96
2024-01-31,DEV_00070,28.7
2024-01-25,DEV_00052,11.01
2024-01-16,DEV_00092,13.58
2024-01-30,DEV_00015,7.98
2024-01-18,DEV_00148,38.78
2024-01-29,DEV_00141,10.93
2024-01-21,DEV_00112,40.34
2024-01-11,DEV_00117,32.53
2024-01-27,DEV_00038,31.79
2024-01-17,DEV_00043,5.59
2024-01-04,DEV_00065,12.98
2024-01-22,DEV_00045,14.33
2024-01-12,DEV_00155,24.01
2024-01-01,DEV_00160,37.45
2024-01-31,DEV_00028,7.32
2024-01-22,DEV_00120,90.72
2024-01-15,DEV_00010,25.43
2024-01-24,DEV_00130,30.38
2024-01-12,DEV_00003,25.83
2024-01-27,DEV_00121,10.1
2024-01-24,DEV_00104,17.26
2024-01-26,DEV_00027,14.47
2024-01-12,DEV_00120,33.77
2024-01-09,DEV_00054,24.26
2024-01-23,DEV_00141,15.65
2024-01-30,DEV_00042,15.64
2024-01-01,DEV_00039,20.44
2024-01-23,DEV_00061,18.12
2024-01-20,DEV_00049,7.08
2024-01-27,DEV_00152,11.42
2024-01-28,DEV_00143,5.59
2024-01-13,DEV_00003,14.54
2024-01-12,DEV_00060,87.72
2024-01-15,DEV_00110,16.22
2024-01-06,DEV_00116,35.46
2024-01-31,DEV_00160,32.48
2024-01-13,DEV_00182,11.54
2024-01-16,DEV_00112,5.67
2024-01-17,DEV_00074,9.81
2024-01-12,DEV_00098,11.13
2024-01-12,DEV_00148,5.11
2024-01-22,DEV_00134,52.6
2024-01-04,DEV_00115,11.08
2024-01-20,DEV_00087,122.47
2024-01-02,DEV_00158,20.05
2024-01-09,DEV_00103,16.07
2024-01-22,DEV_00024,8.42
2024-01-11,DEV_00118,94.29
2024-01-05,DEV_00035,14.66
2024-01-09,DEV_00170,48.49
2024-01-16,DEV_00038,26.08
2024-01-08,DEV_00168,181.21
2024-01-08,DEV_00101,55.69
2024-01-20,DEV_00173,11.68
2024-01-03,DEV_00019,22.93
2024-01-17,DEV_00061,10.7
2024-01-15,DEV_00121,16.64
2024-01-13,DEV_00141,97.35
2024-01-24,DEV_00061,28.02
2024-01-18,DEV_00117,19.08
2024-01-05,DEV_00149,13.89
2024-01-09,DEV_00174,37.22
2024-01-26,DEV_00197,19.56
2024-01-26,DEV_00117,14.69
2024-01-22,DEV_00198,16.14
2024-01-01,DEV_00098,42.05
2024-01-22,DEV_00169,7.49
2024-01-14,DEV_00175,18.41
2024-01-12,DEV_00093,52.35
2024-01-12,DEV_00108,5.2
2024-01-16,DEV_00011,18.73
2024-01-10,DEV_00185,20.16
2024-01-07,DEV_00154,12.69
2024-01-22,DEV_00033,11.97
2024-01-11,DEV_00108,6.17
2024-01-04,DEV_00086,49.83
2024-01-11,DEV_00005,22.81
2024-01-21,DEV_00144,12.51
2024-01-19,DEV_00004,34.12
2024-01-09,DEV_00051,4.3
2024-01-15,DEV_00047,52.45
2024-01-06,DEV_00131,18.68
2024-01-19,DEV_00119,27.8
2024-01-19,DEV_00058,12.37
2024-01-28,DEV_00004,25
2024-01-28,DEV_00157,30.7
2024-01-25,DEV_00121,3.51
2024-01-28,DEV_00027,25.7
2024-01-17,DEV_00089,8.07
2024-01-23,DEV_00095,19.95
2024-01-27,DEV_00052,25
2024-01-31,DEV_00018,15.02
2024-01-26,DEV_00052,23.38
2024-01-31,DEV_00110,17.3
2024-01-15,DEV_00154,7.57
2024-01-08,DEV_00049,234.28
2024-01-23,DEV_00024,19.05
2024-01-19,DEV_00166,19.05
2024-01-24,DEV_00186,18.85
2024-01-06,DEV_00035,32.43
2024-01-03,DEV_00134,25.37
2024-01-17,DEV_00042,21.99
2024-01-10,DEV_00073,4.28
2024-01-12,DEV_00062,52.35
2024-01-05,DEV_00101,44.02
2024-01-02,DEV_00017,15.55
2024-01-13,DEV_00052,8.12
2024-01-08,DEV_00130,1.87
2024-01-23,DEV_00181,15.49
2024-01-14,DEV_00128,24.02
2024-01-12,DEV_00167,13.61
2024-01-07,DEV_00045,68.93
2024-01-17,DEV_00061,55.23
2024-01-14,DEV_00039,105.91
2024-01-15,DEV_00109,13.23
2024-01-18,DEV_00069,27.57
2024-01-30,DEV_00086,27.06
2024-01-29,DEV_00058,94.99
2024-01-19,DEV_00094,38.56
2024-01-09,DEV_00028,63.94
2024-01-16,DEV_00031,26.87
2024-01-20,DEV_00089,4.98
2024-01-22,DEV_00023,18.66
2024-01-11,DEV_00150,121.44
2024-01-03,DEV_00191,107.6
2024-01-23,DEV_00179,8.79
2024-01-17,DEV_00164,15.34
2024-01-11,DEV_00036,31.78
2024-01-04,DEV_00081,6
2024-01-04,DEV_00191,72.47
2024-01-17,DEV_00003,6.85
2024-01-20,DEV_00041,7.09
2024-01-03,DEV_00058,30.61
2024-01-19,DEV_00105,10.04
2024-01-18,DEV_00005,15.29
2024-01-16,DEV_00172,12.84
2024-01-15,DEV_00113,11.26
2024-01-02,DEV_00143,8.14
2024-01-21,DEV_00055,18.05
2024-01-12,DEV_00118,19.02
2024-01-11,DEV_00170,13.81
2024-01-12,DEV_00096,56.68
2024-01-23,DEV_00117,153
2024-01-28,DEV_00042,8.28
2024-01-16,DEV_00006,31.15
2024-01-09,DEV_00097,5.39
2024-01-03,DEV_00012,45.39
2024-01-01,DEV_00148,4.35
2024-01-27,DEV_00104,31.58
2024-01-05,DEV_00134,16.76
2024-01-22,DEV_00019,17.25
2024-01-16,DEV_00153,17.83
2024-01-14,DEV_00125,21.54
2024-01-11,DEV_00016,3.63
2024-01-09,DEV_00157,20.83
2024-01-29,DEV_00173,36.94
2024-01-09,DEV_00057,11.6
2024-01-18,DEV_00188,15.64
2024-01-20,DEV_00002,21.26
2024-01-01,DEV_00141,12.93
2024-01-06,DEV_00071,27.7
2024-01-25,DEV_00064,10.12
2024-01-14,DEV_00164,20.23
2024-01-04,DEV_00036,87.57
2024-01-11,DEV_00027,4.56
2024-01-11,DEV_00047,11.72
2024-01-26,DEV_00198,13.42
2024-01-15,DEV_00190,29.96
2024-01-20,DEV_00190,13.65
2024-01-28,DEV_00177,16.97
2024-01-02,DEV_00133,18.66
2024-01-04,DEV_00166,13.33
2024-01-19,DEV_00145,5.62
2024-01-21,DEV_00144,4.17
2024-01-23,DEV_00132,13.76
2024-01-10,DEV_00198,14.63
2024-01-25,DEV_00006,49.51
2024-01-11,DEV_00075,6.31
2024-01-05,DEV_00060,64.76
2024-01-09,DEV_00010,53.48
2024-01-29,DEV_00007,4.28
2024-01-21,DEV_00186,31.23
2024-01-24,DEV_00007,15.56
2024-01-15,DEV_00168,19.53
2024-01-06,DEV_00163,25.02
2024-01-03,DEV_00004,3.48
2024-01-13,DEV_00029,45.55
2024-01-01,DEV_00016,10.03
2024-01-28,DEV_00036,30.27
2024-01-25,DEV_00133,17.95
2024-01-13,DEV_00077,30.51
2024-01-11,DEV_00196,57.53
2024-01-30,DEV_00061,25.66
2024-01-04,DEV_00093,3.25
2024-01-17,DEV_00122,16.01
2024-01-29,DEV_00124,11.51
2024-01-21,DEV_00137,15.67
2024-01-09,DEV_00107,4.81
2024-01-14,DEV_00178,10.12
2024-01-13,DEV_00094,9.24
2024-01-09,DEV_00035,99.67
2024-01-31,DEV_00104,62.47
2024-01-21,DEV_00046,11.18
2024-01-02,DEV_00019,28.76
2024-01-14,DEV_00150,19.35
2024-01-21,DEV_00100,10.05
2024-01-11,DEV_00105,37.6
2024-01-29,DEV_00040,29.9
2024-01-01,DEV_00176,68.71
2024-01-24,DEV_00145,21.19
2024-01-24,DEV_00096,41.91
2024-01-21,DEV_00092,38.18
2024-01-15,DEV_00062,46.81
2024-01-24,DEV_00155,42.62
2024-01-31,DEV_00163,16.98
2024-01-31,DEV_00160,16.16
2024-01-02,DEV_00196,57.04
2024-01-12,DEV_00019,38.24
2024-01-13,DEV_00054,55.58
2024-01-29,DEV_00036,9.2
2024-01-21,DEV_00196,18.08
2024-01-27,DEV_00001,15
2024-01-11,DEV_00120,13.33
2024-01-04,DEV_00176,9.95
2024-01-12,DEV_00074,26.45
2024-01-26,DEV_00171,13.87
2024-01-20,DEV_00073,26.32
2024-01-16,DEV_00027,10.2
2024-01-16,DEV_00078,26.95
2024-01-05,DEV_00120,9.41
2024-01-22,DEV_00022,30.33
2024-01-09,DEV_00042,6.74
2024-01-27,DEV_00115,20.93
2024-01-13,DEV_00090,25.84
2024-01-08,DEV_00170,42.99
2024-01-14,DEV_00078,18.17
2024-01-21,DEV_00148,27.4
2024-01-28,DEV_00105,15
2024-01-08,DEV_00066,10
2024-01-02,DEV_00044,15.84
2024-01-02,DEV_00039,4.75
2024-01-06,DEV_00084,41.61
2024-01-23,DEV_00090,23.95
2024-01-08,DEV_00151,21.43
2024-01-01,DEV_00004,124.67
2024-01-20,DEV_00094,31.03
2024-01-05,DEV_00179,82.17
2024-01-09,DEV_00094,10.06
2024-01-21,DEV_00121,32.08
2024-01-19,DEV_00024,9.04
2024-01-09,DEV_00016,13.7
2024-01-13,DEV_00076,36.25
2024-01-17,DEV_00188,8.93
2024-01-09,DEV_00200,29.43
2024-01-06,DEV_00156,6.55
2024-01-27,DEV_00108,12.29
2024-01-03,DEV_00084,26.3
2024-01-18,DEV_00127,76.8
2024-01-15,DEV_00119,20.99
2024-01-14,DEV_00125,33.69
2024-01-18,DEV_00060,52.85
2024-01-18,DEV_00079,14.99
2024-01-11,DEV_00062,36.81
2024-01-16,DEV_00074,26.64
2024-01-22,DEV_00115,37.81
2024-01-15,DEV_00152,20.09
2024-01-19,DEV_00049,13.82
2024-01-30,DEV_00128,121.98
2024-01-22,DEV_00004,27.88
2024-01-25,DEV_00109,28.95
2024-01-27,DEV_00122,42.75
2024-01-31,DEV_00165,36.13
2024-01-28,DEV_00108,14.17
2024-01-18,DEV_00169,14.25
2024-01-27,DEV_00148,21.4
2024-01-10,DEV_00019,19.47
2024-01-09,DEV_00022,13.9
2024-01-06,DEV_00165,16.68
2024-01-11,DEV_00115,2.19
2024-01-25,DEV_00053,34.48
2024-01-09,DEV_00178,51.97
2024-01-09,DEV_00200,61.19
2024-01-06,DEV_00046,19.72
2024-01-19,DEV_00073,6.48
2024-01-31,DEV_00087,4.54
2024-01-03,DEV_00190,16.62
2024-01-08,DEV_00102,9.59
2024-01-18,DEV_00133,43.21
2024-01-19,DEV_00144,48.37
2024-01-29,DEV_00144,4.03
2024-01-09,DEV_00198,13.08
2024-01-18,DEV_00167,74.16
2024-01-29,DEV_00118,6.74
2024-01-30,DEV_00194,30.31
2024-01-17,DEV_00082,21.45
2024-01-24,DEV_00098,20.75
2024-01-19,DEV_00195,64.94
2024-01-01,DEV_00167,5.39
2024-01-07,DEV_00005,168.99
2024-01-09,DEV_00043,4.98
2024-01-01,DEV_00018,142.47
2024-01-16,DEV_00103,44.98
2024-01-14,DEV_00167,7.47
2024-01-11,DEV_00179,48.34
2024-01-01,DEV_00169,10.47
2024-01-29,DEV_00113,81.58
2024-01-14,DEV_00101,28.72
2024-01-06,DEV_00136,13.9
2024-01-23,DEV_00177,14.94
2024-01-26,DEV_00117,27.89
2024-01-05,DEV_00178,12.29
2024-01-21,DEV_00111,14.01
2024-01-03,DEV_00196,34.91
2024-01-17,DEV_00143,134.82
2024-01-03,DEV_00064,56.06
2024-01-14,DEV_00057,18.95
2024-01-21,DEV_00083,28.82
2024-01-15,DEV_00069,18.17
2024-01-10,DEV_00045,56.52
2024-01-02,DEV_00100,20.44
2024-01-03,DEV_00015,48.73
2024-01-25,DEV_00061,30.33
2024-01-12,DEV_00086,29.05
2024-01-30,DEV_00185,48.83
2024-01-27,DEV_00023,17.1
2024-01-16,DEV_00089,5.18
2024-01-08,DEV_00025,74.93
2024-01-30,DEV_00138,23.94
2024-01-14,DEV_00199,41.8
2024-01-14,DEV_00112,14.43
2024-01-25,DEV_00021,5.81
2024-01-17,DEV_00146,15.68
2024-01-14,DEV_00081,15.07
2024-01-31,DEV_00123,29.94
2024-01-09,DEV_00169,1.24
2024-01-26,DEV_00089,25.29
2024-01-23,DEV_00085,39.85
2024-01-18,DEV_00014,46.94
2024-01-18,DEV_00010,64.4
2024-01-05,DEV_00151,32.13
2024-01-13,DEV_00026,26.98
2024-01-20,DEV_00123,22.94
2024-01-22,DEV_00151,9.44
2024-01-09,DEV_00031,15.38
2024-01-08,DEV_00164,11.02
2024-01-27,DEV_00016,28.53
2024-01-25,DEV_00121,38.64
2024-01-22,DEV_00134,31.73
2024-01-02,DEV_00012,20.49
2024-01-31,DEV_00165,21.78
2024-01-19,DEV_00108,11.46
2024-01-24,DEV_00034,14.48
2024-01-09,DEV_00020,29.79
2024-01-16,DEV_00178,29.07
2024-01-16,DEV_00049,5.2
2024-01-09,DEV_00178,14.77
2024-01-23,DEV_00091,90.42
2024-01-06,DEV_00131,32.17
2024-01-31,DEV_00110,12.51
2024-01-03,DEV_00024,7.75
2024-01-01,DEV_00078,19.55
2024-01-03,DEV_00076,197.09
2024-01-19,DEV_00111,21.75
2024-01-23,DEV_00090,47.48
2024-01-28,DEV_00028,16.67
2024-01-22,DEV_00057,24.9
2024-01-28,DEV_00033,3.44
2024-01-12,DEV_00191,9.09
2024-01-20,DEV_00198,9.23
2024-01-11,DEV_00029,6.47
2024-01-03,DEV_00065,10.46
2024-01-03,DEV_00158,25.9
2024-01-25,DEV_00050,6.59
2024-01-07,DEV_00018,32.54
2024-01-03,DEV_00148,39.09
2024-01-17,DEV_00004,12.31
2024-01-29,DEV_00040,53.28
2024-01-20,DEV_00104,5.52
2024-01-18,DEV_00091,16.44
2024-01-21,DEV_00015,45.58
2024-01-25,DEV_00041,14.17
2024-01-14,DEV_00023,15.94
2024-01-31,DEV_00031,30.93
2024-01-04,DEV_00073,5.04
2024-01-12,DEV_00148,48.36
2024-01-27,DEV_00074,14.19
2024-01-10,DEV_00148,80.95
2024-01-16,DEV_00182,19.84
2024-01-24,DEV_00193,60.26
2024-01-31,DEV_00050,44.62
2024-01-22,DEV_00148,55.45
2024-01-03,DEV_00061,7.06
2024-01-04,DEV_00058,120.6
2024-01-08,DEV_00161,10.24
2024-01-22,DEV_00067,9.75
2024-01-07,DEV_00101,7.83
2024-01-06,DEV_00038,27.96
2024-01-31,DEV_00199,8.86
2024-01-01,DEV_00016,6.23
2024-01-20,DEV_00006,6.85
2024-01-25,DEV_00170,27.62
2024-01-20,DEV_00080,105.12
2024-01-09,DEV_00014,13.67
2024-01-31,DEV_00079,9.29
2024-01-25,DEV_00060,33.48
2024-01-14,DEV_00119,14.86
2024-01-27,DEV_00122,26.49
2024-01-26,DEV_00002,15.97
2024-01-17,DEV_00022,74.35
2024-01-16,DEV_00158,18.27
2024-01-23,DEV_00155,5.99
2024-01-12,DEV_00046,68.79
2024-01-13,DEV_00146,32.5
2024-01-30,DEV_00189,42.21
2024-01-22,DEV_00070,25.98
2024-01-24,DEV_00040,20.96
2024-01-10,DEV_00131,56.91
2024-01-20,DEV_00122,31.34
2024-01-02,DEV_00172,19.72
2024-01-06,DEV_00176,13.56
2024-01-01,DEV_00101,27.18
2024-01-19,DEV_00139,8.57
2024-01-12,DEV_00061,25.99
2024-01-29,DEV_00161,9.8
2024-01-13,DEV_00195,34.17
2024-01-17,DEV_00135,14.64
2024-01-28,DEV_00023,17.86
2024-01-10,DEV_00091,55
2024-01-24,DEV_00153,31.66
2024-01-13,DEV_00102,13.88
2024-01-11,DEV_00086,37.25
2024-01-09,DEV_00093,8.44
2024-01-27,DEV_00013,34.54
2024-01-26,DEV_00002,7.58
2024-01-21,DEV_00072,13.56
2024-01-25,DEV_00139,12.16
2024-01-08,DEV_00124,18.77
2024-01-13,DEV_00026,34.98
2024-01-04,DEV_00008,92.95
2024-01-06,DEV_00010,38.91
2024-01-24,DEV_00081,12.54
2024-01-30,DEV_00126,20.23
2024-01-08,DEV_00059,8.12
2024-01-22,DEV_00190,6.51
2024-01-09,DEV_00096,15.14
2024-01-31,DEV_00020,4.63
2024-01-10,DEV_00143,13.8
2024-01-20,DEV_00165,5.59
2024-01-10,DEV_00043,10.33
2024-01-07,DEV_00061,7.92
2024-01-19,DEV_00013,19.24
2024-01-16,DEV_00130,38.37
2024-01-13,DEV_00165,17.29
2024-01-27,DEV_00118,13.82
2024-01-23,DEV_00079,37.69
2024-01-30,DEV_00030,17.63
2024-01-11,DEV_00042,72.76
2024-01-22,DEV_00175,20.67
2024-01-30,DEV_00103,39.69
2024-01-31,DEV_00028,7.08
2024-01-19,DEV_00147,5.97
2024-01-30,DEV_00028,22.38
2024-01-12,DEV_00093,3.69
2024-01-07,DEV_00168,9.19
2024-01-21,DEV_00148,18.13
2024-01-08,DEV_00059,17.75
2024-01-13,DEV_00182,24.72
2024-01-18,DEV_00051,8.61
2024-01-18,DEV_00149,16.57
2024-01-09,DEV_00069,10.91
2024-01-26,DEV_00193,26.03
2024-01-25,DEV_00083,25.19
2024-01-08,DEV_00106,3.88
2024-01-09,DEV_00162,11.01
2024-01-06,DEV_00067,8.84
2024-01-24,DEV_00190,45.29
2024-01-28,DEV_00076,16.97
2024-01-18,DEV_00044,7.15
2024-01-29,DEV_00097,47.37
2024-01-27,DEV_00175,12.1
2024-01-17,DEV_00196,11.89
2024-01-16,DEV_00133,86.17
2024-01-23,DEV_00010,20.18
2024-01-24,DEV_00071,9.73
2024-01-25,DEV_00190,44.82
2024-01-02,DEV_00086,9.31
2024-01-11,DEV_00119,55.03
2024-01-12,DEV_00074,11.51
2024-01-17,DEV_00097,29.59
2024-01-05,DEV_00075,16.76
2024-01-10,DEV_00068,21.87
2024-01-24,DEV_00022,38.84
2024-01-24,DEV_00028,28.1
2024-01-28,DEV_00079,44.35
2024-01-09,DEV_00010,101.96
2024-01-15,DEV_00112,15.2
2024-01-06,DEV_00007,31.81
2024-01-05,DEV_00043,15.96
2024-01-25,DEV_00193,9.82
2024-01-29,DEV_00027,18.54
2024-01-10,DEV_00174,12.57
2024-01-07,DEV_00168,198.36
2024-01-20,DEV_00117,37.28
2024-01-30,DEV_00181,33.56
2024-01-25,DEV_00073,21.36
2024-01-11,DEV_00001,14.82
2024-01-19,DEV_00013,11.82
2024-01-27,DEV_00113,70.95
2024-01-18,DEV_00028,14.81
2024-01-30,DEV_00045,22.48
2024-01-26,DEV_00170,36.74
2024-01-26,DEV_00088,21.29
2024-01-20,DEV_00061,53.8
2024-01-26,DEV_00130,10.07
2024-01-06,DEV_00170,17.87
2024-01-22,DEV_00087,11.59
2024-01-15,DEV_00115,53.01
2024-01-10,DEV_00172,12.17
2024-01-04,DEV_00070,20.09
2024-01-06,DEV_00137,6.31
2024-01-11,DEV_00196,17.14
2024-01-31,DEV_00178,49.42
2024-01-08,DEV_00028,3.81
2024-01-21,DEV_00067,52.59
2024-01-19,DEV_00023,40.71
2024-01-23,DEV_00185,28.1
2024-01-29,DEV_00168,16.57
2024-01-27,DEV_00015,121.19
2024-01-22,DEV_00081,7.6
2024-01-14,DEV_00049,19.38
2024-01-05,DEV_00140,33.28
2024-01-18,DEV_00121,7.16
2024-01-24,DEV_00200,22.93
2024-01-10,DEV_00161,16.1
2024-01-15,DEV_00132,10.58
2024-01-15,DEV_00035,36.17
2024-01-29,DEV_00090,29.5
2024-01-09,DEV_00175,7.64
2024-01-22,DEV_00145,30.19
2024-01-06,DEV_00169,14.63
2024-01-19,DEV_00046,41.33
2024-01-03,DEV_00123,38.07
2024-01-15,DEV_00039,51.57
2024-01-06,DEV_00088,32.79
2024-01-22,DEV_00189,37.43
2024-01-30,DEV_00087,17.76
2024-01-01,DEV_00089,19.36
2024-01-13,DEV_00013,22.47
2024-01-27,DEV_00128,35.54
2024-01-03,DEV_00015,4
2024-01-29,DEV_00197,23.84
2024-01-14,DEV_00064,14.97
2024-01-04,DEV_00106,7.33
2024-01-23,DEV_00168,13.67
2024-01-12,DEV_00100,28.08
2024-01-16,DEV_00139,45
2024-01-31,DEV_00150,40.81
2024-01-17,DEV_00095,22.94
2024-01-18,DEV_00187,39.1
2024-01-27,DEV_00088,70.18
2024-01-29,DEV_00110,18.53
2024-01-12,DEV_00193,4.41
2024-01-17,DEV_00188,31.53
2024-01-30,DEV_00151,18.22
2024-01-21,DEV_00163,23.16
2024-01-06,DEV_00050,12.05
2024-01-04,DEV_00024,25.31
2024-01-22,DEV_00121,58.58
2024-01-26,DEV_00132,31.8
2024-01-24,DEV_00067,46.7
2024-01-24,DEV_00061,11.35
2024-01-08,DEV_00140,28.67
2024-01-21,DEV_00055,8.24
2024-01-13,DEV_00029,12.16
2024-01-04,DEV_00050,12.96
2024-01-24,DEV_00129,153.88
2024-01-26,DEV_00141,12.65
2024-01-25,DEV_00054,10.2
2024-01-15,DEV_00011,4.77
2024-01-26,DEV_00035,6.6
2024-01-06,DEV_00110,39.33
2024-01-20,DEV_00055,8.54
2024-01-06,DEV_00001,31.42
2024-01-18,DEV_00187,7.96
2024-01-29,DEV_00126,11.11
2024-01-29,DEV_00170,31.25
2024-01-14,DEV_00145,66.66
2024-01-16,DEV_00110,7.57
2024-01-01,DEV_00169,16.31
2024-01-19,DEV_00200,10.25
2024-01-04,DEV_00016,12.11
2024-01-03,DEV_00155,84.15
2024-01-24,DEV_00031,21.88
2024-01-25,DEV_00199,18.86
2024-01-25,DEV_00166,18.18
2024-01-30,DEV_00177,7.5
2024-01-10,DEV_00016,105.4
2024-01-04,DEV_00021,34.87
2024-01-17,DEV_00045,27.27
2024-01-12,DEV_00096,16.04
2024-01-14,DEV_00197,7.84
2024-01-23,DEV_00059,29.46
2024-01-30,DEV_00006,11.3
2024-01-14,DEV_00117,32.73
2024-01-18,DEV_00191,12.99
2024-01-14,DEV_00153,14.08
2024-01-14,DEV_00052,7.81
2024-01-27,DEV_00099,69.43
2024-01-20,DEV_00068,18.25
2024-01-19,DEV_00151,21.94
2024-01-14,DEV_00097,24.91
2024-01-13,DEV_00169,13.24
2024-01-22,DEV_00121,16.41
2024-01-06,DEV_00196,17.94
2024-01-01,DEV_00175,12.56
2024-01-04,DEV_00197,80.97
2024-01-17,DEV_00133,14.51
2024-01-02,DEV_00076,6.15
2024-01-24,DEV_00057,13.66
2024-01-01,DEV_00129,89.29
2024-01-03,DEV_00055,22.44
2024-01-01,DEV_00095,126.44
2024-01-02,DEV_00043,7.36
2024-01-10,DEV_00019,11.84
2024-01-30,DEV_00102,8.99
2024-01-19,DEV_00084,8.35
2024-01-05,DEV_00052,6.76
2024-01-07,DEV_00127,14.24
2024-01-26,DEV_00173,42.27
2024-01-22,DEV_00095,23.89
2024-01-26,DEV_00162,28.25
2024-01-12,DEV_00197,28.97
2024-01-20,DEV_00146,28.32
2024-01-07,DEV_00002,24.2
2024-01-02,DEV_00134,12.93
2024-01-26,DEV_00033,10.53
2024-01-15,DEV_00125,11.3
2024-01-12,DEV_00196,12.44
2024-01-17,DEV_00107,14.67
2024-01-24,DEV_00082,230.32
2024-01-04,DEV_00068,7.8
2024-01-01,DEV_00097,12.11
2024-01-17,DEV_00120,20.86
2024-01-26,DEV_00090,46.13
2024-01-16,DEV_00027,9.27
2024-01-13,DEV_00051,9.31
2024-01-15,DEV_00066,36.49
2024-01-23,DEV_00061,47.16
2024-01-12,DEV_00096,24.05
2024-01-01,DEV_00179,15.83
2024-01-20,DEV_00157,39.58
2024-01-02,DEV_00054,3.85
2024-01-08,DEV_00052,40.37
2024-01-25,DEV_00046,17.67
2024-01-11,DEV_00006,7
2024-01-20,DEV_00170,12.93
2024-01-01,DEV_00055,16.71
2024-01-02,DEV_00031,10.73
2024-01-16,DEV_00143,21.07
2024-01-11,DEV_00024,12.05
2024-01-17,DEV_00192,17.55
2024-01-30,DEV_00021,18.06
2024-01-16,DEV_00141,28.88
2024-01-13,DEV_00046,11.13
2024-01-05,DEV_00180,8.78
2024-01-02,DEV_00042,10.12
2024-01-25,DEV_00193,7.71
2024-01-15,DEV_00046,14.89
2024-01-29,DEV_00112,13.84
2024-01-06,DEV_00043,42.36
2024-01-10,DEV_00067,53.16
2024-01-24,DEV_00192,65.67
2024-01-29,DEV_00116,5.42
2024-01-19,DEV_00018,12.01
2024-01-14,DEV_00015,14.53
2024-01-02,DEV_00162,25.83
2024-01-07,DEV_00158,8.56
2024-01-14,DEV_00126,11.34
2024-01-23,DEV_00031,28.98
2024-01-05,DEV_00094,9.02
2024-01-26,DEV_00161,67.7
2024-01-23,DEV_00012,4.67
2024-01-12,DEV_00061,18.56
2024-01-28,DEV_00053,57.9
2024-01-15,DEV_00063,16.24
2024-01-21,DEV_00085,107.01
2024-01-13,DEV_00099,33.36
2024-01-08,DEV_00053,46.75
2024-01-06,DEV_00146,50.29
2024-01-13,DEV_00164,15.39
2024-01-08,DEV_00198,15.37
2024-01-25,DEV_00050,33.71
2024-01-14,DEV_00064,36.49
2024-01-25,DEV_00159,3.34
2024-01-31,DEV_00187,21.6
2024-01-18,DEV_00030,14.32
2024-01-06,DEV_00084,31.41
2024-01-12,DEV_00089,14.88
2024-01-08,DEV_00027,17.94
2024-01-01,DEV_00001,7.62
2024-01-13,DEV_00080,6.39
2024-01-11,DEV_00081,6.48
2024-01-31,DEV_00022,12.02
2024-01-29,DEV_00089,18.21
2024-01-04,DEV_00121,9.65
2024-01-12,DEV_00184,77.34
2024-01-18,DEV_00011,33.46
2024-01-06,DEV_00097,13.37
2024-01-22,DEV_00151,51.18
2024-01-11,DEV_00150,28.87
2024-01-15,DEV_00108,6.98
2024-01-09,DEV_00112,9.66
2024-01-10,DEV_00100,31.56
2024-01-09,DEV_00168,19.45
2024-01-26,DEV_00164,90.68
2024-01-07,DEV_00144,51.06
2024-01-05,DEV_00032,12.65
2024-01-09,DEV_00049,71.27
2024-01-09,DEV_00003,17.55
2024-01-15,DEV_00039,33
2024-01-03,DEV_00108,13.73
2024-01-02,DEV_00168,28.73
2024-01-20,DEV_00076,6.6
2024-01-16,DEV_00072,39.12
2024-01-09,DEV_00186,12.56
2024-01-25,DEV_00061,20.85
2024-01-31,DEV_00118,10.43
2024-01-13,DEV_00038,14.16
2024-01-07,DEV_00108,17.39
2024-01-25,DEV_00021,20.16
2024-01-10,DEV_00108,16.78
2024-01-15,DEV_00012,4.9
2024-01-10,DEV_00198,21.34
2024-01-17,DEV_00144,47.58
2024-01-29,DEV_00168,11.81
2024-01-05,DEV_00184,7.87
2024-01-16,DEV_00056,23.8
2024-01-09,DEV_00098,14.66
2024-01-16,DEV_00003,15.28
2024-01-13,DEV_00078,11.87
2024-01-10,DEV_00087,93.38
2024-01-03,DEV_00049,16.33
2024-01-22,DEV_00027,8.6
2024-01-03,DEV_00021,3.55
2024-01-21,DEV_00087,8.18
2024-01-13,DEV_00108,6.56
2024-01-12,DEV_00166,21.08
2024-01-15,DEV_00036,27.83
2024-01-04,DEV_00003,11.75
2024-01-19,DEV_00159,8.9
2024-01-03,DEV_00073,14.76
2024-01-28,DEV_00151,15.68
2024-01-05,DEV_00071,12.62
2024-01-07,DEV_00101,11.42
2024-01-29,DEV_00023,22.36
2024-01-19,DEV_00134,66.16
2024-01-23,DEV_00173,35.25
2024-01-15,DEV_00048,11.14
2024-01-16,DEV_00168,26.02
2024-01-24,DEV_00150,12.2
2024-01-03,DEV_00043,7.68
2024-01-22,DEV_00033,4.93
2024-01-01,DEV_00149,12.84
2024-01-17,DEV_00132,8.69
2024-01-01,DEV_00104,16.42
2024-01-23,DEV_00191,14.65
2024-01-12,DEV_00178,30.05
2024-01-11,DEV_00017,8.59
2024-01-18,DEV_00009,31.94
2024-01-10,DEV_00150,24.81
2024-01-09,DEV_00122,70.82
2024-01-25,DEV_00034,26.67
2024-01-11,DEV_00029,24.24
2024-01-05,DEV_00127,12.59
2024-01-27,DEV_00169,7.51
2024-01-21,DEV_00163,5.23
2024-01-17,DEV_00054,11.86
2024-01-19,DEV_00167,4.27
2024-01-18,DEV_00114,22.99
2024-01-06,DEV_00152,31.28
2024-01-30,DEV_00037,14.18
2024-01-22,DEV_00052,6.94
2024-01-14,DEV_00031,18.91
2024-01-15,DEV_00192,106.99
2024-01-03,DEV_00172,43.42
2024-01-09,DEV_00098,10.73
2024-01-09,DEV_00117,18.49
2024-01-09,DEV_00020,47.22
2024-01-19,DEV_00090,44.16
2024-01-05,DEV_00187,6.74
2024-01-29,DEV_00042,14.32
2024-01-01,DEV_00079,5.57
2024-01-17,DEV_00029,35.15
2024-01-21,DEV_00038,15.26
2024-01-31,DEV_00195,24.51
2024-01-08,DEV_00084,28.56
2024-01-17,DEV_00111,28.45
2024-01-21,DEV_00132,39.16
2024-01-15,DEV_00098,12.86
2024-01-11,DEV_00096,62.45
2024-01-13,DEV_00141,40.2
2024-01-08,DEV_00154,4.17
2024-01-10,DEV_00142,22.96
2024-01-17,DEV_00080,15.04
2024-01-23,DEV_00133,62.83
2024-01-13,DEV_00010,21.18
2024-01-24,DEV_00079,5.38
2024-01-18,DEV_00072,22.05
2024-01-03,DEV_00166,20.6
2024-01-16,DEV_00150,17.68
2024-01-01,DEV_00113,10.4
2024-01-08,DEV_00100,15.76
2024-01-10,DEV_00180,15.73
2024-01-21,DEV_00198,31.86
2024-01-20,DEV_00155,36.68
2024-01-04,DEV_00092,2.03
2024-01-25,DEV_00037,29.84
2024-01-18,DEV_00108,35.01
2024-01-20,DEV_00026,51.16
2024-01-28,DEV_00193,32.09
2024-01-14,DEV_00141,16.71
2024-01-08,DEV_00147,14.09
2024-01-16,DEV_00132,48.68
2024-01-28,DEV_00149,16.18
2024-01-18,DEV_00076,18.58
2024-01-20,DEV_00042,6.04
2024-01-09,DEV_00173,22.14
2024-01-18,DEV_00050,13.47
2024-01-15,DEV_00064,18.01
2024-01-12,DEV_00062,17.06
2024-01-29,DEV_00141,19.71
2024-01-24,DEV_00007,15.83
2024-01-31,DEV_00106,33.96
2024-01-09,DEV_00040,17.61
2024-01-01,DEV_00167,17.15
2024-01-04,DEV_00040,22.88
2024-01-16,DEV_00031,34.27
2024-01-27,DEV_00011,11.37
2024-01-16,DEV_00088,21.09
2024-01-23,DEV_00041,26.13
2024-01-09,DEV_00117,79.6
2024-01-16,DEV_00042,26.99
2024-01-04,DEV_00106,25.7
2024-01-18,DEV_00090,25.37
2024-01-21,DEV_00036,32.41
2024-01-02,DEV_00086,44.9
2024-01-30,DEV_00129,13.77
2024-01-04,DEV_00159,12.86
2024-01-16,DEV_00092,50.89
2024-01-16,DEV_00046,33.18
2024-01-07,DEV_00058,43.07
2024-01-30,DEV_00066,19.94
2024-01-24,DEV_00019,32.6
2024-01-22,DEV_00093,12.79
2024-01-03,DEV_00024,7.07
2024-01-25,DEV_00166,9.49
2024-01-24,DEV_00022,26.37
2024-01-12,DEV_00032,50.38
2024-01-14,DEV_00036,18.67
2024-01-01,DEV_00111,20.14
2024-01-11,DEV_00118,12.58
2024-01-24,DEV_00055,21.17
2024-01-14,DEV_00134,108.47
2024-01-21,DEV_00192,5.1
2024-01-30,DEV_00014,9.88
2024-01-29,DEV_00048,2.09
2024-01-21,DEV_00093,7.05
2024-01-14,DEV_00034,12.2
2024-01-17,DEV_00071,29.91
2024-01-17,DEV_00113,3.64
2024-01-30,DEV_00004,16.3
2024-01-01,DEV_00010,71.16
2024-01-16,DEV_00052,25.93
2024-01-08,DEV_00159,42.2
2024-01-09,DEV_00126,6.46
2024-01-17,DEV_00085,18.46
2024-01-12,DEV_00028,14.6
2024-01-06,DEV_00044,3.59
2024-01-17,DEV_00169,23
2024-01-18,DEV_00154,27.95
2024-01-06,DEV_00198,10.04
2024-01-15,DEV_00151,225.27
2024-01-02,DEV_00142,10.6
2024-01-01,DEV_00134,26.45
2024-01-18,DEV_00182,6.43
2024-01-05,DEV_00138,58.32
2024-01-01,DEV_00079,18.3
2024-01-19,DEV_00193,14.24
2024-01-28,DEV_00073,21.64
2024-01-04,DEV_00115,12.41
2024-01-10,DEV_00158,27.05
2024-01-23,DEV_00033,63.9
2024-01-17,DEV_00051,18.03
2024-01-06,DEV_00058,84.74
2024-01-03,DEV_00134,39.77
2024-01-19,DEV_00187,14.73
2024-01-28,DEV_00062,27.63
2024-01-13,DEV_00102,14.59
2024-01-16,DEV_00122,19.5
2024-01-08,DEV_00017,36.56
2024-01-31,DEV_00137,12.89
2024-01-16,DEV_00176,21.51
2024-01-15,DEV_00144,10.2
2024-01-02,DEV_00104,77.42
2024-01-01,DEV_00027,34.12
2024-01-29,DEV_00152,11.6
2024-01-06,DEV_00186,9.93
2024-01-25,DEV_00050,7.98
2024-01-17,DEV_00198,23.62
2024-01-13,DEV_00199,11.36
2024-01-05,DEV_00100,3.85
2024-01-06,DEV_00015,101.66
2024-01-27,DEV_00046,8.38
2024-01-02,DEV_00049,10.32
2024-01-26,DEV_00141,89.42
2024-01-01,DEV_00072,107.18
2024-01-02,DEV_00122,11.11
2024-01-12,DEV_00024,27.95
2024-01-21,DEV_00031,55.94
2024-01-17,DEV_00047,20.32
2024-01-02,DEV_00132,28.94
2024-01-08,DEV_00105,10.66
2024-01-07,DEV_00113,5.06
2024-01-17,DEV_00157,7.45
2024-01-09,DEV_00075,11.18
2024-01-17,DEV_00037,60.17
2024-01-10,DEV_00013,9.39
2024-01-30,DEV_00155,17.12
2024-01-28,DEV_00153,63.88
2024-01-07,DEV_00037,44.55
2024-01-09,DEV_00039,6.6
2024-01-11,DEV_00192,14.8
2024-01-07,DEV_00152,74.94
2024-01-13,DEV_00011,31.76
2024-01-16,DEV_00119,32.97
2024-01-13,DEV_00026,11.61
2024-01-16,DEV_00176,28.98
2024-01-01,DEV_00181,2
2024-01-26,DEV_00096,3.67
2024-01-03,DEV_00175,23.45
2024-01-18,DEV_00055,15.54
2024-01-31,DEV_00013,29.93
2024-01-31,DEV_00019,33.55
2024-01-30,DEV_00113,31.07
2024-01-27,DEV_00052,16.43
2024-01-16,DEV_00155,7.54
2024-01-11,DEV_00070,14.57
2024-01-08,DEV_00199,24.72
2024-01-08,DEV_00120,26.93
2024-01-29,DEV_00141,8.59
2024-01-30,DEV_00193,36.99
2024-01-13,DEV_00146,34.83
2024-01-21,DEV_00015,18.34
2024-01-22,DEV_00005,27.87
2024-01-16,DEV_00036,25.43
2024-01-18,DEV_00135,17.12
2024-01-05,DEV_00104,15.45
2024-01-13,DEV_00146,20.18
2024-01-03,DEV_00045,8.18
2024-01-16,DEV_00157,49.76
2024-01-21,DEV_00047,44.42
2024-01-19,DEV_00096,21.58
2024-01-24,DEV_00010,5.52
2024-01-05,DEV_00145,19.3
2024-01-09,DEV_00048,44.19
2024-01-09,DEV_00141,40.01
2024-01-27,DEV_00063,27.59
2024-01-30,DEV_00068,32.61
2024-01-05,DEV_00161,19.82
2024-01-20,DEV_00030,8.19
2024-01-30,DEV_00188,7
2024-01-03,DEV_00089,22.77
2024-01-04,DEV_00181,112.51
2024-01-20,DEV_00194,6.69
2024-01-21,DEV_00037,45.08
2024-01-22,DEV_00164,36.59
2024-01-28,DEV_00181,8.42
2024-01-27,DEV_00026,68.23
2024-01-25,DEV_00016,52.88
2024-01-28,DEV_00015,5.99
2024-01-26,DEV_00108,11.2
2024-01-06,DEV_00155,22.22
2024-01-19,DEV_00108,15.12
2024-01-18,DEV_00190,20.45
2024-01-03,DEV_00030,33.32
2024-01-31,DEV_00114,7.07
2024-01-19,DEV_00136,46.39
2024-01-02,DEV_00057,10.48
2024-01-30,DEV_00055,28.94
2024-01-14,DEV_00159,9.28
2024-01-18,DEV_00174,15.77
2024-01-20,DEV_00023,67.66
2024-01-06,DEV_00177,19.95
2024-01-16,DEV_00103,25.1
2024-01-17,DEV_00178,40.98
2024-01-06,DEV_00036,34.68
2024-01-21,DEV_00194,16.7
2024-01-09,DEV_00023,7.32
2024-01-30,DEV_00102,6.37
2024-01-15,DEV_00097,37.49
2024-01-09,DEV_00078,9.86
2024-01-25,DEV_00006,28.45
2024-01-08,DEV_00046,37.5
2024-01-23,DEV_00073,14.83
2024-01-05,DEV_00158,79.62
2024-01-14,DEV_00078,22.16
2024-01-31,DEV_00117,37.14
2024-01-24,DEV_00073,16.87
2024-01-09,DEV_00199,14.04
2024-01-05,DEV_00074,5.53
2024-01-18,DEV_00062,13.26
2024-01-10,DEV_00064,19.84
2024-01-17,DEV_00150,22.25
2024-01-01,DEV_00121,39.39
2024-01-17,DEV_00034,64.34
2024-01-06,DEV_00176,35.83
2024-01-01,DEV_00052,13.12
2024-01-09,DEV_00139,6.29
2024-01-28,DEV_00060,39.89
2024-01-24,DEV_00161,46.52
2024-01-16,DEV_00047,45.85
2024-01-17,DEV_00010,8.61
2024-01-05,DEV_00005,20.4
2024-01-25,DEV_00166,9.11
2024-01-02,DEV_00179,4.77
2024-01-12,DEV_00027,35.73
2024-01-26,DEV_00135,44.63
2024-01-06,DEV_00085,16.44
2024-01-17,DEV_00113,68.6
2024-01-13,DEV_00054,8.18
2024-01-10,DEV_00075,8.54
2024-01-27,DEV_00038,8.83
2024-01-02,DEV_00191,28.29
2024-01-13,DEV_00125,12.59
2024-01-30,DEV_00137,13.14
2024-01-01,DEV_00069,7.23
2024-01-11,DEV_00188,12.93
2024-01-12,DEV_00027,34.48
2024-01-07,DEV_00164,32.69
2024-01-22,DEV_00196,19.75
2024-01-13,DEV_00168,42.03
2024-01-22,DEV_00195,29.41
2024-01-04,DEV_00134,2.68
2024-01-20,DEV_00049,9.35
2024-01-18,DEV_00115,12.75
2024-01-17,DEV_00183,24.99
2024-01-04,DEV_00134,17.23
2024-01-05,DEV_00193,81.74
2024-01-03,DEV_00041,12.98
2024-01-20,DEV_00129,27.48
2024-01-15,DEV_00136,15.56
2024-01-04,DEV_00109,51.35
2024-01-03,DEV_00122,20.74
2024-01-31,DEV_00025,41.73
2024-01-08,DEV_00050,36.05
2024-01-29,DEV_00046,4.23
2024-01-25,DEV_00004,19.6
2024-01-25,DEV_00050,30.13
2024-01-08,DEV_00110,29.71
2024-01-08,DEV_00181,2.93
2024-01-04,DEV_00046,10.24
2024-01-02,DEV_00067,19.76
2024-01-05,DEV_00152,15.22
2024-01-13,DEV_00144,6.51
2024-01-09,DEV_00098,12.9
2024-01-21,DEV_00008,4.52
2024-01-08,DEV_00055,4.02
2024-01-16,DEV_00141,4.73
2024-01-15,DEV_00096,46.52
2024-01-23,DEV_00126,14.58
2024-01-04,DEV_00173,32.84
2024-01-16,DEV_00141,24.96
2024-01-30,DEV_00056,26.26
2024-01-18,DEV_00174,2
2024-01-27,DEV_00083,7.29
2024-01-17,DEV_00198,38.87
2024-01-27,DEV_00030,12.49
2024-01-24,DEV_00058,33.24
2024-01-07,DEV_00062,76.08
2024-01-14,DEV_00095,5.38
2024-01-13,DEV_00033,34.12
2024-01-30,DEV_00160,13
2024-01-03,DEV_00096,44.38
2024-01-13,DEV_00069,130.46
2024-01-11,DEV_00032,19.56
2024-01-04,DEV_00113,34.17
2024-01-22,DEV_00029,14.08
2024-01-28,DEV_00189,28.8
2024-01-07,DEV_00099,22.29
2024-01-18,DEV_00185,11.35
2024-01-17,DEV_00190,24.95
2024-01-13,DEV_00142,10.68
2024-01-02,DEV_00085,8.17
2024-01-27,DEV_00125,24.52
2024-01-28,DEV_00110,16.54
2024-01-22,DEV_00164,10.97
2024-01-21,DEV_00094,11.95
2024-01-12,DEV_00058,25.76
2024-01-04,DEV_00163,33.61
2024-01-29,DEV_00181,24.84
2024-01-22,DEV_00193,6.78
2024-01-31,DEV_00183,24.92
2024-01-21,DEV_00180,14.88
2024-01-14,DEV_00036,24.61
2024-01-28,DEV_00139,9.84
2024-01-18,DEV_00059,67.7
2024-01-24,DEV_00048,17.33
2024-01-15,DEV_00035,18.34
2024-01-24,DEV_00065,49.52
2024-01-14,DEV_00109,16.91
2024-01-26,DEV_00097,32.48
2024-01-23,DEV_00043,5.28
2024-01-29,DEV_00195,31.45
2024-01-16,DEV_00174,107.53
2024-01-11,DEV_00079,27.73
2024-01-16,DEV_00066,8.18
2024-01-09,DEV_00026,42.23
2024-01-12,DEV_00037,21.03
2024-01-30,DEV_00025,29.12
2024-01-04,DEV_00055,6.7
2024-01-18,DEV_00040,19.09
2024-01-02,DEV_00023,15.35
2024-01-07,DEV_00156,27.47
2024-01-12,DEV_00149,27.54
2024-01-23,DEV_00034,20.52
2024-01-16,DEV_00117,42.24
2024-01-09,DEV_00154,22.67
2024-01-09,DEV_00107,7.97
2024-01-09,DEV_00013,35.29
2024-01-26,DEV_00081,10.56
2024-01-20,DEV_00146,35.42
2024-01-03,DEV_00198,20.52
2024-01-08,DEV_00079,11.52
2024-01-04,DEV_00021,10.64
2024-01-12,DEV_00126,7.43
2024-01-10,DEV_00030,14.67
2024-01-24,DEV_00130,9.74
2024-01-24,DEV_00177,11.31
2024-01-21,DEV_00184,24.65
2024-01-08,DEV_00188,11.25
2024-01-27,DEV_00124,14
2024-01-23,DEV_00011,14.3
2024-01-16,DEV_00126,26.91
2024-01-11,DEV_00138,20.67
2024-01-07,DEV_00159,13.06
2024-01-05,DEV_00168,42.08
2024-01-14,DEV_00004,7.78
2024-01-02,DEV_00108,17.99
2024-01-30,DEV_00171,6.87
2024-01-17,DEV_00119,57.11
2024-01-31,DEV_00071,19.76
2024-01-11,DEV_00076,38.68
2024-01-31,DEV_00154,83.34
2024-01-14,DEV_00063,9.31
2024-01-14,DEV_00072,23.85
2024-01-22,DEV_00016,19.47
2024-01-30,DEV_00109,16.64
2024-01-25,DEV_00086,8.79
2024-01-26,DEV_00125,9.12
2024-01-16,DEV_00171,37.49
2024-01-06,DEV_00029,37.68
2024-01-15,DEV_00023,12.33
2024-01-13,DEV_00058,12.61
2024-01-10,DEV_00039,13.14
2024-01-09,DEV_00118,14.54
2024-01-13,DEV_00025,58.96
2024-01-19,DEV_00168,8.78
2024-01-04,DEV_00042,48.84
2024-01-27,DEV_00151,12.08
2024-01-04,DEV_00111,31.08
2024-01-29,DEV_00063,20.94
2024-01-23,DEV_00074,20.36
2024-01-27,DEV_00123,46.22
2024-01-10,DEV_00135,14.47
2024-01-29,DEV_00164,34.82
2024-01-22,DEV_00083,33.67
2024-01-06,DEV_00097,30.39
2024-01-04,DEV_00062,16.71
2024-01-18,DEV_00138,17.04
2024-01-05,DEV_00164,31.2
2024-01-13,DEV_00041,14.55
2024-01-01,DEV_00158,22.81
2024-01-17,DEV_00010,36.45
2024-01-08,DEV_00128,37.99
2024-01-20,DEV_00112,8.99
2024-01-03,DEV_00087,29.37
2024-01-29,DEV_00011,19.83
2024-01-08,DEV_00119,84.87
2024-01-22,DEV_00110,17.03
2024-01-06,DEV_00133,8.22
2024-01-26,DEV_00103,23.67
2024-01-03,DEV_00029,30.27
2024-01-26,DEV_00084,8.72
2024-01-25,DEV_00112,22.77
2024-01-12,DEV_00004,12.82
2024-01-28,DEV_00008,21.85
2024-01-10,DEV_00172,23.18
2024-01-10,DEV_00105,59.17
2024-01-06,DEV_00158,125.48
2024-01-26,DEV_00084,9.94
2024-01-16,DEV_00024,8.03
2024-01-02,DEV_00075,19.36
2024-01-15,DEV_00199,5.74
2024-01-07,DEV_00200,35.1
2024-01-26,DEV_00113,4.57
2024-01-11,DEV_00050,5.37
2024-01-15,DEV_00018,34.25
2024-01-08,DEV_00057,39.27
2024-01-06,DEV_00120,3.98
2024-01-15,DEV_00058,12.91
2024-01-27,DEV_00027,29.19
2024-01-21,DEV_00050,13.32
2024-01-20,DEV_00131,20.04
2024-01-06,DEV_00009,39.66
2024-01-08,DEV_00044,5.92
2024-01-21,DEV_00060,8.14
2024-01-04,DEV_00122,30.59
2024-01-18,DEV_00188,14.51
2024-01-20,DEV_00080,10.71
2024-01-21,DEV_00184,20.38
2024-01-10,DEV_00044,11.92
2024-01-13,DEV_00146,12.56
2024-01-11,DEV_00187,47.39
2024-01-19,DEV_00063,4.06
2024-01-01,DEV_00062,16.37
2024-01-05,DEV_00001,12.68
2024-01-22,DEV_00030,18.34
2024-01-16,DEV_00118,31.24
2024-01-26,DEV_00047,25.48
2024-01-23,DEV_00075,39.5
2024-01-13,DEV_00078,14.06
2024-01-28,DEV_00120,13.15
2024-01-25,DEV_00030,16.52
2024-01-01,DEV_00148,13.09
2024-01-09,DEV_00176,43.43
2024-01-02,DEV_00191,11.44
2024-01-31,DEV_00053,21.39
2024-01-17,DEV_00023,6.76
2024-01-14,DEV_00157,15.03
2024-01-07,DEV_00197,17.46
2024-01-02,DEV_00198,12.68
2024-01-21,DEV_00036,65.26
2024-01-01,DEV_00079,9.56
2024-01-09,DEV_00115,21.79
2024-01-13,DEV_00029,16.81
2024-01-09,DEV_00113,38.06
2024-01-24,DEV_00038,5.1
2024-01-31,DEV_00049,5.21
2024-01-17,DEV_00028,43.41
2024-01-01,DEV_00003,3.85
2024-01-15,DEV_00020,9.53
2024-01-27,DEV_00135,51.4
2024-01-02,DEV_00110,17.86
2024-01-13,DEV_00174,17.54
2024-01-07,DEV_00174,5.73
2024-01-25,DEV_00146,36.76
2024-01-13,DEV_00075,18.76
2024-01-07,DEV_00150,22.45
2024-01-28,DEV_00151,33.88
2024-01-24,DEV_00183,6.54
2024-01-02,DEV_00179,26.02
2024-01-12,DEV_00127,11.72
2024-01-29,DEV_00101,121.77
2024-01-12,DEV_00003,61.58
2024-01-11,DEV_00010,17.32
2024-01-13,DEV_00067,12.55
2024-01-20,DEV_00107,6.78
2024-01-01,DEV_00028,13.67
2024-01-19,DEV_00083,19.32
2024-01-01,DEV_00036,22.33
2024-01-14,DEV_00099,41.54
2024-01-25,DEV_00154,39.61
2024-01-11,DEV_00197,13.95
2024-01-18,DEV_00073,43.23
2024-01-19,DEV_00028,6.2
2024-01-30,DEV_00186,81.05
2024-01-02,DEV_00018,55.25
2024-01-15,DEV_00098,25.99
2024-01-06,DEV_00042,27.39
2024-01-15,DEV_00052,24.64
2024-01-01,DEV_00070,8.82
2024-01-10,DEV_00081,20.21
2024-01-26,DEV_00107,19.99
2024-01-01,DEV_00165,30.89
2024-01-06,DEV_00194,59.75
2024-01-20,DEV_00197,7.54
2024-01-16,DEV_00091,10.01
2024-01-15,DEV_00125,32.43
2024-01-02,DEV_00159,19.7
2024-01-23,DEV_00074,17.88
2024-01-02,DEV_00070,36.8
2024-01-15,DEV_00037,19.54
2024-01-11,DEV_00168,13.92
2024-01-24,DEV_00074,10.11
2024-01-02,DEV_00101,27.06
2024-01-06,DEV_00192,8.75
2024-01-17,DEV_00112,4.4
2024-01-03,DEV_00086,16.63
2024-01-13,DEV_00067,38.63
2024-01-14,DEV_00094,48.04
2024-01-08,DEV_00115,23.91
2024-01-19,DEV_00132,43.26
2024-01-05,DEV_00086,13.06
2024-01-10,DEV_00044,47.1
2024-01-29,DEV_00003,76.68
2024-01-16,DEV_00103,96.32
2024-01-11,DEV_00175,42.03
2024-01-12,DEV_00180,60.08
2024-01-14,DEV_00178,5.47
2024-01-07,DEV_00089,11.61
2024-01-01,DEV_00150,20.25
2024-01-02,DEV_00190,20.78
2024-01-12,DEV_00091,66.26
2024-01-19,DEV_00191,55.08
2024-01-26,DEV_00190,30.67
2024-01-29,DEV_00102,12.89
2024-01-11,DEV_00130,36.94
2024-01-04,DEV_00096,27.28
2024-01-10,DEV_00109,140.58
2024-01-14,DEV_00149,26.85
2024-01-15,DEV_00173,37.17
2024-01-30,DEV_00179,72.45
2024-01-12,DEV_00166,53.06
2024-01-29,DEV_00196,42.37
2024-01-28,DEV_00174,18.44
2024-01-23,DEV_00050,3.51
2024-01-23,DEV_00104,66.74
2024-01-23,DEV_00083,13.41
2024-01-28,DEV_00173,42.82
2024-01-21,DEV_00088,18
2024-01-22,DEV_00055,45.96
2024-01-18,DEV_00123,21.16
2024-01-06,DEV_00062,16.43
2024-01-28,DEV_00109,8.7
2024-01-07,DEV_00075,22.06
2024-01-03,DEV_00069,7.3
2024-01-27,DEV_00024,29.82
2024-01-22,DEV_00095,15.4
2024-01-04,DEV_00031,19.5
2024-01-29,DEV_00012,23.93
2024-01-13,DEV_00017,8.63
2024-01-02,DEV_00009,18.61
2024-01-28,DEV_00115,26.04
2024-01-05,DEV_00188,37.55
2024-01-06,DEV_00191,29.34
2024-01-09,DEV_00098,30.5
2024-01-01,DEV_00185,26.07
2024-01-19,DEV_00158,23.95
2024-01-16,DEV_00028,11.75
2024-01-01,DEV_00078,3.88
2024-01-12,DEV_00173,66.67
2024-01-13,DEV_00177,5.96
2024-01-01,DEV_00014,77.1
2024-01-10,DEV_00198,25.27
2024-01-23,DEV_00097,98.59
2024-01-02,DEV_00033,34.98
2024-01-13,DEV_00194,5.07
2024-01-26,DEV_00192,18.11
2024-01-14,DEV_00106,34.06
2024-01-06,DEV_00003,18.11
2024-01-22,DEV_00126,27.35
2024-01-18,DEV_00141,11.44
2024-01-17,DEV_00184,27.38
2024-01-30,DEV_00196,11.61
2024-01-14,DEV_00159,22.59
2024-01-08,DEV_00093,29.8
2024-01-31,DEV_00026,15.94
2024-01-13,DEV_00141,18.27
2024-01-26,DEV_00043,48.89
2024-01-01,DEV_00126,21.41
2024-01-26,DEV_00037,13.93
2024-01-08,DEV_00118,73
2024-01-08,DEV_00195,28.68
2024-01-26,DEV_00048,72.63
2024-01-11,DEV_00070,20.29
2024-01-22,DEV_00159,41.54
2024-01-29,DEV_00040,8.1
2024-01-02,DEV_00079,42.06
2024-01-04,DEV_00019,49.45
2024-01-25,DEV_00028,16.12
2024-01-23,DEV_00065,26.24
2024-01-11,DEV_00166,44.99
2024-01-25,DEV_00133,22.79
2024-01-04,DEV_00034,30.03
2024-01-03,DEV_00101,79.96
2024-01-07,DEV_00066,3.53
2024-01-17,DEV_00164,17.31
2024-01-02,DEV_00054,46.78
2024-01-25,DEV_00090,64.24
2024-01-21,DEV_00186,57.87
2024-01-04,DEV_00105,31.23
2024-01-29,DEV_00135,28.23
2024-01-10,DEV_00029,17.09
2024-01-18,DEV_00014,2.77
2024-01-09,DEV_00161,20.7
2024-01-22,DEV_00004,10.26
2024-01-23,DEV_00178,3.77
2024-01-27,DEV_00005,49.28
2024-01-10,DEV_00036,16.39
2024-01-03,DEV_00163,30.94
2024-01-17,DEV_00068,32.96
2024-01-29,DEV_00018,96.93
2024-01-30,DEV_00191,10.53
2024-01-06,DEV_00073,18.85
2024-01-06,DEV_00039,17.31
2024-01-03,DEV_00029,14.97
2024-01-16,DEV_00028,25.31
2024-01-05,DEV_00191,10.24
2024-01-25,DEV_00154,8.96
2024-01-14,DEV_00078,8.76
2024-01-28,DEV_00199,14.81
2024-01-22,DEV_00075,27.88
2024-01-03,DEV_00173,9.66
2024-01-17,DEV_00186,10.45
2024-01-12,DEV_00177,18.98
2024-01-19,DEV_00176,20.69
2024-01-03,DEV_00138,97.88
2024-01-27,DEV_00132,9.96
2024-01-12,DEV_00047,95.35
2024-01-30,DEV_00172,8.02
2024-01-28,DEV_00022,12.59
2024-01-31,DEV_00113,15.75
2024-01-23,DEV_00057,7.18
2024-01-02,DEV_00170,5.5
2024-01-01,DEV_00062,7.46
2024-01-20,DEV_00086,32.86
2024-01-18,DEV_00036,5.27
2024-01-30,DEV_00102,21.81
2024-01-15,DEV_00025,4.49
2024-01-08,DEV_00017,28.02
2024-01-11,DEV_00027,59.29
2024-01-21,DEV_00137,16.67
2024-01-25,DEV_00027,30.52
2024-01-06,DEV_00036,87.43
2024-01-26,DEV_00099,47.2
2024-01-02,DEV_00120,10.36
2024-01-24,DEV_00035,19.2
2024-01-21,DEV_00009,20.23
2024-01-15,DEV_00045,9.83
2024-01-11,DEV_00056,29.04
2024-01-10,DEV_00057,10.96
2024-01-12,DEV_00150,10.93
2024-01-08,DEV_00100,12.27
2024-01-18,DEV_00020,7.55
2024-01-14,DEV_00057,18.62
2024-01-15,DEV_00172,18.51
2024-01-09,DEV_00195,11.31
2024-01-08,DEV_00014,26.63
2024-01-18,DEV_00034,8.2
2024-01-04,DEV_00057,9.48
2024-01-16,DEV_00130,122.38
2024-01-12,DEV_00019,24.75
2024-01-07,DEV_00036,55.04
2024-01-12,DEV_00005,95.46
2024-01-27,DEV_00007,66.03
2024-01-23,DEV_00083,21.84
2024-01-25,DEV_00024,5.39
2024-01-19,DEV_00080,6.86
2024-01-15,DEV_00032,4.14
2024-01-10,DEV_00180,23.63
2024-01-23,DEV_00087,20.74
2024-01-31,DEV_00146,98.99
2024-01-12,DEV_00078,24.32
2024-01-12,DEV_00169,5.34
2024-01-20,DEV_00070,59.41
2024-01-10,DEV_00131,7.74
2024-01-19,DEV_00184,6.31
2024-01-17,DEV_00046,38.91
2024-01-02,DEV_00164,30.02
2024-01-10,DEV_00014,28.79
2024-01-01,DEV_00019,2.63
2024-01-13,DEV_00094,48.68
2024-01-15,DEV_00086,27.47
2024-01-13,DEV_00073,15.31
2024-01-12,DEV_00112,17.74
2024-01-18,DEV_00183,15.64
2024-01-11,DEV_00032,68.49
2024-01-17,DEV_00043,20.34
2024-01-11,DEV_00138,15.88
2024-01-12,DEV_00083,19.62
2024-01-11,DEV_00107,62.53
2024-01-26,DEV_00140,229.69
2024-01-21,DEV_00092,18.18
2024-01-18,DEV_00107,6.25
2024-01-01,DEV_00031,5.84
2024-01-16,DEV_00169,15.18
2024-01-31,DEV_00087,53.13
2024-01-12,DEV_00166,44.24
2024-01-19,DEV_00023,9.47
2024-01-20,DEV_00018,8.46
2024-01-19,DEV_00099,47.9
2024-01-29,DEV_00074,13.82
2024-01-03,DEV_00088,46.51
2024-01-29,DEV_00144,27.53
2024-01-16,DEV_00150,12.57
2024-01-27,DEV_00153,16.64
2024-01-28,DEV_00123,62.18
2024-01-12,DEV_00009,37.92
2024-01-12,DEV_00148,17.16
2024-01-27,DEV_00021,8.85
2024-01-29,DEV_00014,126.63
2024-01-02,DEV_00070,22.1
2024-01-05,DEV_00149,10.63
2024-01-12,DEV_00016,3.64
2024-01-17,DEV_00142,16.96
2024-01-11,DEV_00193,14.93
2024-01-29,DEV_00048,16.66
2024-01-10,DEV_00088,20.04
2024-01-22,DEV_00119,25.77
2024-01-07,DEV_00017,19.07
2024-01-04,DEV_00144,25.21
2024-01-28,DEV_00120,56.69
2024-01-16,DEV_00069,70.67
2024-01-12,DEV_00059,19.75
2024-01-12,DEV_00121,45.45
2024-01-20,DEV_00121,8.58
2024-01-24,DEV_00183,11.69
2024-01-04,DEV_00088,7.68
2024-01-23,DEV_00154,15.55
2024-01-12,DEV_00161,14.14
2024-01-25,DEV_00099,17.64
2024-01-09,DEV_00074,38.57
2024-01-14,DEV_00117,19.05
2024-01-04,DEV_00117,5.87
2024-01-09,DEV_00080,21.11
2024-01-16,DEV_00119,18.1
2024-01-11,DEV_00014,14.44
2024-01-31,DEV_00089,44.83
2024-01-05,DEV_00127,42.36
2024-01-18,DEV_00119,13.37
2024-01-11,DEV_00136,43.75
2024-01-11,DEV_00016,28.48
2024-01-30,DEV_00026,90.93
2024-01-06,DEV_00020,15.63
2024-01-16,DEV_00006,15.23
2024-01-31,DEV_00113,26.48
2024-01-17,DEV_00109,7.69
2024-01-08,DEV_00093,46.41
2024-01-17,DEV_00180,22.37
2024-01-11,DEV_00190,46.17
2024-01-01,DEV_00117,42.07
2024-01-27,DEV_00167,50.57
2024-01-19,DEV_00098,17.6
2024-01-21,DEV_00103,8.46
2024-01-27,DEV_00142,12.45
2024-01-30,DEV_00037,35.34
2024-01-11,DEV_00042,43.96
2024-01-26,DEV_00116,7.87
2024-01-30,DEV_00128,9.68
2024-01-26,DEV_00136,17.53
2024-01-29,DEV_00152,13.05
2024-01-19,DEV_00073,28.4
2024-01-24,DEV_00104,9.21
2024-01-10,DEV_00038,30.22
2024-01-26,DEV_00024,39.85
2024-01-14,DEV_00127,25.92
2024-01-06,DEV_00028,9.48
2024-01-23,DEV_00016,59.04
2024-01-06,DEV_00183,17.92
2024-01-09,DEV_00004,5.18
2024-01-06,DEV_00150,10.79
2024-01-29,DEV_00192,43.73
2024-01-22,DEV_00096,24.14
2024-01-31,DEV_00088,10.64
2024-01-01,DEV_00169,252.77
2024-01-04,DEV_00030,17.38
2024-01-23,DEV_00155,9.18
2024-01-25,DEV_00170,31.5
2024-01-24,DEV_00095,25.93
2024-01-20,DEV_00176,59.33
2024-01-08,DEV_00154,12.7
2024-01-09,DEV_00001,33.97
2024-01-24,DEV_00007,11.54
2024-01-18,DEV_00085,25.81
2024-01-14,DEV_00107,22.09
2024-01-27,DEV_00015,35.79
2024-01-01,DEV_00139,35.51
2024-01-20,DEV_00043,31.14
2024-01-27,DEV_00158,10.8
2024-01-12,DEV_00002,55.24
2024-01-05,DEV_00027,19.06
2024-01-03,DEV_00198,15.37
2024-01-01,DEV_00129,9.43
2024-01-29,DEV_00056,17.51
2024-01-22,DEV_00035,18.26
2024-01-31,DEV_00102,5.74
2024-01-09,DEV_00144,8.94
2024-01-04,DEV_00153,18.54
2024-01-01,DEV_00181,13.7
2024-01-23,DEV_00181,39.59
2024-01-24,DEV_00198,35.46
2024-01-03,DEV_00122,9.7
2024-01-06,DEV_00078,12.94
2024-01-15,DEV_00054,14.75
2024-01-16,DEV_00059,9.01
2024-01-22,DEV_00061,9.9
2024-01-01,DEV_00183,5.63
2024-01-13,DEV_00024,27.25
2024-01-04,DEV_00016,16.39
2024-01-12,DEV_00022,5.72
2024-01-28,DEV_00148,7.42
2024-01-06,DEV_00167,15.98
2024-01-23,DEV_00150,11.9
2024-01-28,DEV_00185,8.32
2024-01-23,DEV_00086,15.57
2024-01-24,DEV_00123,25.48
2024-01-07,DEV_00155,12.4
2024-01-02,DEV_00033,10.09
2024-01-09,DEV_00161,29.87
2024-01-10,DEV_00054,65.67
2024-01-18,DEV_00054,30.73
2024-01-06,DEV_00125,7.48
2024-01-01,DEV_00078,37.32
2024-01-08,DEV_00196,16.43
2024-01-01,DEV_00161,15.78
2024-01-16,DEV_00127,2.46
2024-01-09,DEV_00192,29.9
2024-01-16,DEV_00184,7.21
2024-01-31,DEV_00199,69.74
2024-01-14,DEV_00183,9.01
2024-01-18,DEV_00103,11.95
2024-01-05,DEV_00094,13.62
2024-01-30,DEV_00020,5.41
2024-01-27,DEV_00075,15.18
2024-01-17,DEV_00036,32.78
2024-01-30,DEV_00198,58.43
2024-01-28,DEV_00061,43.6
2024-01-28,DEV_00092,43.11
2024-01-20,DEV_00154,18.59
2024-01-27,DEV_00082,12.35
2024-01-23,DEV_00018,16.02
2024-01-19,DEV_00071,54.32
2024-01-23,DEV_00036,10.95
2024-01-14,DEV_00129,17.27
2024-01-01,DEV_00136,5.87
2024-01-12,DEV_00017,9.26
2024-01-26,DEV_00023,37.25
2024-01-11,DEV_00008,38.18
2024-01-03,DEV_00188,25.4
2024-01-22,DEV_00184,5.89
2024-01-30,DEV_00187,22.64
2024-01-29,DEV_00099,17.17
2024-01-26,DEV_00184,59.69
2024-01-12,DEV_00011,24.94
2024-01-06,DEV_00065,8.38
2024-01-08,DEV_00130,6
2024-01-28,DEV_00142,28.04
2024-01-23,DEV_00169,8.25
2024-01-05,DEV_00095,13.71
2024-01-06,DEV_00086,32.66
2024-01-14,DEV_00055,11.25
2024-01-26,DEV_00064,18.93
2024-01-01,DEV_00111,49.61
2024-01-23,DEV_00095,75.89
2024-01-14,DEV_00042,22.52
2024-01-06,DEV_00145,40.29
2024-01-28,DEV_00153,20.14
2024-01-03,DEV_00124,12.37
2024-01-16,DEV_00161,34.14
2024-01-27,DEV_00158,27.03
2024-01-16,DEV_00037,34.31
2024-01-02,DEV_00123,23.05
2024-01-24,DEV_00158,12.17
2024-01-18,DEV_00075,12.07
2024-01-23,DEV_00062,25.08
2024-01-14,DEV_00017,69.61
2024-01-13,DEV_00172,8.35
2024-01-18,DEV_00165,15.28
2024-01-20,DEV_00144,7.6
2024-01-22,DEV_00046,22.27
2024-01-13,DEV_00189,31.05
2024-01-29,DEV_00170,42.86
2024-01-21,DEV_00169,3.22
2024-01-16,DEV_00042,8.98
2024-01-31,DEV_00141,71.2
2024-01-23,DEV_00084,39.53
2024-01-19,DEV_00037,4.8
2024-01-20,DEV_00050,51.39
2024-01-01,DEV_00133,18.02
2024-01-25,DEV_00098,8.88
2024-01-10,DEV_00061,45.65
2024-01-22,DEV_00147,8.09
2024-01-23,DEV_00001,16.66
2024-01-08,DEV_00069,18.12
2024-01-27,DEV_00137,38.59
2024-01-29,DEV_00097,23.2
2024-01-23,DEV_00004,22.1
2024-01-22,DEV_00017,20.34
2024-01-11,DEV_00142,18.75
2024-01-14,DEV_00118,17.47
2024-01-23,DEV_00071,18.27
2024-01-12,DEV_00195,25.18
2024-01-30,DEV_00195,21.12
2024-01-09,DEV_00164,62
2024-01-18,DEV_00023,144.9
2024-01-20,DEV_00183,19.95
2024-01-29,DEV_00110,11.46
2024-01-07,DEV_00048,34.31
2024-01-08,DEV_00025,13.56
2024-01-08,DEV_00195,13.44
2024-01-02,DEV_00190,30.63
2024-01-03,DEV_00102,46.77
2024-01-18,DEV_00099,29.19
2024-01-27,DEV_00086,38.25
2024-01-01,DEV_00082,12.23
2024-01-25,DEV_00199,18.82
2024-01-15,DEV_00150,21.25
2024-01-10,DEV_00112,22.64
2024-01-23,DEV_00135,26.69
2024-01-29,DEV_00161,22.2
2024-01-18,DEV_00048,11.63
2024-01-08,DEV_00057,22.22
2024-01-15,DEV_00127,13.04
2024-01-12,DEV_00161,15.52
2024-01-21,DEV_00061,36.42
2024-01-31,DEV_00138,25.09
2024-01-31,DEV_00014,22.91
2024-01-11,DEV_00177,52.3
2024-01-14,DEV_00035,28.54
2024-01-25,DEV_00164,5.92
2024-01-03,DEV_00004,47.64
2024-01-09,DEV_00143,16.25
2024-01-01,DEV_00027,16.57
2024-01-13,DEV_00112,34.62
2024-01-05,DEV_00038,15.59
2024-01-27,DEV_00179,38.24
2024-01-20,DEV_00120,43.78
2024-01-30,DEV_00040,9.56
2024-01-01,DEV_00042,11.61
2024-01-14,DEV_00019,13.39
2024-01-08,DEV_00143,15.27
2024-01-02,DEV_00102,45.47
2024-01-10,DEV_00026,8.44
2024-01-13,DEV_00101,30.33
2024-01-31,DEV_00176,24.38
2024-01-31,DEV_00047,15.45
2024-01-12,DEV_00149,37.9
2024-01-05,DEV_00078,41.66
2024-01-09,DEV_00115,27.47
2024-01-19,DEV_00048,2.6
2024-01-02,DEV_00117,29.09
2024-01-03,DEV_00074,34.1
2024-01-03,DEV_00124,22.39
2024-01-22,DEV_00150,6.89
2024-01-18,DEV_00144,11.47
2024-01-10,DEV_00061,7.78
2024-01-17,DEV_00014,36.69
2024-01-11,DEV_00096,8.17
2024-01-16,DEV_00194,28.6
2024-01-27,DEV_00187,6.67
2024-01-09,DEV_00159,28.74
2024-01-04,DEV_00124,24.93
2024-01-30,DEV_00180,15.67
2024-01-16,DEV_00047,103.78
2024-01-28,DEV_00042,21.69
2024-01-04,DEV_00087,22.78
2024-01-23,DEV_00168,49.34
2024-01-20,DEV_00012,28.71
2024-01-27,DEV_00020,21.19
2024-01-28,DEV_00016,5.27
2024-01-13,DEV_00095,34.32
2024-01-01,DEV_00131,17.18
2024-01-26,DEV_00046,45.18
2024-01-27,DEV_00117,10.15
2024-01-08,DEV_00090,23.15
2024-01-22,DEV_00151,24.79
2024-01-30,DEV_00179,105.02
2024-01-18,DEV_00007,5.89
2024-01-14,DEV_00170,7.64
2024-01-01,DEV_00128,29.8
2024-01-26,DEV_00005,14.04
2024-01-04,DEV_00130,78.17
2024-01-13,DEV_00027,24.69
2024-01-22,DEV_00115,40.11
2024-01-31,DEV_00153,64.54
2024-01-13,DEV_00126,41.87
2024-01-17,DEV_00086,14.14
2024-01-22,DEV_00182,13.16
2024-01-25,DEV_00102,1.61
2024-01-06,DEV_00159,14.21
2024-01-10,DEV_00126,53.07
2024-01-22,DEV_00068,26.51
2024-01-20,DEV_00023,2.88
2024-01-03,DEV_00018,113.14
2024-01-23,DEV_00044,19.12
2024-01-28,DEV_00126,71.26
2024-01-24,DEV_00165,15.29
2024-01-16,DEV_00086,10.67
2024-01-15,DEV_00193,34.92
2024-01-02,DEV_00045,18.67
2024-01-07,DEV_00029,37.36
2024-01-17,DEV_00016,16.07
2024-01-25,DEV_00044,15.23
2024-01-25,DEV_00149,21.2
2024-01-10,DEV_00135,25.42
2024-01-27,DEV_00165,19.26
2024-01-26,DEV_00017,22.64
2024-01-13,DEV_00108,14.16
2024-01-02,DEV_00150,18.09
2024-01-07,DEV_00102,11.98
2024-01-17,DEV_00009,8.69
2024-01-28,DEV_00126,22.74
2024-01-14,DEV_00129,10.49
2024-01-05,DEV_00002,11.73
2024-01-06,DEV_00113,21.64
2024-01-31,DEV_00179,11.83
2024-01-06,DEV_00034,44.42
2024-01-10,DEV_00063,18.27
2024-01-03,DEV_00013,51.96
2024-01-12,DEV_00038,22.03
2024-01-03,DEV_00052,18.16
2024-01-19,DEV_00071,21.55
2024-01-22,DEV_00131,30.05
2024-01-05,DEV_00087,24.05
2024-01-31,DEV_00183,27.84
2024-01-23,DEV_00054,30.97
2024-01-14,DEV_00173,44.8
2024-01-02,DEV_00028,24.87
2024-01-31,DEV_00018,57.78
2024-01-21,DEV_00137,44.57
2024-01-28,DEV_00019,24.83
2024-01-07,DEV_00094,23.62
2024-01-13,DEV_00093,20.3
2024-01-30,DEV_00032,25.2
2024-01-28,DEV_00132,27.14
2024-01-28,DEV_00023,70.55
2024-01-27,DEV_00165,6.56
2024-01-18,DEV_00137,24.43
2024-01-23,DEV_00013,6.69
2024-01-02,DEV_00130,6.01
2024-01-14,DEV_00014,82.4
2024-01-07,DEV_00062,47.55
2024-01-04,DEV_00167,84.24
2024-01-05,DEV_00010,44.06
2024-01-01,DEV_00087,6.13
2024-01-16,DEV_00178,37.45
2024-01-09,DEV_00061,20.91
2024-01-04,DEV_00183,12.12
2024-01-26,DEV_00114,38.68
2024-01-17,DEV_00122,46.97
2024-01-08,DEV_00152,5.12
2024-01-24,DEV_00181,40.02
2024-01-11,DEV_00119,6.42
2024-01-30,DEV_00103,5.24
2024-01-13,DEV_00119,43.4
2024-01-18,DEV_00153,19.11
2024-01-28,DEV_00189,82.75
2024-01-07,DEV_00131,25.34
2024-01-21,DEV_00167,4.31
2024-01-13,DEV_00150,282.43
2024-01-13,DEV_00105,3.52
2024-01-25,DEV_00077,17.63
2024-01-14,DEV_00181,13.51
2024-01-28,DEV_00190,39.58
2024-01-31,DEV_00114,8.42
2024-01-28,DEV_00078,11.92
2024-01-22,DEV_00042,43.41
2024-01-09,DEV_00135,13.11
2024-01-23,DEV_00022,67.78
2024-01-07,DEV_00126,17.33
2024-01-17,DEV_00150,35.21
2024-01-12,DEV_00069,7.05
2024-01-06,DEV_00192,3.31
2024-01-23,DEV_00020,10.94
2024-01-15,DEV_00064,39.06
2024-01-24,DEV_00163,5.28
2024-01-17,DEV_00036,19.07
2024-01-13,DEV_00026,102.02
2024-01-25,DEV_00189,34.72
2024-01-18,DEV_00097,25.49
2024-01-08,DEV_00162,3.23
2024-01-15,DEV_00010,13.74
2024-01-01,DEV_00055,12.45
2024-01-27,DEV_00064,9.18
2024-01-02,DEV_00145,7.43
2024-01-29,DEV_00193,42.01
2024-01-09,DEV_00003,51.93
2024-01-30,DEV_00068,23.3
2024-01-13,DEV_00100,40.4
2024-01-18,DEV_00076,6.45
2024-01-02,DEV_00156,13.97
2024-01-10,DEV_00146,10.6
2024-01-21,DEV_00081,20.6
2024-01-31,DEV_00103,38.01
2024-01-14,DEV_00141,18.12
2024-01-02,DEV_00176,60.03
2024-01-18,DEV_00137,14.89
2024-01-21,DEV_00164,41.74
2024-01-02,DEV_00004,30.36
2024-01-22,DEV_00171,15.77
2024-01-13,DEV_00072,69.2
2024-01-13,DEV_00167,89.89
2024-01-11,DEV_00056,88.57
2024-01-15,DEV_00199,18.51
2024-01-31,DEV_00036,46.48
2024-01-05,DEV_00063,89.1
2024-01-09,DEV_00155,35.46
2024-01-11,DEV_00131,14.54
2024-01-15,DEV_00011,11.05
2024-01-21,DEV_00088,61.69
2024-01-21,DEV_00157,23.59
2024-01-08,DEV_00030,58.19
2024-01-10,DEV_00011,12.64
2024-01-27,DEV_00083,12.36
2024-01-03,DEV_00051,13.67
2024-01-16,DEV_00050,12.19
2024-01-04,DEV_00066,39.58
2024-01-23,DEV_00068,12.27
2024-01-19,DEV_00185,30.49
2024-01-15,DEV_00039,28.57
2024-01-17,DEV_00048,60.26
2024-01-02,DEV_00145,42.74
2024-01-19,DEV_00011,5.56
2024-01-19,DEV_00098,51.58
2024-01-18,DEV_00086,6.23
2024-01-18,DEV_00106,37.71
2024-01-17,DEV_00161,26.32
2024-01-02,DEV_00036,12.18
2024-01-28,DEV_00010,35.36
2024-01-03,DEV_00078,14.18
2024-01-11,DEV_00107,23.78
2024-01-13,DEV_00093,31.17
2024-01-06,DEV_00194,14.62
2024-01-01,DEV_00121,52.81
2024-01-26,DEV_00102,6.44
2024-01-31,DEV_00024,6.57
2024-01-04,DEV_00085,82.05
2024-01-07,DEV_00171,12.09
2024-01-30,DEV_00002,63.81
2024-01-04,DEV_00107,13.42
2024-01-04,DEV_00082,14.21
2024-01-17,DEV_00140,14.4
2024-01-31,DEV_00158,17.76
2024-01-11,DEV_00143,8.27
2024-01-19,DEV_00038,43.06
2024-01-03,DEV_00110,27.35
2024-01-31,DEV_00009,9.42
2024-01-10,DEV_00120,8.92
2024-01-12,DEV_00122,94.21
2024-01-29,DEV_00043,13.69
2024-01-29,DEV_00171,14.48
2024-01-23,DEV_00112,61.17
2024-01-17,DEV_00087,20.73
2024-01-07,DEV_00029,139.06
2024-01-09,DEV_00060,11.13
2024-01-24,DEV_00175,9.5
2024-01-25,DEV_00001,7.13
2024-01-06,DEV_00176,58.36
2024-01-06,DEV_00094,4.75
2024-01-12,DEV_00062,21.16
2024-01-30,DEV_00023,11.72
2024-01-04,DEV_00051,23.74
2024-01-05,DEV_00151,17.04
2024-01-24,DEV_00074,13.27
2024-01-20,DEV_00173,42.37
2024-01-01,DEV_00093,13.58
2024-01-15,DEV_00163,22.38
2024-01-22,DEV_00079,16.03
2024-01-04,DEV_00063,23.84
2024-01-17,DEV_00155,15.19
2024-01-25,DEV_00078,19.94
2024-01-27,DEV_00149,16.55
2024-01-01,DEV_00050,16.24
2024-01-27,DEV_00110,19.95
2024-01-16,DEV_00055,22.94
2024-01-15,DEV_00113,81.93
2024-01-01,DEV_00183,10.43
2024-01-18,DEV_00076,12.7
2024-01-12,DEV_00151,29.24
2024-01-27,DEV_00187,11.85
2024-01-29,DEV_00137,29.24
2024-01-26,DEV_00031,7.24
2024-01-20,DEV_00175,36.95
2024-01-10,DEV_00084,20.99
2024-01-04,DEV_00075,32.6
2024-01-14,DEV_00158,44.45
2024-01-12,DEV_00121,5
2024-01-04,DEV_00068,29.56
2024-01-13,DEV_00033,16.04
2024-01-31,DEV_00118,28.68
2024-01-03,DEV_00030,59.32
2024-01-06,DEV_00191,16.88
2024-01-22,DEV_00101,23.05
2024-01-11,DEV_00150,30.37
2024-01-15,DEV_00070,13.02
2024-01-18,DEV_00142,7.87
2024-01-01,DEV_00124,8.35
2024-01-12,DEV_00050,17.85
2024-01-05,DEV_00165,12.59
2024-01-06,DEV_00194,25.89
2024-01-05,DEV_00191,26.4
2024-01-10,DEV_00168,7.35
2024-01-19,DEV_00177,10.14
2024-01-30,DEV_00158,32.84
2024-01-03,DEV_00040,12.48
2024-01-19,DEV_00128,89.13
2024-01-27,DEV_00194,43
2024-01-23,DEV_00070,6.13
2024-01-09,DEV_00160,7.59
2024-01-12,DEV_00200,26.55
2024-01-22,DEV_00136,11.11
2024-01-14,DEV_00168,6.12
2024-01-30,DEV_00137,15.49
2024-01-10,DEV_00001,31.34
2024-01-06,DEV_00069,4.25
2024-01-02,DEV_00155,14.45
2024-01-29,DEV_00124,34.14
2024-01-02,DEV_00096,17.04
2024-01-06,DEV_00186,20.27
2024-01-11,DEV_00191,25.93
2024-01-04,DEV_00086,13.87
2024-01-08,DEV_00154,24.23
2024-01-27,DEV_00117,12.69
2024-01-21,DEV_00072,8.58
2024-01-17,DEV_00182,7.67
2024-01-16,DEV_00113,13.52
2024-01-03,DEV_00087,3.03
2024-01-05,DEV_00007,65.13
2024-01-05,DEV_00028,36.78
2024-01-16,DEV_00162,20.08
2024-01-14,DEV_00023,21.26
2024-01-20,DEV_00098,12.36
2024-01-17,DEV_00002,36.25
2024-01-21,DEV_00133,12.28
2024-01-20,DEV_00029,31.72
2024-01-09,DEV_00179,23.49
2024-01-25,DEV_00136,18.58
2024-01-13,DEV_00187,53.33
2024-01-09,DEV_00041,4.47
2024-01-22,DEV_00192,15.24
2024-01-08,DEV_00167,54.68
2024-01-07,DEV_00162,14.56
2024-01-13,DEV_00190,25.25
2024-01-06,DEV_00036,35.31
2024-01-04,DEV_00052,30.66
2024-01-10,DEV_00129,87.83
2024-01-14,DEV_00166,17.61
2024-01-11,DEV_00094,11.83
2024-01-02,DEV_00109,10
2024-01-08,DEV_00049,26.11
2024-01-29,DEV_00053,25.23
2024-01-14,DEV_00046,4.57
2024-01-01,DEV_00024,9.01
2024-01-07,DEV_00070,25.01
2024-01-29,DEV_00180,21.37
2024-01-13,DEV_00018,11.51
2024-01-27,DEV_00162,31.27
2024-01-03,DEV_00081,24.42
2024-01-04,DEV_00159,73.23
2024-01-06,DEV_00044,20.44
2024-01-07,DEV_00187,16.96
2024-01-22,DEV_00152,28.41
2024-01-07,DEV_00098,9.16
2024-01-02,DEV_00006,20.98
2024-01-13,DEV_00043,8.96
2024-01-18,DEV_00195,27.99
2024-01-01,DEV_00164,171.94
2024-01-11,DEV_00065,24.3
2024-01-02,DEV_00080,9.46
2024-01-22,DEV_00009,47.54
2024-01-14,DEV_00055,21.82
2024-01-07,DEV_00036,49.72
2024-01-24,DEV_00051,17.41
2024-01-30,DEV_00106,60.35
2024-01-07,DEV_00123,19.22
2024-01-13,DEV_00086,11.15
2024-01-16,DEV_00076,5.92
2024-01-13,DEV_00114,49.55
2024-01-25,DEV_00015,11.73
2024-01-22,DEV_00162,21.17
2024-01-26,DEV_00145,37.14
2024-01-20,DEV_00200,44.38
2024-01-31,DEV_00191,9.67
2024-01-28,DEV_00038,8.57
2024-01-24,DEV_00010,22.98
2024-01-30,DEV_00115,14.88
2024-01-22,DEV_00145,18.75
2024-01-17,DEV_00162,11.22
2024-01-29,DEV_00031,34.86
2024-01-18,DEV_00012,16.95
2024-01-15,DEV_00153,8.79
2024-01-04,DEV_00061,2.69
2024-01-28,DEV_00049,111.16
2024-01-18,DEV_00095,1.99
2024-01-31,DEV_00176,66.48
2024-01-06,DEV_00165,17.45
2024-01-09,DEV_00056,35.65
2024-01-29,DEV_00067,18.74
2024-01-09,DEV_00103,16.8
2024-01-05,DEV_00086,44.85
2024-01-30,DEV_00078,11.18
2024-01-07,DEV_00093,15.24
2024-01-06,DEV_00020,17.28
2024-01-25,DEV_00011,21.67
2024-01-12,DEV_00023,36.37
2024-01-04,DEV_00070,25.5
2024-01-09,DEV_00115,21.55
2024-01-23,DEV_00123,35.39
2024-01-12,DEV_00126,39.45
2024-01-21,DEV_00126,28.18
2024-01-02,DEV_00037,6.7
2024-01-10,DEV_00174,4.11
2024-01-08,DEV_00013,36.58
2024-01-06,DEV_00118,9.45
2024-01-29,DEV_00156,14.34
2024-01-11,DEV_00121,35.54
2024-01-18,DEV_00065,7.48
2024-01-24,DEV_00113,50.32
2024-01-27,DEV_00020,145.13
2024-01-26,DEV_00159,29.32
2024-01-16,DEV_00097,17.68
2024-01-20,DEV_00051,59.5
2024-01-16,DEV_00024,10.52
2024-01-15,DEV_00194,32.79
2024-01-17,DEV_00032,12.56
2024-01-27,DEV_00072,10.73
2024-01-18,DEV_00050,4.47
2024-01-23,DEV_00190,14.83
2024-01-29,DEV_00089,18.41
2024-01-02,DEV_00125,26.99
2024-01-05,DEV_00120,25.71
2024-01-11,DEV_00123,19.41
2024-01-17,DEV_00160,5.9
2024-01-06,DEV_00033,24.58
2024-01-21,DEV_00113,7.14
2024-01-28,DEV_00111,12.07
2024-01-26,DEV_00138,59.31
2024-01-26,DEV_00033,39.64
2024-01-12,DEV_00072,9.8
2024-01-10,DEV_00046,17.81
2024-01-07,DEV_00151,1.88
2024-01-21,DEV_00098,8.55
2024-01-27,DEV_00073,6.82
2024-01-13,DEV_00022,91.53
2024-01-07,DEV_00084,8.24
2024-01-16,DEV_00199,13.66
2024-01-03,DEV_00068,27.03
2024-01-24,DEV_00168,72.97
2024-01-23,DEV_00128,16.82
2024-01-02,DEV_00102,18.97
2024-01-21,DEV_00113,56.57
2024-01-28,DEV_00072,17.06
2024-01-11,DEV_00197,13.48
2024-01-18,DEV_00189,7.86
2024-01-20,DEV_00172,35.77
2024-01-24,DEV_00114,31.64
2024-01-02,DEV_00156,11.76
2024-01-26,DEV_00030,22.5
2024-01-05,DEV_00034,14.86
2024-01-22,DEV_00025,37.81
2024-01-08,DEV_00113,44.19
2024-01-11,DEV_00036,41.53
2024-01-05,DEV_00099,23.1
2024-01-20,DEV_00177,7.17
2024-01-16,DEV_00121,67.75
2024-01-19,DEV_00014,24.39
2024-01-30,DEV_00154,66.84
2024-01-19,DEV_00067,21.35
2024-01-06,DEV_00113,17.4
2024-01-01,DEV_00075,19.29
2024-01-06,DEV_00173,57.45
2024-01-03,DEV_00059,36.26
2024-01-11,DEV_00065,23.05
2024-01-29,DEV_00030,8.34
2024-01-28,DEV_00007,21.09
2024-01-20,DEV_00028,20.32
2024-01-29,DEV_00146,4.93
2024-01-30,DEV_00196,11.32
2024-01-22,DEV_00034,6.1
2024-01-21,DEV_00037,35.39
2024-01-12,DEV_00195,17.65
2024-01-31,DEV_00017,42.79
2024-01-18,DEV_00123,11.23
2024-01-26,DEV_00156,16.77
2024-01-19,DEV_00055,13.56
2024-01-28,DEV_00032,11.68
2024-01-28,DEV_00154,21.73
2024-01-03,DEV_00086,43.8
2024-01-12,DEV_00174,10.23
2024-01-31,DEV_00048,173.61
2024-01-02,DEV_00121,15.91
2024-01-19,DEV_00097,19.83
2024-01-19,DEV_00180,11.06
2024-01-29,DEV_00062,22.57
2024-01-04,DEV_00102,10.1
2024-01-31,DEV_00135,55.55
2024-01-16,DEV_00183,28
2024-01-04,DEV_00008,25.65
2024-01-07,DEV_00144,53.78
2024-01-06,DEV_00162,6.11
2024-01-02,DEV_00071,10.62
2024-01-19,DEV_00150,49.37
2024-01-13,DEV_00014,53.25
2024-01-02,DEV_00133,55.99
2024-01-08,DEV_00047,54.74
2024-01-28,DEV_00131,25.01
2024-01-10,DEV_00047,123.82
2024-01-11,DEV_00162,19.02
2024-01-10,DEV_00133,24.31
2024-01-30,DEV_00066,7.4
2024-01-14,DEV_00063,9.14
2024-01-28,DEV_00043,9.97
2024-01-31,DEV_00023,20.18
2024-01-14,DEV_00197,8.39
2024-01-01,DEV_00128,59.42
2024-01-31,DEV_00165,4.45
2024-01-13,DEV_00051,59.25
2024-01-07,DEV_00150,18.24
2024-01-19,DEV_00069,23.44
2024-01-04,DEV_00083,12.1
2024-01-30,DEV_00054,27
2024-01-03,DEV_00199,17.9
2024-01-13,DEV_00183,12.33
2024-01-29,DEV_00194,39.47
2024-01-15,DEV_00169,8.32
2024-01-21,DEV_00194,52.81
2024-01-17,DEV_00010,10.33
2024-01-07,DEV_00069,6.24
2024-01-03,DEV_00014,36.04
2024-01-07,DEV_00178,12.13
2024-01-18,DEV_00018,18.01
2024-01-25,DEV_00173,118.29
2024-01-27,DEV_00176,20.13
2024-01-10,DEV_00085,25.59
2024-01-23,DEV_00108,42.54
2024-01-18,DEV_00001,54.07
2024-01-21,DEV_00176,25.75
2024-01-01,DEV_00154,12.23
2024-01-21,DEV_00083,51.84
2024-01-27,DEV_00068,47.32
2024-01-04,DEV_00035,8.06
2024-01-18,DEV_00132,21.48
2024-01-24,DEV_00102,13.52
2024-01-15,DEV_00021,49.81
2024-01-08,DEV_00021,32.37
2024-01-02,DEV_00171,8.68
2024-01-06,DEV_00117,41.66
2024-01-01,DEV_00100,15.69
2024-01-09,DEV_00094,14.76
2024-01-19,DEV_00008,8.55
2024-01-04,DEV_00020,11.01
2024-01-10,DEV_00040,27.24
2024-01-01,DEV_00150,28.86
2024-01-16,DEV_00011,35.53
2024-01-31,DEV_00164,21.37
2024-01-17,DEV_00200,47.15
2024-01-28,DEV_00129,24.9
2024-01-01,DEV_00168,22.31
2024-01-12,DEV_00166,41.1
2024-01-09,DEV_00081,3.66
2024-01-16,DEV_00057,34.8
2024-01-23,DEV_00036,26.43
2024-01-12,DEV_00200,18.22
2024-01-06,DEV_00084,35.38
2024-01-16,DEV_00087,9.98
2024-01-16,DEV_00169,18.46
2024-01-12,DEV_00014,29.25
2024-01-04,DEV_00080,139.27
2024-01-05,DEV_00100,27.45
2024-01-09,DEV_00121,48.78
2024-01-15,DEV_00082,64.28
2024-01-18,DEV_00023,28.49
2024-01-14,DEV_00163,7.78
2024-01-21,DEV_00084,10.38
2024-01-01,DEV_00036,1.91
2024-01-31,DEV_00132,5.67
2024-01-25,DEV_00199,38.83
2024-01-07,DEV_00070,9.01
2024-01-16,DEV_00094,8.9
2024-01-12,DEV_00177,40.74
2024-01-02,DEV_00023,65.58
2024-01-19,DEV_00092,2.99
2024-01-17,DEV_00150,136.86
2024-01-10,DEV_00078,30.85
2024-01-11,DEV_00052,8.3
2024-01-18,DEV_00023,72.05
2024-01-07,DEV_00142,15.39
2024-01-09,DEV_00145,24.79
2024-01-22,DEV_00011,19.97
2024-01-29,DEV_00193,9.96
2024-01-22,DEV_00082,17.52
2024-01-03,DEV_00050,23.03
2024-01-10,DEV_00168,24.81
2024-01-25,DEV_00098,3.78
2024-01-03,DEV_00059,19.94
2024-01-02,DEV_00068,11.78
2024-01-04,DEV_00114,24.45
2024-01-10,DEV_00196,17.89
2024-01-03,DEV_00146,4.99
2024-01-14,DEV_00022,41.66
2024-01-26,DEV_00100,22.33
2024-01-22,DEV_00109,10.83
2024-01-24,DEV_00115,7.26
2024-01-10,DEV_00184,10.87
2024-01-31,DEV_00077,10.07
2024-01-01,DEV_00121,23.39
2024-01-26,DEV_00003,3.89
2024-01-27,DEV_00113,18.99
2024-01-02,DEV_00158,52.95
2024-01-07,DEV_00066,18.31
2024-01-10,DEV_00165,8.18
2024-01-27,DEV_00036,37.19
2024-01-06,DEV_00101,27.56
2024-01-04,DEV_00013,15.77
2024-01-18,DEV_00108,12.1
2024-01-11,DEV_00182,10.79
2024-01-28,DEV_00174,8.37
2024-01-16,DEV_00163,51.13
2024-01-06,DEV_00097,49.31
2024-01-12,DEV_00070,51
2024-01-19,DEV_00053,8.31
2024-01-15,DEV_00064,31.52
2024-01-12,DEV_00093,17.42
2024-01-11,DEV_00072,11.9
2024-01-05,DEV_00170,14.88
2024-01-04,DEV_00126,81.58
2024-01-13,DEV_00004,8.71
2024-01-15,DEV_00086,16.64
2024-01-22,DEV_00005,22.82
2024-01-08,DEV_00081,6.41
2024-01-22,DEV_00053,42.91
2024-01-06,DEV_00059,7.71
2024-01-07,DEV_00150,77.47
2024-01-04,DEV_00132,29.66
2024-01-10,DEV_00178,23.08
2024-01-13,DEV_00091,4.62
2024-01-09,DEV_00038,18.91
2024-01-11,DEV_00148,12.94
2024-01-08,DEV_00162,31.54
2024-01-30,DEV_00123,11.37
2024-01-06,DEV_00200,13.95
2024-01-30,DEV_00059,18.01
2024-01-13,DEV_00181,7.32
2024-01-23,DEV_00109,11.3
2024-01-13,DEV_00067,67.71
2024-01-26,DEV_00178,4.02
2024-01-26,DEV_00089,14.02
2024-01-17,DEV_00038,33.62
2024-01-06,DEV_00007,6.51
2024-01-29,DEV_00150,26.2
2024-01-08,DEV_00118,11.71
2024-01-24,DEV_00186,10.46
2024-01-20,DEV_00122,8.85
2024-01-09,DEV_00164,10.12
2024-01-09,DEV_00010,39.29
2024-01-28,DEV_00184,30.89
2024-01-01,DEV_00010,6.76
2024-01-02,DEV_00185,34.08
2024-01-25,DEV_00173,27.35
2024-01-03,DEV_00089,11.97
2024-01-18,DEV_00046,6.72
2024-01-08,DEV_00042,56.67
2024-01-05,DEV_00198,9.76
2024-01-31,DEV_00155,20.25
2024-01-17,DEV_00057,34.79
2024-01-26,DEV_00089,126.44
2024-01-22,DEV_00146,6.36
2024-01-15,DEV_00104,33.88
2024-01-12,DEV_00199,9.27
2024-01-31,DEV_00080,7.52
2024-01-04,DEV_00076,74.98
2024-01-17,DEV_00035,5.06
2024-01-01,DEV_00112,30.13
2024-01-03,DEV_00041,9.38
2024-01-07,DEV_00094,11.43
2024-01-28,DEV_00030,5.62
2024-01-27,DEV_00130,14.17
2024-01-12,DEV_00065,12.19
2024-01-30,DEV_00075,8.28
2024-01-24,DEV_00045,50.69
2024-01-18,DEV_00141,10.6
2024-01-02,DEV_00161,116.4
2024-01-23,DEV_00086,23.34
2024-01-02,DEV_00176,19.68
2024-01-17,DEV_00017,12.94
2024-01-18,DEV_00099,36.41
2024-01-27,DEV_00096,22.26
2024-01-25,DEV_00129,12.39
2024-01-17,DEV_00199,14.43
2024-01-18,DEV_00015,13.25
2024-01-31,DEV_00190,37.66
2024-01-30,DEV_00094,31.77
2024-01-05,DEV_00126,11.94
2024-01-16,DEV_00161,26.43
2024-01-13,DEV_00100,30.88
2024-01-30,DEV_00068,17.91
2024-01-20,DEV_00020,20.11
2024-01-01,DEV_00004,11.76
2024-01-21,DEV_00073,35.15
2024-01-01,DEV_00056,66.61
2024-01-08,DEV_00174,24.5
2024-01-11,DEV_00034,26.61
2024-01-08,DEV_00127,41.67
2024-01-27,DEV_00114,28.03
2024-01-21,DEV_00191,30.73
2024-01-24,DEV_00153,14.38
2024-01-07,DEV_00081,10.47
2024-01-01,DEV_00081,52.8
2024-01-26,DEV_00146,24.56
2024-01-29,DEV_00168,139.17
2024-01-01,DEV_00022,14.84
2024-01-09,DEV_00079,21.89
2024-01-29,DEV_00149,11.61
2024-01-23,DEV_00020,14.69
2024-01-06,DEV_00015,7.4
2024-01-09,DEV_00181,7.42
2024-01-05,DEV_00048,22.51
2024-01-25,DEV_00166,42.98
2024-01-01,DEV_00056,32.68
2024-01-22,DEV_00003,19.66
2024-01-14,DEV_00029,8.28
2024-01-12,DEV_00176,29.09
2024-01-17,DEV_00127,171.31
2024-01-21,DEV_00002,10.52
2024-01-01,DEV_00125,5.41
2024-01-19,DEV_00107,25.21
2024-01-04,DEV_00102,25.2
2024-01-06,DEV_00011,19.79
2024-01-24,DEV_00189,13.48
2024-01-07,DEV_00023,101.51
2024-01-24,DEV_00164,81.58
2024-01-15,DEV_00027,8.89
2024-01-12,DEV_00126,20.41
2024-01-08,DEV_00057,35.54
2024-01-22,DEV_00198,7
2024-01-13,DEV_00175,65.61
2024-01-04,DEV_00095,12.27
2024-01-23,DEV_00101,10
2024-01-21,DEV_00135,18.24
2024-01-04,DEV_00177,18.88
2024-01-18,DEV_00016,4.76
2024-01-08,DEV_00142,10.73
2024-01-30,DEV_00127,25.54
2024-01-15,DEV_00008,23.69
2024-01-25,DEV_00070,73.84
2024-01-08,DEV_00189,41.94
2024-01-26,DEV_00038,18.13
2024-01-07,DEV_00012,24.38
2024-01-17,DEV_00017,6.19
2024-01-31,DEV_00157,87.11
2024-01-17,DEV_00129,37.7
2024-01-22,DEV_00125,20.66
2024-01-25,DEV_00154,57.08
2024-01-15,DEV_00118,71.32
2024-01-02,DEV_00093,38.54
2024-01-12,DEV_00195,26.89
2024-01-24,DEV_00078,66.14
2024-01-24,DEV_00115,4.53
2024-01-05,DEV_00151,39.77
2024-01-29,DEV_00200,30.43
2024-01-01,DEV_00117,9.17
2024-01-26,DEV_00182,16.82
2024-01-14,DEV_00136,65.74
2024-01-26,DEV_00032,62.94
2024-01-23,DEV_00046,34.38
2024-01-02,DEV_00173,21.74
2024-01-29,DEV_00060,29.46
2024-01-14,DEV_00079,8.05
2024-01-29,DEV_00155,103.34
2024-01-21,DEV_00124,40.19
2024-01-18,DEV_00062,20.82
2024-01-01,DEV_00134,27.65
2024-01-29,DEV_00076,23.61
2024-01-09,DEV_00181,31.26
2024-01-02,DEV_00134,34.27
2024-01-25,DEV_00098,12.49
2024-01-17,DEV_00057,20.55
2024-01-01,DEV_00192,29.7
2024-01-23,DEV_00159,35.34
2024-01-26,DEV_00188,8.31
2024-01-08,DEV_00195,19.4
2024-01-03,DEV_00127,6.52
2024-01-31,DEV_00125,73.22
2024-01-19,DEV_00018,102.26
2024-01-18,DEV_00038,11.47
2024-01-08,DEV_00033,9.14
2024-01-28,DEV_00056,59.81
2024-01-31,DEV_00070,14.19
2024-01-30,DEV_00008,29.64
2024-01-19,DEV_00087,16.9
2024-01-11,DEV_00138,41.44
2024-01-23,DEV_00168,8.53
2024-01-17,DEV_00126,15.24
2024-01-17,DEV_00001,58.24
2024-01-03,DEV_00138,24.9
2024-01-11,DEV_00087,7.8
2024-01-20,DEV_00191,22.32
2024-01-01,DEV_00117,10.38
2024-01-28,DEV_00197,21.19
2024-01-02,DEV_00121,18.67
2024-01-04,DEV_00089,82.4
2024-01-27,DEV_00014,23.08
2024-01-12,DEV_00091,8.43
2024-01-06,DEV_00070,14.24
2024-01-25,DEV_00140,30.78
2024-01-21,DEV_00087,31.07
2024-01-04,DEV_00071,7.56
2024-01-02,DEV_00026,4.8
2024-01-23,DEV_00200,9.18
2024-01-03,DEV_00182,77.51
2024-01-31,DEV_00142,26.62
2024-01-27,DEV_00032,3.84
2024-01-09,DEV_00028,17.21
2024-01-15,DEV_00045,30.26
2024-01-27,DEV_00195,40.72
2024-01-20,DEV_00105,5
2024-01-22,DEV_00161,10.68
2024-01-31,DEV_00034,19.97
2024-01-21,DEV_00081,16.11
2024-01-09,DEV_00156,129.58
2024-01-02,DEV_00141,10.67
2024-01-01,DEV_00043,23.75
2024-01-14,DEV_00037,13.53
2024-01-29,DEV_00018,21.01
2024-01-26,DEV_00004,12.89
2024-01-01,DEV_00179,22.99
2024-01-03,DEV_00196,10.1
2024-01-08,DEV_00097,26.85
2024-01-11,DEV_00152,12.55
2024-01-17,DEV_00166,3.25
2024-01-27,DEV_00061,34.58
2024-01-28,DEV_00006,9.92
2024-01-03,DEV_00171,16.7
2024-01-17,DEV_00098,13.81
2024-01-10,DEV_00007,14.86
2024-01-01,DEV_00121,37.24
2024-01-09,DEV_00124,52.05
2024-01-27,DEV_00160,16.35
2024-01-10,DEV_00091,51.15
2024-01-16,DEV_00039,53.32
2024-01-28,DEV_00025,16.87
2024-01-28,DEV_00069,29.61
2024-01-04,DEV_00049,13.88
2024-01-19,DEV_00019,14.35
2024-01-28,DEV_00113,8.08
2024-01-19,DEV_00177,4.99
2024-01-20,DEV_00178,39.91
2024-01-12,DEV_00189,24
2024-01-29,DEV_00172,16.64
2024-01-04,DEV_00075,33.19
2024-01-20,DEV_00158,13.36
2024-01-19,DEV_00063,36.51
2024-01-21,DEV_00040,8.2
2024-01-25,DEV_00183,28.87
2024-01-09,DEV_00062,31.62
2024-01-03,DEV_00109,44.47
2024-01-10,DEV_00029,13.71
2024-01-16,DEV_00023,10.65
2024-01-06,DEV_00073,19.01
2024-01-12,DEV_00057,54.06
2024-01-24,DEV_00103,24.63
2024-01-31,DEV_00096,47.89
2024-01-13,DEV_00106,5.91
2024-01-20,DEV_00160,83.66
2024-01-01,DEV_00042,3.21
2024-01-06,DEV_00147,22.36
2024-01-15,DEV_00190,30.52
2024-01-25,DEV_00180,6.17
2024-01-20,DEV_00163,11.85
2024-01-19,DEV_00014,17.86
2024-01-08,DEV_00199,62.19
2024-01-08,DEV_00091,48.1
2024-01-02,DEV_00056,10.26
2024-01-14,DEV_00100,22.87
2024-01-04,DEV_00094,11.28
2024-01-15,DEV_00122,30.49
2024-01-27,DEV_00109,19.59
2024-01-27,DEV_00026,37.49
2024-01-16,DEV_00073,66.38
2024-01-18,DEV_00026,23.61
2024-01-07,DEV_00131,16.91
2024-01-17,DEV_00097,6.03
2024-01-05,DEV_00122,16.77
2024-01-31,DEV_00104,31.53
2024-01-30,DEV_00078,35.74
2024-01-17,DEV_00075,11.19
2024-01-09,DEV_00054,15.15
2024-01-12,DEV_00193,101.59
2024-01-20,DEV_00103,56.72
2024-01-17,DEV_00004,31.93
2024-01-15,DEV_00142,18.97
2024-01-07,DEV_00036,6.35
2024-01-19,DEV_00131,18.68
2024-01-18,DEV_00132,27.89
2024-01-20,DEV_00088,18.75
2024-01-09,DEV_00109,41.36
2024-01-12,DEV_00070,33.72
2024-01-25,DEV_00011,21.15
2024-01-17,DEV_00047,47.45
2024-01-01,DEV_00117,35.91
2024-01-07,DEV_00061,6.61
2024-01-29,DEV_00070,27.98
2024-01-12,DEV_00069,14.25
2024-01-24,DEV_00182,56.8
2024-01-01,DEV_00103,10.18
2024-01-08,DEV_00005,4.37
2024-01-18,DEV_00065,10.82
2024-01-25,DEV_00197,37.38
2024-01-30,DEV_00100,20.53
2024-01-09,DEV_00170,4.41
2024-01-12,DEV_00112,30.71
2024-01-21,DEV_00036,25.52
2024-01-28,DEV_00182,14.29
2024-01-16,DEV_00038,36.15
2024-01-29,DEV_00054,16.73
2024-01-08,DEV_00077,17.18
2024-01-13,DEV_00159,38.25
2024-01-19,DEV_00048,22.92
2024-01-26,DEV_00126,48.59
2024-01-08,DEV_00125,26.06
2024-01-31,DEV_00039,94.2
2024-01-16,DEV_00169,19.42
2024-01-28,DEV_00029,14.19
2024-01-10,DEV_00124,9.98
2024-01-15,DEV_00178,38.88
2024-01-01,DEV_00188,27.78
2024-01-02,DEV_00172,36.14
2024-01-07,DEV_00044,17.33
2024-01-13,DEV_00021,38.08
2024-01-17,DEV_00151,48.95
2024-01-02,DEV_00173,48.48
2024-01-13,DEV_00072,3.22
2024-01-13,DEV_00153,8.25
2024-01-31,DEV_00101,19.21
2024-01-17,DEV_00082,23.91
2024-01-26,DEV_00050,13.75
2024-01-12,DEV_00147,54.8
2024-01-05,DEV_00028,31.26
2024-01-14,DEV_00167,14.84
2024-01-23,DEV_00085,13.88
2024-01-10,DEV_00030,53.82
2024-01-11,DEV_00046,27.68
2024-01-28,DEV_00028,36.92
2024-01-30,DEV_00050,21.84
2024-01-25,DEV_00066,14.16
2024-01-16,DEV_00144,48.01
2024-01-15,DEV_00027,128.22
2024-01-26,DEV_00010,31.77
2024-01-21,DEV_00062,24.45
2024-01-29,DEV_00130,30.65
2024-01-01,DEV_00104,15.79
2024-01-15,DEV_00117,13.86
2024-01-26,DEV_00091,30.71
2024-01-31,DEV_00062,24.6
2024-01-31,DEV_00064,33.15
2024-01-28,DEV_00163,3.47
2024-01-11,DEV_00101,29.84
2024-01-29,DEV_00183,68.04
2024-01-21,DEV_00179,20.56
2024-01-28,DEV_00174,15.23
2024-01-05,DEV_00083,29.23
2024-01-02,DEV_00045,12.65
2024-01-09,DEV_00024,51
2024-01-15,DEV_00075,13.44
2024-01-03,DEV_00135,41.97
2024-01-04,DEV_00052,69.17
2024-01-15,DEV_00175,25.45
2024-01-19,DEV_00069,44.97
2024-01-02,DEV_00088,20.5
2024-01-25,DEV_00011,24.03
2024-01-26,DEV_00078,21.05
2024-01-12,DEV_00012,58.76
2024-01-19,DEV_00116,37.82
2024-01-10,DEV_00196,13.34
2024-01-03,DEV_00103,53.2
2024-01-06,DEV_00168,7.23
2024-01-20,DEV_00093,5.23
2024-01-01,DEV_00050,40.48
2024-01-03,DEV_00150,64.71
2024-01-28,DEV_00083,41.15
2024-01-27,DEV_00113,21.12
2024-01-25,DEV_00125,11.93
2024-01-21,DEV_00138,29.23
2024-01-09,DEV_00040,27.54
2024-01-28,DEV_00007,30.52
2024-01-07,DEV_00190,4.91
2024-01-19,DEV_00075,9.65
2024-01-15,DEV_00045,14.89
2024-01-10,DEV_00178,46.21
2024-01-11,DEV_00090,21.93
2024-01-21,DEV_00006,27.52
2024-01-31,DEV_00124,81.07
2024-01-27,DEV_00107,13.05
2024-01-27,DEV_00096,49.01
2024-01-28,DEV_00117,126.63
2024-01-21,DEV_00102,92.99
2024-01-28,DEV_00059,6.75
2024-01-27,DEV_00108,5.98
2024-01-31,DEV_00157,12.17
2024-01-08,DEV_00006,38.65
2024-01-08,DEV_00108,99.64
2024-01-02,DEV_00181,13.37
2024-01-19,DEV_00176,44.66
2024-01-02,DEV_00039,37.8
2024-01-05,DEV_00165,25.2
2024-01-17,DEV_00009,6.12
2024-01-21,DEV_00176,66.11
2024-01-20,DEV_00184,8.19
2024-01-06,DEV_00154,2.91
2024-01-13,DEV_00042,17.83
2024-01-19,DEV_00173,24.48
2024-01-03,DEV_00022,101.15
2024-01-03,DEV_00193,10.23
2024-01-20,DEV_00161,36.07
2024-01-02,DEV_00070,33.93
2024-01-25,DEV_00192,8.6
2024-01-12,DEV_00115,36.95
2024-01-12,DEV_00161,49.42
2024-01-26,DEV_00105,54.95
2024-01-19,DEV_00020,59.78
2024-01-25,DEV_00159,13.81
2024-01-08,DEV_00006,19.59
2024-01-26,DEV_00105,26.79
2024-01-24,DEV_00179,7.94
2024-01-03,DEV_00196,7.58
2024-01-10,DEV_00091,101.9
2024-01-23,DEV_00077,19.49
2024-01-06,DEV_00063,18.73
2024-01-02,DEV_00057,43.28
2024-01-02,DEV_00033,14.18
2024-01-09,DEV_00107,55.43
2024-01-31,DEV_00119,28.69
2024-01-21,DEV_00197,7.03
2024-01-05,DEV_00175,45.13
2024-01-08,DEV_00134,22.1
2024-01-28,DEV_00029,22.94
2024-01-12,DEV_00010,7.61
2024-01-16,DEV_00006,22.39
2024-01-12,DEV_00052,11.05
2024-01-18,DEV_00164,10.26
2024-01-10,DEV_00106,10.2
2024-01-29,DEV_00103,19.93
2024-01-12,DEV_00138,51.68
2024-01-21,DEV_00161,30.42
2024-01-27,DEV_00183,82.67
2024-01-16,DEV_00128,32.36
2024-01-31,DEV_00018,24.45
2024-01-28,DEV_00198,27.47
2024-01-29,DEV_00177,75.41
2024-01-08,DEV_00181,4.64
2024-01-19,DEV_00005,34.3
2024-01-08,DEV_00027,42.53
2024-01-25,DEV_00123,20.09
2024-01-14,DEV_00157,61.36
2024-01-13,DEV_00002,281.22
2024-01-02,DEV_00023,28.23
2024-01-07,DEV_00095,27.66
2024-01-24,DEV_00186,11.59
2024-01-25,DEV_00003,8.22
2024-01-05,DEV_00140,18.38
2024-01-29,DEV_00104,21.8
2024-01-30,DEV_00110,2.02
2024-01-21,DEV_00037,11.51
2024-01-10,DEV_00069,10.97
2024-01-28,DEV_00137,3.44
2024-01-09,DEV_00019,8.42
2024-01-13,DEV_00136,15.39
2024-01-10,DEV_00140,60.88
2024-01-09,DEV_00086,39.83
2024-01-22,DEV_00072,23.23
2024-01-06,DEV_00104,26.71
2024-01-30,DEV_00079,26.04
2024-01-28,DEV_00017,17.08
2024-01-18,DEV_00132,14.48
2024-01-04,DEV_00020,7.7
2024-01-04,DEV_00121,40.03
2024-01-14,DEV_00086,9.47
2024-01-10,DEV_00113,7.94
2024-01-12,DEV_00194,12.57
2024-01-03,DEV_00182,5.38
2024-01-31,DEV_00028,14.99
2024-01-26,DEV_00088,8.7
2024-01-10,DEV_00189,23.32
2024-01-09,DEV_00156,38.88
2024-01-18,DEV_00067,25.29
2024-01-03,DEV_00064,4.71
2024-01-03,DEV_00120,4.98
2024-01-30,DEV_00076,12.15
2024-01-29,DEV_00039,51.31
2024-01-23,DEV_00117,13.23
2024-01-19,DEV_00121,28.07
2024-01-28,DEV_00041,26.39
2024-01-26,DEV_00065,39.87
2024-01-07,DEV_00132,162.73
2024-01-29,DEV_00080,79.11
2024-01-02,DEV_00085,29.78
2024-01-27,DEV_00126,13.5
2024-01-26,DEV_00192,11.08
2024-01-03,DEV_00164,11.9
2024-01-27,DEV_00023,12.57
2024-01-30,DEV_00134,34.27
2024-01-10,DEV_00028,4.61
2024-01-05,DEV_00024,46.23
2024-01-25,DEV_00046,153.42
2024-01-12,DEV_00026,13.03
2024-01-30,DEV_00183,21.79
2024-01-04,DEV_00183,9.61
2024-01-31,DEV_00123,49.79
2024-01-05,DEV_00015,12.2
2024-01-20,DEV_00152,23.31
2024-01-22,DEV_00098,101.8
2024-01-10,DEV_00039,38.76
2024-01-06,DEV_00003,44.25
2024-01-24,DEV_00053,5.67
2024-01-24,DEV_00022,3
2024-01-21,DEV_00173,25.93
2024-01-29,DEV_00058,41.14
2024-01-13,DEV_00139,13.79
2024-01-16,DEV_00081,5.54
2024-01-05,DEV_00185,20.89
2024-01-08,DEV_00043,72.87
2024-01-18,DEV_00123,16.63
2024-01-13,DEV_00149,20.89
2024-01-14,DEV_00128,29.91
2024-01-27,DEV_00017,20.09
2024-01-18,DEV_00183,5.78
2024-01-07,DEV_00109,22.06
2024-01-06,DEV_00102,14.64
2024-01-24,DEV_00067,14.15
2024-01-07,DEV_00189,11.34
2024-01-20,DEV_00043,35.79
2024-01-03,DEV_00187,24.09
2024-01-19,DEV_00046,27.94
2024-01-15,DEV_00027,22.13
2024-01-18,DEV_00045,33.07
2024-01-31,DEV_00143,39.56
2024-01-24,DEV_00183,49.3
2024-01-20,DEV_00070,8.54
2024-01-16,DEV_00192,9.99
2024-01-11,DEV_00187,17.5
2024-01-12,DEV_00065,22.04
2024-01-20,DEV_00014,18.59
2024-01-07,DEV_00008,8.59
2024-01-11,DEV_00093,15.81
2024-01-16,DEV_00057,11.34
2024-01-24,DEV_00016,29.77
2024-01-09,DEV_00182,27.51
2024-01-06,DEV_00004,8.21
2024-01-03,DEV_00188,34.75
2024-01-31,DEV_00152,10.23
2024-01-13,DEV_00033,26.93
2024-01-26,DEV_00184,11.17
2024-01-02,DEV_00096,27.47
2024-01-19,DEV_00046,46.5
2024-01-30,DEV_00026,17.62
2024-01-06,DEV_00174,42.89
2024-01-02,DEV_00105,14.34
2024-01-24,DEV_00151,22.11
2024-01-01,DEV_00122,44.93
2024-01-04,DEV_00048,13.27
2024-01-01,DEV_00175,19.87
2024-01-04,DEV_00150,11.24
2024-01-02,DEV_00165,4.41
2024-01-04,DEV_00144,14.26
2024-01-19,DEV_00140,27.74
2024-01-09,DEV_00044,33.89
2024-01-23,DEV_00151,18.3
2024-01-13,DEV_00055,11.83
2024-01-13,DEV_00024,39.39
2024-01-25,DEV_00098,6.88
2024-01-05,DEV_00136,37.38
2024-01-30,DEV_00119,27.26
2024-01-20,DEV_00083,4.28
2024-01-20,DEV_00087,6.86
2024-01-23,DEV_00129,24.22
2024-01-30,DEV_00063,9.15
2024-01-07,DEV_00151,20.73
2024-01-21,DEV_00153,3.38
2024-01-29,DEV_00194,24.79
2024-01-01,DEV_00191,30.97
2024-01-19,DEV_00074,25.43
2024-01-03,DEV_00139,105.86
2024-01-11,DEV_00137,12.82
2024-01-27,DEV_00143,7.11
2024-01-02,DEV_00068,56.59
2024-01-27,DEV_00089,14.96
2024-01-31,DEV_00097,14.12
2024-01-05,DEV_00077,11.96
2024-01-18,DEV_00159,59.88
2024-01-28,DEV_00149,18.42
2024-01-19,DEV_00041,58.46
2024-01-23,DEV_00160,25.69
2024-01-07,DEV_00077,7.23
2024-01-27,DEV_00100,23.23
2024-01-23,DEV_00151,36.57
2024-01-25,DEV_00010,16.7
2024-01-03,DEV_00069,13.03
2024-01-10,DEV_00071,40.08
2024-01-17,DEV_00120,60.95
2024-01-28,DEV_00002,17.3
2024-01-25,DEV_00108,25.09
2024-01-02,DEV_00021,15.46
2024-01-11,DEV_00018,204.58
2024-01-25,DEV_00100,10.42
2024-01-09,DEV_00092,4.15
2024-01-02,DEV_00078,12.29
2024-01-20,DEV_00169,17.03
2024-01-01,DEV_00082,7
2024-01-07,DEV_00080,24.86
2024-01-30,DEV_00115,18.56
2024-01-01,DEV_00112,22.65
2024-01-15,DEV_00196,17.81
2024-01-24,DEV_00086,15.76
2024-01-20,DEV_00075,59.6
2024-01-29,DEV_00027,6.66
2024-01-07,DEV_00071,7.02
2024-01-04,DEV_00192,4.33
2024-01-19,DEV_00035,35.08
2024-01-21,DEV_00075,27.58
2024-01-02,DEV_00037,14.46
2024-01-16,DEV_00106,165.77
2024-01-20,DEV_00145,28.59
2024-01-24,DEV_00115,52.33
2024-01-25,DEV_00129,6.43
2024-01-28,DEV_00028,15.72
2024-01-06,DEV_00014,80.34
2024-01-04,DEV_00121,16.54
2024-01-25,DEV_00183,50.26
2024-01-05,DEV_00125,18.83
2024-01-05,DEV_00129,17.7
2024-01-22,DEV_00061,36.98
2024-01-22,DEV_00159,27.03
2024-01-05,DEV_00083,94.98
2024-01-07,DEV_00064,27.83
2024-01-20,DEV_00023,37.8
2024-01-08,DEV_00068,2.28
2024-01-29,DEV_00076,9.43
2024-01-18,DEV_00011,44.47
2024-01-07,DEV_00050,8.6
2024-01-16,DEV_00116,6.83
2024-01-23,DEV_00005,41.74
2024-01-13,DEV_00100,58.19
2024-01-02,DEV_00073,15.48
2024-01-29,DEV_00144,23.7
2024-01-02,DEV_00035,44.82
2024-01-18,DEV_00141,12.71
2024-01-30,DEV_00024,25.4
2024-01-12,DEV_00137,29.05
2024-01-11,DEV_00157,14.22
2024-01-17,DEV_00015,38.41
2024-01-23,DEV_00014,30.5
2024-01-08,DEV_00168,17.24
2024-01-18,DEV_00139,24.2
2024-01-20,DEV_00040,9.95
2024-01-13,DEV_00111,30.12
2024-01-10,DEV_00025,57.95
2024-01-05,DEV_00024,4
2024-01-03,DEV_00187,50.71
2024-01-11,DEV_00030,4.27
2024-01-01,DEV_00119,15
2024-01-07,DEV_00070,32.67
2024-01-19,DEV_00001,8.69
2024-01-14,DEV_00156,15.55
2024-01-31,DEV_00024,30.39
2024-01-25,DEV_00137,17.56
2024-01-28,DEV_00013,9.32
2024-01-01,DEV_00122,41.36
2024-01-27,DEV_00130,6.16
2024-01-15,DEV_00198,17.19
2024-01-23,DEV_00060,15.62
2024-01-02,DEV_00068,3.19
2024-01-14,DEV_00085,2.91
2024-01-18,DEV_00035,89.51
2024-01-03,DEV_00064,27.06
2024-01-25,DEV_00136,10.01
2024-01-12,DEV_00024,26.31
2024-01-28,DEV_00133,8.13
2024-01-13,DEV_00047,27.64
2024-01-30,DEV_00143,9.89
2024-01-06,DEV_00098,69.82
2024-01-29,DEV_00181,18.89
2024-01-16,DEV_00131,7.15
2024-01-24,DEV_00067,16.97
2024-01-19,DEV_00107,34.88
2024-01-14,DEV_00150,15.89
2024-01-28,DEV_00124,19.46
2024-01-02,DEV_00123,33.24
2024-01-05,DEV_00044,17.56
2024-01-03,DEV_00087,14.12
2024-01-06,DEV_00157,42.61
2024-01-07,DEV_00120,14.77
2024-01-15,DEV_00113,32.05
2024-01-30,DEV_00073,39.08
2024-01-09,DEV_00017,64.54
2024-01-03,DEV_00120,6.3
2024-01-04,DEV_00045,22.83
2024-01-15,DEV_00045,32.34
2024-01-29,DEV_00054,12.26
2024-01-25,DEV_00039,35.57
2024-01-06,DEV_00030,37.79
2024-01-10,DEV_00149,48.24
2024-01-01,DEV_00142,22.72
2024-01-25,DEV_00066,6.75
2024-01-28,DEV_00118,26.24
2024-01-14,DEV_00109,21.33
2024-01-23,DEV_00078,5.77
2024-01-27,DEV_00105,15.83
2024-01-25,DEV_00098,11.32
2024-01-10,DEV_00076,15.24
2024-01-13,DEV_00135,91.1
2024-01-18,DEV_00007,340.85
2024-01-16,DEV_00057,15.14
2024-01-19,DEV_00180,15.04
2024-01-23,DEV_00143,22.03
2024-01-18,DEV_00095,11.54
2024-01-16,DEV_00156,14.91
2024-01-26,DEV_00068,6.8
2024-01-10,DEV_00184,8.32
2024-01-15,DEV_00198,5.48
2024-01-23,DEV_00063,15.41
2024-01-25,DEV_00065,61.9
2024-01-22,DEV_00029,11.63
2024-01-12,DEV_00081,53.48
2024-01-01,DEV_00191,61.16
2024-01-04,DEV_00014,35.33
2024-01-25,DEV_00070,12.42
2024-01-29,DEV_00188,42.89
2024-01-01,DEV_00135,11.36
2024-01-10,DEV_00028,83.21
2024-01-25,DEV_00051,5.95
2024-01-30,DEV_00198,31.62
2024-01-19,DEV_00021,25.44
2024-01-28,DEV_00181,7.05
2024-01-04,DEV_00089,14.67
2024-01-20,DEV_00090,34.55
2024-01-22,DEV_00169,40.06
2024-01-29,DEV_00183,19.38
2024-01-06,DEV_00107,15.97
2024-01-23,DEV_00176,14.63
2024-01-08,DEV_00040,9.73
2024-01-27,DEV_00200,11.87
2024-01-31,DEV_00175,23.62
2024-01-26,DEV_00068,55.5
2024-01-03,DEV_00132,18.8
2024-01-13,DEV_00014,13.78
2024-01-24,DEV_00034,14.28
2024-01-29,DEV_00145,26.09
2024-01-14,DEV_00051,16.04
2024-01-02,DEV_00084,11.87
2024-01-09,DEV_00136,36.19
2024-01-12,DEV_00162,13.02
2024-01-20,DEV_00143,40.25
2024-01-26,DEV_00184,13.03
2024-01-23,DEV_00089,18.98
2024-01-18,DEV_00088,31.22
2024-01-27,DEV_00090,15.7
2024-01-17,DEV_00163,22.82
2024-01-05,DEV_00039,48.64
2024-01-25,DEV_00016,21.73
2024-01-14,DEV_00184,24.4
2024-01-29,DEV_00023,47.73
2024-01-31,DEV_00013,28.68
2024-01-17,DEV_00183,8.67
2024-01-04,DEV_00198,25.42
2024-01-23,DEV_00057,6.18
2024-01-15,DEV_00046,4.84
2024-01-14,DEV_00066,39.51
2024-01-14,DEV_00091,28.79
2024-01-16,DEV_00022,18.61
2024-01-30,DEV_00181,15.52
2024-01-25,DEV_00061,28.2
2024-01-01,DEV_00014,44.98
2024-01-06,DEV_00063,42.13
2024-01-18,DEV_00003,92.23
2024-01-07,DEV_00042,54.96
2024-01-20,DEV_00141,30.71
2024-01-22,DEV_00029,28.33
2024-01-24,DEV_00101,48.65
2024-01-13,DEV_00198,15.28
2024-01-05,DEV_00103,49.51
2024-01-15,DEV_00014,23.8
2024-01-24,DEV_00067,59.97
2024-01-29,DEV_00125,73.84
2024-01-17,DEV_00047,32.25
2024-01-05,DEV_00151,66.8
2024-01-25,DEV_00034,8.12
2024-01-13,DEV_00066,16.8
2024-01-28,DEV_00128,53.3
2024-01-17,DEV_00131,58.87
2024-01-15,DEV_00090,33.94
2024-01-24,DEV_00018,16.21
2024-01-15,DEV_00065,24.77
2024-01-06,DEV_00015,13.46
2024-01-18,DEV_00154,15.53
2024-01-23,DEV_00138,26.01
2024-01-28,DEV_00199,17.11
2024-01-23,DEV_00065,15.73
2024-01-15,DEV_00178,12.85
2024-01-20,DEV_00077,50.99
2024-01-11,DEV_00121,74.85
2024-01-12,DEV_00194,16.89
2024-01-27,DEV_00046,25.55
2024-01-07,DEV_00054,4.51
2024-01-05,DEV_00179,12.2
2024-01-12,DEV_00180,12.47
2024-01-19,DEV_00168,32.74
2024-01-14,DEV_00054,72.82
2024-01-23,DEV_00087,61.23
2024-01-10,DEV_00180,24.8
2024-01-28,DEV_00109,40.74
2024-01-24,DEV_00005,20.5
2024-01-14,DEV_00122,23.2
2024-01-13,DEV_00179,14.37
2024-01-29,DEV_00066,65.56
2024-01-09,DEV_00148,79.52
2024-01-04,DEV_00066,90.86
2024-01-02,DEV_00148,4.94
2024-01-08,DEV_00144,114.41
2024-01-04,DEV_00077,56.62
2024-01-17,DEV_00001,7.26
2024-01-26,DEV_00143,14.91
2024-01-02,DEV_00014,18.54
2024-01-16,DEV_00028,78.8
2024-01-12,DEV_00057,9.03
2024-01-22,DEV_00172,19.45
2024-01-09,DEV_00193,16.14
2024-01-04,DEV_00042,48.94
2024-01-02,DEV_00048,126.39
2024-01-24,DEV_00169,64.26
2024-01-05,DEV_00184,33.55
2024-01-16,DEV_00011,19.12
2024-01-17,DEV_00033,5.18
2024-01-04,DEV_00032,47.34
2024-01-03,DEV_00170,8.36
2024-01-10,DEV_00117,23.1
2024-01-29,DEV_00142,13.94
2024-01-04,DEV_00093,39.09
2024-01-31,DEV_00176,33.95
2024-01-06,DEV_00027,12.9
2024-01-09,DEV_00167,16.52
2024-01-08,DEV_00097,19.22
2024-01-01,DEV_00042,26.43
2024-01-29,DEV_00023,39.66
2024-01-04,DEV_00178,23.56
2024-01-05,DEV_00015,15.45
2024-01-30,DEV_00122,28.64
2024-01-23,DEV_00168,4.63
2024-01-17,DEV_00165,56.94
2024-01-30,DEV_00198,17.82
2024-01-20,DEV_00008,30.89
2024-01-28,DEV_00004,14.76
2024-01-15,DEV_00069,36.9
2024-01-05,DEV_00057,14.75
2024-01-10,DEV_00168,16.81
2024-01-08,DEV_00137,18.22
2024-01-18,DEV_00119,3.61
2024-01-28,DEV_00185,2.43
2024-01-12,DEV_00036,33.81
2024-01-09,DEV_00164,29.67
2024-01-19,DEV_00097,12.43
2024-01-01,DEV_00152,39.43
2024-01-31,DEV_00144,25.92
2024-01-20,DEV_00131,7.41
2024-01-15,DEV_00123,17.78
2024-01-02,DEV_00178,71.72
2024-01-24,DEV_00103,48.46
2024-01-16,DEV_00061,26.16
2024-01-19,DEV_00059,44.54
2024-01-03,DEV_00126,13.82
2024-01-11,DEV_00200,4.24
2024-01-04,DEV_00194,34.85
2024-01-27,DEV_00194,13.87
2024-01-15,DEV_00107,12.85
2024-01-24,DEV_00142,24.08
2024-01-01,DEV_00170,12.04
2024-01-08,DEV_00152,34.96
2024-01-22,DEV_00131,12.44
2024-01-18,DEV_00145,3.99
2024-01-08,DEV_00096,15.08
2024-01-16,DEV_00071,8.42
2024-01-28,DEV_00031,32.83
2024-01-02,DEV_00002,9.52
2024-01-01,DEV_00099,49.52
2024-01-17,DEV_00074,30.99
2024-01-21,DEV_00049,40.24
2024-01-25,DEV_00119,40.43
2024-01-23,DEV_00040,40.73
2024-01-31,DEV_00135,18.57
2024-01-29,DEV_00072,43.33
2024-01-25,DEV_00138,8.42
2024-01-10,DEV_00182,53.62
2024-01-16,DEV_00093,6.37
2024-01-28,DEV_00043,2.35
2024-01-29,DEV_00162,18.01
2024-01-23,DEV_00099,191.77
2024-01-28,DEV_00137,53.32
2024-01-25,DEV_00014,40.77
2024-01-02,DEV_00158,20.02
2024-01-14,DEV_00181,20.42
2024-01-14,DEV_00137,18.77
2024-01-20,DEV_00177,9.14
2024-01-28,DEV_00198,70.22
2024-01-31,DEV_00058,16.59
2024-01-12,DEV_00197,10.72
2024-01-09,DEV_00083,16.32
2024-01-25,DEV_00130,15
2024-01-26,DEV_00123,38.64
2024-01-24,DEV_00091,34.64
2024-01-04,DEV_00169,22.32
2024-01-11,DEV_00014,4.98
2024-01-12,DEV_00126,8.26
2024-01-26,DEV_00094,41.81
2024-01-26,DEV_00131,22.23
2024-01-15,DEV_00013,13.49
2024-01-03,DEV_00155,34
2024-01-23,DEV_00029,17.6
2024-01-11,DEV_00078,11.49
2024-01-04,DEV_00007,11.68
2024-01-27,DEV_00045,33.31
2024-01-15,DEV_00170,2.64
2024-01-12,DEV_00188,34.71
2024-01-15,DEV_00057,11.39
2024-01-11,DEV_00197,13.49
2024-01-16,DEV_00084,28
2024-01-23,DEV_00178,141.78
2024-01-16,DEV_00101,20.3
2024-01-20,DEV_00050,3.79
2024-01-08,DEV_00163,15.56
2024-01-05,DEV_00108,53.14
2024-01-30,DEV_00026,28.46
2024-01-01,DEV_00007,42.14
2024-01-21,DEV_00065,29.8
2024-01-16,DEV_00184,13.22
2024-01-14,DEV_00118,30.36
2024-01-06,DEV_00189,5.68